Handle,Title,Body (HTML),Vendor,Type,Tags,Published,Option1 Name,Option1 Value,Option2 Name,Option2 Value,Option3 Name,Option3 Value,Variant SKU,Variant Grams,Variant Inventory Tracker,Variant Inventory Policy,Variant Fulfillment Service,Variant Price,Variant Compare At Price,Variant Requires Shipping,Variant Taxable,Status
ipad-9th-gen,iPad (9th gen),"<p>iPad (9th gen). Professionally refurbished, tested on up to 100 points, wiped and reset. Cellular models are unlocked. 1-year warranty and free 30-day returns.</p><p><strong>Premium</strong> grade includes a brand-new battery.</p>",Apple,Tablet,"condition:refurbished, iPad, Apple, Tablets",TRUE,Condition,Fair,Storage,64GB Wi-Fi,Color,Space Gray,IPAD-9TH-GEN-64GBWI-FI-SPACEGRAY-FAIR,600,,deny,manual,90.99,329.00,TRUE,TRUE,draft
ipad-9th-gen,iPad (9th gen),,,,,,Condition,Fair,Storage,64GB Wi-Fi,Color,Silver,IPAD-9TH-GEN-64GBWI-FI-SILVER-FAIR,600,,deny,manual,90.99,329.00,TRUE,TRUE,
ipad-9th-gen,iPad (9th gen),,,,,,Condition,Fair,Storage,64GB Wi-Fi + Cellular,Color,Space Gray,IPAD-9TH-GEN-64GBWI-FIPLUSCELLULAR-SPACEGRAY-FAIR,600,,deny,manual,148.99,459.00,TRUE,TRUE,
ipad-9th-gen,iPad (9th gen),,,,,,Condition,Fair,Storage,64GB Wi-Fi + Cellular,Color,Silver,IPAD-9TH-GEN-64GBWI-FIPLUSCELLULAR-SILVER-FAIR,600,,deny,manual,148.99,459.00,TRUE,TRUE,
ipad-9th-gen,iPad (9th gen),,,,,,Condition,Fair,Storage,256GB Wi-Fi,Color,Space Gray,IPAD-9TH-GEN-256GBWI-FI-SPACEGRAY-FAIR,600,,deny,manual,157.99,479.00,TRUE,TRUE,
ipad-9th-gen,iPad (9th gen),,,,,,Condition,Fair,Storage,256GB Wi-Fi,Color,Silver,IPAD-9TH-GEN-256GBWI-FI-SILVER-FAIR,600,,deny,manual,157.99,479.00,TRUE,TRUE,
ipad-9th-gen,iPad (9th gen),,,,,,Condition,Fair,Storage,256GB Wi-Fi + Cellular,Color,Space Gray,IPAD-9TH-GEN-256GBWI-FIPLUSCELLULAR-SPACEGRAY-FAIR,600,,deny,manual,216.99,609.00,TRUE,TRUE,
ipad-9th-gen,iPad (9th gen),,,,,,Condition,Fair,Storage,256GB Wi-Fi + Cellular,Color,Silver,IPAD-9TH-GEN-256GBWI-FIPLUSCELLULAR-SILVER-FAIR,600,,deny,manual,216.99,609.00,TRUE,TRUE,
ipad-9th-gen,iPad (9th gen),,,,,,Condition,Good,Storage,64GB Wi-Fi,Color,Space Gray,IPAD-9TH-GEN-64GBWI-FI-SPACEGRAY-GOOD,600,,deny,manual,100.99,329.00,TRUE,TRUE,
ipad-9th-gen,iPad (9th gen),,,,,,Condition,Good,Storage,64GB Wi-Fi,Color,Silver,IPAD-9TH-GEN-64GBWI-FI-SILVER-GOOD,600,,deny,manual,100.99,329.00,TRUE,TRUE,
ipad-9th-gen,iPad (9th gen),,,,,,Condition,Good,Storage,64GB Wi-Fi + Cellular,Color,Space Gray,IPAD-9TH-GEN-64GBWI-FIPLUSCELLULAR-SPACEGRAY-GOOD,600,,deny,manual,158.99,459.00,TRUE,TRUE,
ipad-9th-gen,iPad (9th gen),,,,,,Condition,Good,Storage,64GB Wi-Fi + Cellular,Color,Silver,IPAD-9TH-GEN-64GBWI-FIPLUSCELLULAR-SILVER-GOOD,600,,deny,manual,158.99,459.00,TRUE,TRUE,
ipad-9th-gen,iPad (9th gen),,,,,,Condition,Good,Storage,256GB Wi-Fi,Color,Space Gray,IPAD-9TH-GEN-256GBWI-FI-SPACEGRAY-GOOD,600,,deny,manual,167.99,479.00,TRUE,TRUE,
ipad-9th-gen,iPad (9th gen),,,,,,Condition,Good,Storage,256GB Wi-Fi,Color,Silver,IPAD-9TH-GEN-256GBWI-FI-SILVER-GOOD,600,,deny,manual,167.99,479.00,TRUE,TRUE,
ipad-9th-gen,iPad (9th gen),,,,,,Condition,Good,Storage,256GB Wi-Fi + Cellular,Color,Space Gray,IPAD-9TH-GEN-256GBWI-FIPLUSCELLULAR-SPACEGRAY-GOOD,600,,deny,manual,226.99,609.00,TRUE,TRUE,
ipad-9th-gen,iPad (9th gen),,,,,,Condition,Good,Storage,256GB Wi-Fi + Cellular,Color,Silver,IPAD-9TH-GEN-256GBWI-FIPLUSCELLULAR-SILVER-GOOD,600,,deny,manual,226.99,609.00,TRUE,TRUE,
ipad-9th-gen,iPad (9th gen),,,,,,Condition,Excellent,Storage,64GB Wi-Fi,Color,Space Gray,IPAD-9TH-GEN-64GBWI-FI-SPACEGRAY-EXCELLENT,600,,deny,manual,112.99,329.00,TRUE,TRUE,
ipad-9th-gen,iPad (9th gen),,,,,,Condition,Excellent,Storage,64GB Wi-Fi,Color,Silver,IPAD-9TH-GEN-64GBWI-FI-SILVER-EXCELLENT,600,,deny,manual,112.99,329.00,TRUE,TRUE,
ipad-9th-gen,iPad (9th gen),,,,,,Condition,Excellent,Storage,64GB Wi-Fi + Cellular,Color,Space Gray,IPAD-9TH-GEN-64GBWI-FIPLUSCELLULAR-SPACEGRAY-EXCELLENT,600,,deny,manual,170.99,459.00,TRUE,TRUE,
ipad-9th-gen,iPad (9th gen),,,,,,Condition,Excellent,Storage,64GB Wi-Fi + Cellular,Color,Silver,IPAD-9TH-GEN-64GBWI-FIPLUSCELLULAR-SILVER-EXCELLENT,600,,deny,manual,170.99,459.00,TRUE,TRUE,
ipad-9th-gen,iPad (9th gen),,,,,,Condition,Excellent,Storage,256GB Wi-Fi,Color,Space Gray,IPAD-9TH-GEN-256GBWI-FI-SPACEGRAY-EXCELLENT,600,,deny,manual,179.99,479.00,TRUE,TRUE,
ipad-9th-gen,iPad (9th gen),,,,,,Condition,Excellent,Storage,256GB Wi-Fi,Color,Silver,IPAD-9TH-GEN-256GBWI-FI-SILVER-EXCELLENT,600,,deny,manual,179.99,479.00,TRUE,TRUE,
ipad-9th-gen,iPad (9th gen),,,,,,Condition,Excellent,Storage,256GB Wi-Fi + Cellular,Color,Space Gray,IPAD-9TH-GEN-256GBWI-FIPLUSCELLULAR-SPACEGRAY-EXCELLENT,600,,deny,manual,238.99,609.00,TRUE,TRUE,
ipad-9th-gen,iPad (9th gen),,,,,,Condition,Excellent,Storage,256GB Wi-Fi + Cellular,Color,Silver,IPAD-9TH-GEN-256GBWI-FIPLUSCELLULAR-SILVER-EXCELLENT,600,,deny,manual,238.99,609.00,TRUE,TRUE,
ipad-9th-gen,iPad (9th gen),,,,,,Condition,Premium,Storage,64GB Wi-Fi,Color,Space Gray,IPAD-9TH-GEN-64GBWI-FI-SPACEGRAY-PREMIUM,600,,deny,manual,125.99,329.00,TRUE,TRUE,
ipad-9th-gen,iPad (9th gen),,,,,,Condition,Premium,Storage,64GB Wi-Fi,Color,Silver,IPAD-9TH-GEN-64GBWI-FI-SILVER-PREMIUM,600,,deny,manual,125.99,329.00,TRUE,TRUE,
ipad-9th-gen,iPad (9th gen),,,,,,Condition,Premium,Storage,64GB Wi-Fi + Cellular,Color,Space Gray,IPAD-9TH-GEN-64GBWI-FIPLUSCELLULAR-SPACEGRAY-PREMIUM,600,,deny,manual,183.99,459.00,TRUE,TRUE,
ipad-9th-gen,iPad (9th gen),,,,,,Condition,Premium,Storage,64GB Wi-Fi + Cellular,Color,Silver,IPAD-9TH-GEN-64GBWI-FIPLUSCELLULAR-SILVER-PREMIUM,600,,deny,manual,183.99,459.00,TRUE,TRUE,
ipad-9th-gen,iPad (9th gen),,,,,,Condition,Premium,Storage,256GB Wi-Fi,Color,Space Gray,IPAD-9TH-GEN-256GBWI-FI-SPACEGRAY-PREMIUM,600,,deny,manual,192.99,479.00,TRUE,TRUE,
ipad-9th-gen,iPad (9th gen),,,,,,Condition,Premium,Storage,256GB Wi-Fi,Color,Silver,IPAD-9TH-GEN-256GBWI-FI-SILVER-PREMIUM,600,,deny,manual,192.99,479.00,TRUE,TRUE,
ipad-9th-gen,iPad (9th gen),,,,,,Condition,Premium,Storage,256GB Wi-Fi + Cellular,Color,Space Gray,IPAD-9TH-GEN-256GBWI-FIPLUSCELLULAR-SPACEGRAY-PREMIUM,600,,deny,manual,251.99,609.00,TRUE,TRUE,
ipad-9th-gen,iPad (9th gen),,,,,,Condition,Premium,Storage,256GB Wi-Fi + Cellular,Color,Silver,IPAD-9TH-GEN-256GBWI-FIPLUSCELLULAR-SILVER-PREMIUM,600,,deny,manual,251.99,609.00,TRUE,TRUE,
ipad-10th-gen,iPad (10th gen),"<p>iPad (10th gen). Professionally refurbished, tested on up to 100 points, wiped and reset. Cellular models are unlocked. 1-year warranty and free 30-day returns.</p><p><strong>Premium</strong> grade includes a brand-new battery.</p>",Apple,Tablet,"condition:refurbished, iPad, Apple, Tablets",TRUE,Condition,Fair,Storage,64GB Wi-Fi,Color,Blue,IPAD-10TH-GEN-64GBWI-FI-BLUE-FAIR,600,,deny,manual,143.99,449.00,TRUE,TRUE,draft
ipad-10th-gen,iPad (10th gen),,,,,,Condition,Fair,Storage,64GB Wi-Fi,Color,Pink,IPAD-10TH-GEN-64GBWI-FI-PINK-FAIR,600,,deny,manual,143.99,449.00,TRUE,TRUE,
ipad-10th-gen,iPad (10th gen),,,,,,Condition,Fair,Storage,64GB Wi-Fi,Color,Yellow,IPAD-10TH-GEN-64GBWI-FI-YELLOW-FAIR,600,,deny,manual,143.99,449.00,TRUE,TRUE,
ipad-10th-gen,iPad (10th gen),,,,,,Condition,Fair,Storage,64GB Wi-Fi,Color,Silver,IPAD-10TH-GEN-64GBWI-FI-SILVER-FAIR,600,,deny,manual,143.99,449.00,TRUE,TRUE,
ipad-10th-gen,iPad (10th gen),,,,,,Condition,Fair,Storage,64GB Wi-Fi + Cellular,Color,Blue,IPAD-10TH-GEN-64GBWI-FIPLUSCELLULAR-BLUE-FAIR,600,,deny,manual,211.99,599.00,TRUE,TRUE,
ipad-10th-gen,iPad (10th gen),,,,,,Condition,Fair,Storage,64GB Wi-Fi + Cellular,Color,Pink,IPAD-10TH-GEN-64GBWI-FIPLUSCELLULAR-PINK-FAIR,600,,deny,manual,211.99,599.00,TRUE,TRUE,
ipad-10th-gen,iPad (10th gen),,,,,,Condition,Fair,Storage,64GB Wi-Fi + Cellular,Color,Yellow,IPAD-10TH-GEN-64GBWI-FIPLUSCELLULAR-YELLOW-FAIR,600,,deny,manual,211.99,599.00,TRUE,TRUE,
ipad-10th-gen,iPad (10th gen),,,,,,Condition,Fair,Storage,64GB Wi-Fi + Cellular,Color,Silver,IPAD-10TH-GEN-64GBWI-FIPLUSCELLULAR-SILVER-FAIR,600,,deny,manual,211.99,599.00,TRUE,TRUE,
ipad-10th-gen,iPad (10th gen),,,,,,Condition,Fair,Storage,256GB Wi-Fi,Color,Blue,IPAD-10TH-GEN-256GBWI-FI-BLUE-FAIR,600,,deny,manual,211.99,599.00,TRUE,TRUE,
ipad-10th-gen,iPad (10th gen),,,,,,Condition,Fair,Storage,256GB Wi-Fi,Color,Pink,IPAD-10TH-GEN-256GBWI-FI-PINK-FAIR,600,,deny,manual,211.99,599.00,TRUE,TRUE,
ipad-10th-gen,iPad (10th gen),,,,,,Condition,Fair,Storage,256GB Wi-Fi,Color,Yellow,IPAD-10TH-GEN-256GBWI-FI-YELLOW-FAIR,600,,deny,manual,211.99,599.00,TRUE,TRUE,
ipad-10th-gen,iPad (10th gen),,,,,,Condition,Fair,Storage,256GB Wi-Fi,Color,Silver,IPAD-10TH-GEN-256GBWI-FI-SILVER-FAIR,600,,deny,manual,211.99,599.00,TRUE,TRUE,
ipad-10th-gen,iPad (10th gen),,,,,,Condition,Fair,Storage,256GB Wi-Fi + Cellular,Color,Blue,IPAD-10TH-GEN-256GBWI-FIPLUSCELLULAR-BLUE-FAIR,600,,deny,manual,278.99,749.00,TRUE,TRUE,
ipad-10th-gen,iPad (10th gen),,,,,,Condition,Fair,Storage,256GB Wi-Fi + Cellular,Color,Pink,IPAD-10TH-GEN-256GBWI-FIPLUSCELLULAR-PINK-FAIR,600,,deny,manual,278.99,749.00,TRUE,TRUE,
ipad-10th-gen,iPad (10th gen),,,,,,Condition,Fair,Storage,256GB Wi-Fi + Cellular,Color,Yellow,IPAD-10TH-GEN-256GBWI-FIPLUSCELLULAR-YELLOW-FAIR,600,,deny,manual,278.99,749.00,TRUE,TRUE,
ipad-10th-gen,iPad (10th gen),,,,,,Condition,Fair,Storage,256GB Wi-Fi + Cellular,Color,Silver,IPAD-10TH-GEN-256GBWI-FIPLUSCELLULAR-SILVER-FAIR,600,,deny,manual,278.99,749.00,TRUE,TRUE,
ipad-10th-gen,iPad (10th gen),,,,,,Condition,Good,Storage,64GB Wi-Fi,Color,Blue,IPAD-10TH-GEN-64GBWI-FI-BLUE-GOOD,600,,deny,manual,159.99,449.00,TRUE,TRUE,
ipad-10th-gen,iPad (10th gen),,,,,,Condition,Good,Storage,64GB Wi-Fi,Color,Pink,IPAD-10TH-GEN-64GBWI-FI-PINK-GOOD,600,,deny,manual,159.99,449.00,TRUE,TRUE,
ipad-10th-gen,iPad (10th gen),,,,,,Condition,Good,Storage,64GB Wi-Fi,Color,Yellow,IPAD-10TH-GEN-64GBWI-FI-YELLOW-GOOD,600,,deny,manual,159.99,449.00,TRUE,TRUE,
ipad-10th-gen,iPad (10th gen),,,,,,Condition,Good,Storage,64GB Wi-Fi,Color,Silver,IPAD-10TH-GEN-64GBWI-FI-SILVER-GOOD,600,,deny,manual,159.99,449.00,TRUE,TRUE,
ipad-10th-gen,iPad (10th gen),,,,,,Condition,Good,Storage,64GB Wi-Fi + Cellular,Color,Blue,IPAD-10TH-GEN-64GBWI-FIPLUSCELLULAR-BLUE-GOOD,600,,deny,manual,227.99,599.00,TRUE,TRUE,
ipad-10th-gen,iPad (10th gen),,,,,,Condition,Good,Storage,64GB Wi-Fi + Cellular,Color,Pink,IPAD-10TH-GEN-64GBWI-FIPLUSCELLULAR-PINK-GOOD,600,,deny,manual,227.99,599.00,TRUE,TRUE,
ipad-10th-gen,iPad (10th gen),,,,,,Condition,Good,Storage,64GB Wi-Fi + Cellular,Color,Yellow,IPAD-10TH-GEN-64GBWI-FIPLUSCELLULAR-YELLOW-GOOD,600,,deny,manual,227.99,599.00,TRUE,TRUE,
ipad-10th-gen,iPad (10th gen),,,,,,Condition,Good,Storage,64GB Wi-Fi + Cellular,Color,Silver,IPAD-10TH-GEN-64GBWI-FIPLUSCELLULAR-SILVER-GOOD,600,,deny,manual,227.99,599.00,TRUE,TRUE,
ipad-10th-gen,iPad (10th gen),,,,,,Condition,Good,Storage,256GB Wi-Fi,Color,Blue,IPAD-10TH-GEN-256GBWI-FI-BLUE-GOOD,600,,deny,manual,227.99,599.00,TRUE,TRUE,
ipad-10th-gen,iPad (10th gen),,,,,,Condition,Good,Storage,256GB Wi-Fi,Color,Pink,IPAD-10TH-GEN-256GBWI-FI-PINK-GOOD,600,,deny,manual,227.99,599.00,TRUE,TRUE,
ipad-10th-gen,iPad (10th gen),,,,,,Condition,Good,Storage,256GB Wi-Fi,Color,Yellow,IPAD-10TH-GEN-256GBWI-FI-YELLOW-GOOD,600,,deny,manual,227.99,599.00,TRUE,TRUE,
ipad-10th-gen,iPad (10th gen),,,,,,Condition,Good,Storage,256GB Wi-Fi,Color,Silver,IPAD-10TH-GEN-256GBWI-FI-SILVER-GOOD,600,,deny,manual,227.99,599.00,TRUE,TRUE,
ipad-10th-gen,iPad (10th gen),,,,,,Condition,Good,Storage,256GB Wi-Fi + Cellular,Color,Blue,IPAD-10TH-GEN-256GBWI-FIPLUSCELLULAR-BLUE-GOOD,600,,deny,manual,294.99,749.00,TRUE,TRUE,
ipad-10th-gen,iPad (10th gen),,,,,,Condition,Good,Storage,256GB Wi-Fi + Cellular,Color,Pink,IPAD-10TH-GEN-256GBWI-FIPLUSCELLULAR-PINK-GOOD,600,,deny,manual,294.99,749.00,TRUE,TRUE,
ipad-10th-gen,iPad (10th gen),,,,,,Condition,Good,Storage,256GB Wi-Fi + Cellular,Color,Yellow,IPAD-10TH-GEN-256GBWI-FIPLUSCELLULAR-YELLOW-GOOD,600,,deny,manual,294.99,749.00,TRUE,TRUE,
ipad-10th-gen,iPad (10th gen),,,,,,Condition,Good,Storage,256GB Wi-Fi + Cellular,Color,Silver,IPAD-10TH-GEN-256GBWI-FIPLUSCELLULAR-SILVER-GOOD,600,,deny,manual,294.99,749.00,TRUE,TRUE,
ipad-10th-gen,iPad (10th gen),,,,,,Condition,Excellent,Storage,64GB Wi-Fi,Color,Blue,IPAD-10TH-GEN-64GBWI-FI-BLUE-EXCELLENT,600,,deny,manual,179.99,449.00,TRUE,TRUE,
ipad-10th-gen,iPad (10th gen),,,,,,Condition,Excellent,Storage,64GB Wi-Fi,Color,Pink,IPAD-10TH-GEN-64GBWI-FI-PINK-EXCELLENT,600,,deny,manual,179.99,449.00,TRUE,TRUE,
ipad-10th-gen,iPad (10th gen),,,,,,Condition,Excellent,Storage,64GB Wi-Fi,Color,Yellow,IPAD-10TH-GEN-64GBWI-FI-YELLOW-EXCELLENT,600,,deny,manual,179.99,449.00,TRUE,TRUE,
ipad-10th-gen,iPad (10th gen),,,,,,Condition,Excellent,Storage,64GB Wi-Fi,Color,Silver,IPAD-10TH-GEN-64GBWI-FI-SILVER-EXCELLENT,600,,deny,manual,179.99,449.00,TRUE,TRUE,
ipad-10th-gen,iPad (10th gen),,,,,,Condition,Excellent,Storage,64GB Wi-Fi + Cellular,Color,Blue,IPAD-10TH-GEN-64GBWI-FIPLUSCELLULAR-BLUE-EXCELLENT,600,,deny,manual,246.99,599.00,TRUE,TRUE,
ipad-10th-gen,iPad (10th gen),,,,,,Condition,Excellent,Storage,64GB Wi-Fi + Cellular,Color,Pink,IPAD-10TH-GEN-64GBWI-FIPLUSCELLULAR-PINK-EXCELLENT,600,,deny,manual,246.99,599.00,TRUE,TRUE,
ipad-10th-gen,iPad (10th gen),,,,,,Condition,Excellent,Storage,64GB Wi-Fi + Cellular,Color,Yellow,IPAD-10TH-GEN-64GBWI-FIPLUSCELLULAR-YELLOW-EXCELLENT,600,,deny,manual,246.99,599.00,TRUE,TRUE,
ipad-10th-gen,iPad (10th gen),,,,,,Condition,Excellent,Storage,64GB Wi-Fi + Cellular,Color,Silver,IPAD-10TH-GEN-64GBWI-FIPLUSCELLULAR-SILVER-EXCELLENT,600,,deny,manual,246.99,599.00,TRUE,TRUE,
ipad-10th-gen,iPad (10th gen),,,,,,Condition,Excellent,Storage,256GB Wi-Fi,Color,Blue,IPAD-10TH-GEN-256GBWI-FI-BLUE-EXCELLENT,600,,deny,manual,246.99,599.00,TRUE,TRUE,
ipad-10th-gen,iPad (10th gen),,,,,,Condition,Excellent,Storage,256GB Wi-Fi,Color,Pink,IPAD-10TH-GEN-256GBWI-FI-PINK-EXCELLENT,600,,deny,manual,246.99,599.00,TRUE,TRUE,
ipad-10th-gen,iPad (10th gen),,,,,,Condition,Excellent,Storage,256GB Wi-Fi,Color,Yellow,IPAD-10TH-GEN-256GBWI-FI-YELLOW-EXCELLENT,600,,deny,manual,246.99,599.00,TRUE,TRUE,
ipad-10th-gen,iPad (10th gen),,,,,,Condition,Excellent,Storage,256GB Wi-Fi,Color,Silver,IPAD-10TH-GEN-256GBWI-FI-SILVER-EXCELLENT,600,,deny,manual,246.99,599.00,TRUE,TRUE,
ipad-10th-gen,iPad (10th gen),,,,,,Condition,Excellent,Storage,256GB Wi-Fi + Cellular,Color,Blue,IPAD-10TH-GEN-256GBWI-FIPLUSCELLULAR-BLUE-EXCELLENT,600,,deny,manual,314.99,749.00,TRUE,TRUE,
ipad-10th-gen,iPad (10th gen),,,,,,Condition,Excellent,Storage,256GB Wi-Fi + Cellular,Color,Pink,IPAD-10TH-GEN-256GBWI-FIPLUSCELLULAR-PINK-EXCELLENT,600,,deny,manual,314.99,749.00,TRUE,TRUE,
ipad-10th-gen,iPad (10th gen),,,,,,Condition,Excellent,Storage,256GB Wi-Fi + Cellular,Color,Yellow,IPAD-10TH-GEN-256GBWI-FIPLUSCELLULAR-YELLOW-EXCELLENT,600,,deny,manual,314.99,749.00,TRUE,TRUE,
ipad-10th-gen,iPad (10th gen),,,,,,Condition,Excellent,Storage,256GB Wi-Fi + Cellular,Color,Silver,IPAD-10TH-GEN-256GBWI-FIPLUSCELLULAR-SILVER-EXCELLENT,600,,deny,manual,314.99,749.00,TRUE,TRUE,
ipad-10th-gen,iPad (10th gen),,,,,,Condition,Premium,Storage,64GB Wi-Fi,Color,Blue,IPAD-10TH-GEN-64GBWI-FI-BLUE-PREMIUM,600,,deny,manual,199.99,449.00,TRUE,TRUE,
ipad-10th-gen,iPad (10th gen),,,,,,Condition,Premium,Storage,64GB Wi-Fi,Color,Pink,IPAD-10TH-GEN-64GBWI-FI-PINK-PREMIUM,600,,deny,manual,199.99,449.00,TRUE,TRUE,
ipad-10th-gen,iPad (10th gen),,,,,,Condition,Premium,Storage,64GB Wi-Fi,Color,Yellow,IPAD-10TH-GEN-64GBWI-FI-YELLOW-PREMIUM,600,,deny,manual,199.99,449.00,TRUE,TRUE,
ipad-10th-gen,iPad (10th gen),,,,,,Condition,Premium,Storage,64GB Wi-Fi,Color,Silver,IPAD-10TH-GEN-64GBWI-FI-SILVER-PREMIUM,600,,deny,manual,199.99,449.00,TRUE,TRUE,
ipad-10th-gen,iPad (10th gen),,,,,,Condition,Premium,Storage,64GB Wi-Fi + Cellular,Color,Blue,IPAD-10TH-GEN-64GBWI-FIPLUSCELLULAR-BLUE-PREMIUM,600,,deny,manual,267.99,599.00,TRUE,TRUE,
ipad-10th-gen,iPad (10th gen),,,,,,Condition,Premium,Storage,64GB Wi-Fi + Cellular,Color,Pink,IPAD-10TH-GEN-64GBWI-FIPLUSCELLULAR-PINK-PREMIUM,600,,deny,manual,267.99,599.00,TRUE,TRUE,
ipad-10th-gen,iPad (10th gen),,,,,,Condition,Premium,Storage,64GB Wi-Fi + Cellular,Color,Yellow,IPAD-10TH-GEN-64GBWI-FIPLUSCELLULAR-YELLOW-PREMIUM,600,,deny,manual,267.99,599.00,TRUE,TRUE,
ipad-10th-gen,iPad (10th gen),,,,,,Condition,Premium,Storage,64GB Wi-Fi + Cellular,Color,Silver,IPAD-10TH-GEN-64GBWI-FIPLUSCELLULAR-SILVER-PREMIUM,600,,deny,manual,267.99,599.00,TRUE,TRUE,
ipad-10th-gen,iPad (10th gen),,,,,,Condition,Premium,Storage,256GB Wi-Fi,Color,Blue,IPAD-10TH-GEN-256GBWI-FI-BLUE-PREMIUM,600,,deny,manual,267.99,599.00,TRUE,TRUE,
ipad-10th-gen,iPad (10th gen),,,,,,Condition,Premium,Storage,256GB Wi-Fi,Color,Pink,IPAD-10TH-GEN-256GBWI-FI-PINK-PREMIUM,600,,deny,manual,267.99,599.00,TRUE,TRUE,
ipad-10th-gen,iPad (10th gen),,,,,,Condition,Premium,Storage,256GB Wi-Fi,Color,Yellow,IPAD-10TH-GEN-256GBWI-FI-YELLOW-PREMIUM,600,,deny,manual,267.99,599.00,TRUE,TRUE,
ipad-10th-gen,iPad (10th gen),,,,,,Condition,Premium,Storage,256GB Wi-Fi,Color,Silver,IPAD-10TH-GEN-256GBWI-FI-SILVER-PREMIUM,600,,deny,manual,267.99,599.00,TRUE,TRUE,
ipad-10th-gen,iPad (10th gen),,,,,,Condition,Premium,Storage,256GB Wi-Fi + Cellular,Color,Blue,IPAD-10TH-GEN-256GBWI-FIPLUSCELLULAR-BLUE-PREMIUM,600,,deny,manual,334.99,749.00,TRUE,TRUE,
ipad-10th-gen,iPad (10th gen),,,,,,Condition,Premium,Storage,256GB Wi-Fi + Cellular,Color,Pink,IPAD-10TH-GEN-256GBWI-FIPLUSCELLULAR-PINK-PREMIUM,600,,deny,manual,334.99,749.00,TRUE,TRUE,
ipad-10th-gen,iPad (10th gen),,,,,,Condition,Premium,Storage,256GB Wi-Fi + Cellular,Color,Yellow,IPAD-10TH-GEN-256GBWI-FIPLUSCELLULAR-YELLOW-PREMIUM,600,,deny,manual,334.99,749.00,TRUE,TRUE,
ipad-10th-gen,iPad (10th gen),,,,,,Condition,Premium,Storage,256GB Wi-Fi + Cellular,Color,Silver,IPAD-10TH-GEN-256GBWI-FIPLUSCELLULAR-SILVER-PREMIUM,600,,deny,manual,334.99,749.00,TRUE,TRUE,
ipad-a16,iPad (A16),"<p>iPad (A16). Professionally refurbished, tested on up to 100 points, wiped and reset. Cellular models are unlocked. 1-year warranty and free 30-day returns.</p><p><strong>Premium</strong> grade includes a brand-new battery.</p>",Apple,Tablet,"condition:refurbished, iPad, Apple, Tablets",TRUE,Condition,Fair,Storage,128GB Wi-Fi,Color,Blue,IPAD-A16-128GBWI-FI-BLUE-FAIR,600,,deny,manual,191.99,349.00,TRUE,TRUE,draft
ipad-a16,iPad (A16),,,,,,Condition,Fair,Storage,128GB Wi-Fi,Color,Pink,IPAD-A16-128GBWI-FI-PINK-FAIR,600,,deny,manual,191.99,349.00,TRUE,TRUE,
ipad-a16,iPad (A16),,,,,,Condition,Fair,Storage,128GB Wi-Fi,Color,Yellow,IPAD-A16-128GBWI-FI-YELLOW-FAIR,600,,deny,manual,191.99,349.00,TRUE,TRUE,
ipad-a16,iPad (A16),,,,,,Condition,Fair,Storage,128GB Wi-Fi,Color,Silver,IPAD-A16-128GBWI-FI-SILVER-FAIR,600,,deny,manual,191.99,349.00,TRUE,TRUE,
ipad-a16,iPad (A16),,,,,,Condition,Fair,Storage,128GB Wi-Fi + Cellular,Color,Blue,IPAD-A16-128GBWI-FIPLUSCELLULAR-BLUE-FAIR,600,,deny,manual,259.99,499.00,TRUE,TRUE,
ipad-a16,iPad (A16),,,,,,Condition,Fair,Storage,128GB Wi-Fi + Cellular,Color,Pink,IPAD-A16-128GBWI-FIPLUSCELLULAR-PINK-FAIR,600,,deny,manual,259.99,499.00,TRUE,TRUE,
ipad-a16,iPad (A16),,,,,,Condition,Fair,Storage,128GB Wi-Fi + Cellular,Color,Yellow,IPAD-A16-128GBWI-FIPLUSCELLULAR-YELLOW-FAIR,600,,deny,manual,259.99,499.00,TRUE,TRUE,
ipad-a16,iPad (A16),,,,,,Condition,Fair,Storage,128GB Wi-Fi + Cellular,Color,Silver,IPAD-A16-128GBWI-FIPLUSCELLULAR-SILVER-FAIR,600,,deny,manual,259.99,499.00,TRUE,TRUE,
ipad-a16,iPad (A16),,,,,,Condition,Fair,Storage,256GB Wi-Fi,Color,Blue,IPAD-A16-256GBWI-FI-BLUE-FAIR,600,,deny,manual,236.99,449.00,TRUE,TRUE,
ipad-a16,iPad (A16),,,,,,Condition,Fair,Storage,256GB Wi-Fi,Color,Pink,IPAD-A16-256GBWI-FI-PINK-FAIR,600,,deny,manual,236.99,449.00,TRUE,TRUE,
ipad-a16,iPad (A16),,,,,,Condition,Fair,Storage,256GB Wi-Fi,Color,Yellow,IPAD-A16-256GBWI-FI-YELLOW-FAIR,600,,deny,manual,236.99,449.00,TRUE,TRUE,
ipad-a16,iPad (A16),,,,,,Condition,Fair,Storage,256GB Wi-Fi,Color,Silver,IPAD-A16-256GBWI-FI-SILVER-FAIR,600,,deny,manual,236.99,449.00,TRUE,TRUE,
ipad-a16,iPad (A16),,,,,,Condition,Fair,Storage,256GB Wi-Fi + Cellular,Color,Blue,IPAD-A16-256GBWI-FIPLUSCELLULAR-BLUE-FAIR,600,,deny,manual,304.99,599.00,TRUE,TRUE,
ipad-a16,iPad (A16),,,,,,Condition,Fair,Storage,256GB Wi-Fi + Cellular,Color,Pink,IPAD-A16-256GBWI-FIPLUSCELLULAR-PINK-FAIR,600,,deny,manual,304.99,599.00,TRUE,TRUE,
ipad-a16,iPad (A16),,,,,,Condition,Fair,Storage,256GB Wi-Fi + Cellular,Color,Yellow,IPAD-A16-256GBWI-FIPLUSCELLULAR-YELLOW-FAIR,600,,deny,manual,304.99,599.00,TRUE,TRUE,
ipad-a16,iPad (A16),,,,,,Condition,Fair,Storage,256GB Wi-Fi + Cellular,Color,Silver,IPAD-A16-256GBWI-FIPLUSCELLULAR-SILVER-FAIR,600,,deny,manual,304.99,599.00,TRUE,TRUE,
ipad-a16,iPad (A16),,,,,,Condition,Fair,Storage,512GB Wi-Fi,Color,Blue,IPAD-A16-512GBWI-FI-BLUE-FAIR,600,,deny,manual,326.99,649.00,TRUE,TRUE,
ipad-a16,iPad (A16),,,,,,Condition,Fair,Storage,512GB Wi-Fi,Color,Pink,IPAD-A16-512GBWI-FI-PINK-FAIR,600,,deny,manual,326.99,649.00,TRUE,TRUE,
ipad-a16,iPad (A16),,,,,,Condition,Fair,Storage,512GB Wi-Fi,Color,Yellow,IPAD-A16-512GBWI-FI-YELLOW-FAIR,600,,deny,manual,326.99,649.00,TRUE,TRUE,
ipad-a16,iPad (A16),,,,,,Condition,Fair,Storage,512GB Wi-Fi,Color,Silver,IPAD-A16-512GBWI-FI-SILVER-FAIR,600,,deny,manual,326.99,649.00,TRUE,TRUE,
ipad-a16,iPad (A16),,,,,,Condition,Fair,Storage,512GB Wi-Fi + Cellular,Color,Blue,IPAD-A16-512GBWI-FIPLUSCELLULAR-BLUE-FAIR,600,,deny,manual,394.99,799.00,TRUE,TRUE,
ipad-a16,iPad (A16),,,,,,Condition,Fair,Storage,512GB Wi-Fi + Cellular,Color,Pink,IPAD-A16-512GBWI-FIPLUSCELLULAR-PINK-FAIR,600,,deny,manual,394.99,799.00,TRUE,TRUE,
ipad-a16,iPad (A16),,,,,,Condition,Fair,Storage,512GB Wi-Fi + Cellular,Color,Yellow,IPAD-A16-512GBWI-FIPLUSCELLULAR-YELLOW-FAIR,600,,deny,manual,394.99,799.00,TRUE,TRUE,
ipad-a16,iPad (A16),,,,,,Condition,Fair,Storage,512GB Wi-Fi + Cellular,Color,Silver,IPAD-A16-512GBWI-FIPLUSCELLULAR-SILVER-FAIR,600,,deny,manual,394.99,799.00,TRUE,TRUE,
ipad-a16,iPad (A16),,,,,,Condition,Good,Storage,128GB Wi-Fi,Color,Blue,IPAD-A16-128GBWI-FI-BLUE-GOOD,600,,deny,manual,213.99,349.00,TRUE,TRUE,
ipad-a16,iPad (A16),,,,,,Condition,Good,Storage,128GB Wi-Fi,Color,Pink,IPAD-A16-128GBWI-FI-PINK-GOOD,600,,deny,manual,213.99,349.00,TRUE,TRUE,
ipad-a16,iPad (A16),,,,,,Condition,Good,Storage,128GB Wi-Fi,Color,Yellow,IPAD-A16-128GBWI-FI-YELLOW-GOOD,600,,deny,manual,213.99,349.00,TRUE,TRUE,
ipad-a16,iPad (A16),,,,,,Condition,Good,Storage,128GB Wi-Fi,Color,Silver,IPAD-A16-128GBWI-FI-SILVER-GOOD,600,,deny,manual,213.99,349.00,TRUE,TRUE,
ipad-a16,iPad (A16),,,,,,Condition,Good,Storage,128GB Wi-Fi + Cellular,Color,Blue,IPAD-A16-128GBWI-FIPLUSCELLULAR-BLUE-GOOD,600,,deny,manual,280.99,499.00,TRUE,TRUE,
ipad-a16,iPad (A16),,,,,,Condition,Good,Storage,128GB Wi-Fi + Cellular,Color,Pink,IPAD-A16-128GBWI-FIPLUSCELLULAR-PINK-GOOD,600,,deny,manual,280.99,499.00,TRUE,TRUE,
ipad-a16,iPad (A16),,,,,,Condition,Good,Storage,128GB Wi-Fi + Cellular,Color,Yellow,IPAD-A16-128GBWI-FIPLUSCELLULAR-YELLOW-GOOD,600,,deny,manual,280.99,499.00,TRUE,TRUE,
ipad-a16,iPad (A16),,,,,,Condition,Good,Storage,128GB Wi-Fi + Cellular,Color,Silver,IPAD-A16-128GBWI-FIPLUSCELLULAR-SILVER-GOOD,600,,deny,manual,280.99,499.00,TRUE,TRUE,
ipad-a16,iPad (A16),,,,,,Condition,Good,Storage,256GB Wi-Fi,Color,Blue,IPAD-A16-256GBWI-FI-BLUE-GOOD,600,,deny,manual,258.99,449.00,TRUE,TRUE,
ipad-a16,iPad (A16),,,,,,Condition,Good,Storage,256GB Wi-Fi,Color,Pink,IPAD-A16-256GBWI-FI-PINK-GOOD,600,,deny,manual,258.99,449.00,TRUE,TRUE,
ipad-a16,iPad (A16),,,,,,Condition,Good,Storage,256GB Wi-Fi,Color,Yellow,IPAD-A16-256GBWI-FI-YELLOW-GOOD,600,,deny,manual,258.99,449.00,TRUE,TRUE,
ipad-a16,iPad (A16),,,,,,Condition,Good,Storage,256GB Wi-Fi,Color,Silver,IPAD-A16-256GBWI-FI-SILVER-GOOD,600,,deny,manual,258.99,449.00,TRUE,TRUE,
ipad-a16,iPad (A16),,,,,,Condition,Good,Storage,256GB Wi-Fi + Cellular,Color,Blue,IPAD-A16-256GBWI-FIPLUSCELLULAR-BLUE-GOOD,600,,deny,manual,325.99,599.00,TRUE,TRUE,
ipad-a16,iPad (A16),,,,,,Condition,Good,Storage,256GB Wi-Fi + Cellular,Color,Pink,IPAD-A16-256GBWI-FIPLUSCELLULAR-PINK-GOOD,600,,deny,manual,325.99,599.00,TRUE,TRUE,
ipad-a16,iPad (A16),,,,,,Condition,Good,Storage,256GB Wi-Fi + Cellular,Color,Yellow,IPAD-A16-256GBWI-FIPLUSCELLULAR-YELLOW-GOOD,600,,deny,manual,325.99,599.00,TRUE,TRUE,
ipad-a16,iPad (A16),,,,,,Condition,Good,Storage,256GB Wi-Fi + Cellular,Color,Silver,IPAD-A16-256GBWI-FIPLUSCELLULAR-SILVER-GOOD,600,,deny,manual,325.99,599.00,TRUE,TRUE,
ipad-a16,iPad (A16),,,,,,Condition,Good,Storage,512GB Wi-Fi,Color,Blue,IPAD-A16-512GBWI-FI-BLUE-GOOD,600,,deny,manual,348.99,649.00,TRUE,TRUE,
ipad-a16,iPad (A16),,,,,,Condition,Good,Storage,512GB Wi-Fi,Color,Pink,IPAD-A16-512GBWI-FI-PINK-GOOD,600,,deny,manual,348.99,649.00,TRUE,TRUE,
ipad-a16,iPad (A16),,,,,,Condition,Good,Storage,512GB Wi-Fi,Color,Yellow,IPAD-A16-512GBWI-FI-YELLOW-GOOD,600,,deny,manual,348.99,649.00,TRUE,TRUE,
ipad-a16,iPad (A16),,,,,,Condition,Good,Storage,512GB Wi-Fi,Color,Silver,IPAD-A16-512GBWI-FI-SILVER-GOOD,600,,deny,manual,348.99,649.00,TRUE,TRUE,
ipad-a16,iPad (A16),,,,,,Condition,Good,Storage,512GB Wi-Fi + Cellular,Color,Blue,IPAD-A16-512GBWI-FIPLUSCELLULAR-BLUE-GOOD,600,,deny,manual,415.99,799.00,TRUE,TRUE,
ipad-a16,iPad (A16),,,,,,Condition,Good,Storage,512GB Wi-Fi + Cellular,Color,Pink,IPAD-A16-512GBWI-FIPLUSCELLULAR-PINK-GOOD,600,,deny,manual,415.99,799.00,TRUE,TRUE,
ipad-a16,iPad (A16),,,,,,Condition,Good,Storage,512GB Wi-Fi + Cellular,Color,Yellow,IPAD-A16-512GBWI-FIPLUSCELLULAR-YELLOW-GOOD,600,,deny,manual,415.99,799.00,TRUE,TRUE,
ipad-a16,iPad (A16),,,,,,Condition,Good,Storage,512GB Wi-Fi + Cellular,Color,Silver,IPAD-A16-512GBWI-FIPLUSCELLULAR-SILVER-GOOD,600,,deny,manual,415.99,799.00,TRUE,TRUE,
ipad-a16,iPad (A16),,,,,,Condition,Excellent,Storage,128GB Wi-Fi,Color,Blue,IPAD-A16-128GBWI-FI-BLUE-EXCELLENT,600,,deny,manual,238.99,349.00,TRUE,TRUE,
ipad-a16,iPad (A16),,,,,,Condition,Excellent,Storage,128GB Wi-Fi,Color,Pink,IPAD-A16-128GBWI-FI-PINK-EXCELLENT,600,,deny,manual,238.99,349.00,TRUE,TRUE,
ipad-a16,iPad (A16),,,,,,Condition,Excellent,Storage,128GB Wi-Fi,Color,Yellow,IPAD-A16-128GBWI-FI-YELLOW-EXCELLENT,600,,deny,manual,238.99,349.00,TRUE,TRUE,
ipad-a16,iPad (A16),,,,,,Condition,Excellent,Storage,128GB Wi-Fi,Color,Silver,IPAD-A16-128GBWI-FI-SILVER-EXCELLENT,600,,deny,manual,238.99,349.00,TRUE,TRUE,
ipad-a16,iPad (A16),,,,,,Condition,Excellent,Storage,128GB Wi-Fi + Cellular,Color,Blue,IPAD-A16-128GBWI-FIPLUSCELLULAR-BLUE-EXCELLENT,600,,deny,manual,306.99,499.00,TRUE,TRUE,
ipad-a16,iPad (A16),,,,,,Condition,Excellent,Storage,128GB Wi-Fi + Cellular,Color,Pink,IPAD-A16-128GBWI-FIPLUSCELLULAR-PINK-EXCELLENT,600,,deny,manual,306.99,499.00,TRUE,TRUE,
ipad-a16,iPad (A16),,,,,,Condition,Excellent,Storage,128GB Wi-Fi + Cellular,Color,Yellow,IPAD-A16-128GBWI-FIPLUSCELLULAR-YELLOW-EXCELLENT,600,,deny,manual,306.99,499.00,TRUE,TRUE,
ipad-a16,iPad (A16),,,,,,Condition,Excellent,Storage,128GB Wi-Fi + Cellular,Color,Silver,IPAD-A16-128GBWI-FIPLUSCELLULAR-SILVER-EXCELLENT,600,,deny,manual,306.99,499.00,TRUE,TRUE,
ipad-a16,iPad (A16),,,,,,Condition,Excellent,Storage,256GB Wi-Fi,Color,Blue,IPAD-A16-256GBWI-FI-BLUE-EXCELLENT,600,,deny,manual,283.99,449.00,TRUE,TRUE,
ipad-a16,iPad (A16),,,,,,Condition,Excellent,Storage,256GB Wi-Fi,Color,Pink,IPAD-A16-256GBWI-FI-PINK-EXCELLENT,600,,deny,manual,283.99,449.00,TRUE,TRUE,
ipad-a16,iPad (A16),,,,,,Condition,Excellent,Storage,256GB Wi-Fi,Color,Yellow,IPAD-A16-256GBWI-FI-YELLOW-EXCELLENT,600,,deny,manual,283.99,449.00,TRUE,TRUE,
ipad-a16,iPad (A16),,,,,,Condition,Excellent,Storage,256GB Wi-Fi,Color,Silver,IPAD-A16-256GBWI-FI-SILVER-EXCELLENT,600,,deny,manual,283.99,449.00,TRUE,TRUE,
ipad-a16,iPad (A16),,,,,,Condition,Excellent,Storage,256GB Wi-Fi + Cellular,Color,Blue,IPAD-A16-256GBWI-FIPLUSCELLULAR-BLUE-EXCELLENT,600,,deny,manual,351.99,599.00,TRUE,TRUE,
ipad-a16,iPad (A16),,,,,,Condition,Excellent,Storage,256GB Wi-Fi + Cellular,Color,Pink,IPAD-A16-256GBWI-FIPLUSCELLULAR-PINK-EXCELLENT,600,,deny,manual,351.99,599.00,TRUE,TRUE,
ipad-a16,iPad (A16),,,,,,Condition,Excellent,Storage,256GB Wi-Fi + Cellular,Color,Yellow,IPAD-A16-256GBWI-FIPLUSCELLULAR-YELLOW-EXCELLENT,600,,deny,manual,351.99,599.00,TRUE,TRUE,
ipad-a16,iPad (A16),,,,,,Condition,Excellent,Storage,256GB Wi-Fi + Cellular,Color,Silver,IPAD-A16-256GBWI-FIPLUSCELLULAR-SILVER-EXCELLENT,600,,deny,manual,351.99,599.00,TRUE,TRUE,
ipad-a16,iPad (A16),,,,,,Condition,Excellent,Storage,512GB Wi-Fi,Color,Blue,IPAD-A16-512GBWI-FI-BLUE-EXCELLENT,600,,deny,manual,373.99,649.00,TRUE,TRUE,
ipad-a16,iPad (A16),,,,,,Condition,Excellent,Storage,512GB Wi-Fi,Color,Pink,IPAD-A16-512GBWI-FI-PINK-EXCELLENT,600,,deny,manual,373.99,649.00,TRUE,TRUE,
ipad-a16,iPad (A16),,,,,,Condition,Excellent,Storage,512GB Wi-Fi,Color,Yellow,IPAD-A16-512GBWI-FI-YELLOW-EXCELLENT,600,,deny,manual,373.99,649.00,TRUE,TRUE,
ipad-a16,iPad (A16),,,,,,Condition,Excellent,Storage,512GB Wi-Fi,Color,Silver,IPAD-A16-512GBWI-FI-SILVER-EXCELLENT,600,,deny,manual,373.99,649.00,TRUE,TRUE,
ipad-a16,iPad (A16),,,,,,Condition,Excellent,Storage,512GB Wi-Fi + Cellular,Color,Blue,IPAD-A16-512GBWI-FIPLUSCELLULAR-BLUE-EXCELLENT,600,,deny,manual,441.99,799.00,TRUE,TRUE,
ipad-a16,iPad (A16),,,,,,Condition,Excellent,Storage,512GB Wi-Fi + Cellular,Color,Pink,IPAD-A16-512GBWI-FIPLUSCELLULAR-PINK-EXCELLENT,600,,deny,manual,441.99,799.00,TRUE,TRUE,
ipad-a16,iPad (A16),,,,,,Condition,Excellent,Storage,512GB Wi-Fi + Cellular,Color,Yellow,IPAD-A16-512GBWI-FIPLUSCELLULAR-YELLOW-EXCELLENT,600,,deny,manual,441.99,799.00,TRUE,TRUE,
ipad-a16,iPad (A16),,,,,,Condition,Excellent,Storage,512GB Wi-Fi + Cellular,Color,Silver,IPAD-A16-512GBWI-FIPLUSCELLULAR-SILVER-EXCELLENT,600,,deny,manual,441.99,799.00,TRUE,TRUE,
ipad-a16,iPad (A16),,,,,,Condition,Premium,Storage,128GB Wi-Fi,Color,Blue,IPAD-A16-128GBWI-FI-BLUE-PREMIUM,600,,deny,manual,266.99,349.00,TRUE,TRUE,
ipad-a16,iPad (A16),,,,,,Condition,Premium,Storage,128GB Wi-Fi,Color,Pink,IPAD-A16-128GBWI-FI-PINK-PREMIUM,600,,deny,manual,266.99,349.00,TRUE,TRUE,
ipad-a16,iPad (A16),,,,,,Condition,Premium,Storage,128GB Wi-Fi,Color,Yellow,IPAD-A16-128GBWI-FI-YELLOW-PREMIUM,600,,deny,manual,266.99,349.00,TRUE,TRUE,
ipad-a16,iPad (A16),,,,,,Condition,Premium,Storage,128GB Wi-Fi,Color,Silver,IPAD-A16-128GBWI-FI-SILVER-PREMIUM,600,,deny,manual,266.99,349.00,TRUE,TRUE,
ipad-a16,iPad (A16),,,,,,Condition,Premium,Storage,128GB Wi-Fi + Cellular,Color,Blue,IPAD-A16-128GBWI-FIPLUSCELLULAR-BLUE-PREMIUM,600,,deny,manual,333.99,499.00,TRUE,TRUE,
ipad-a16,iPad (A16),,,,,,Condition,Premium,Storage,128GB Wi-Fi + Cellular,Color,Pink,IPAD-A16-128GBWI-FIPLUSCELLULAR-PINK-PREMIUM,600,,deny,manual,333.99,499.00,TRUE,TRUE,
ipad-a16,iPad (A16),,,,,,Condition,Premium,Storage,128GB Wi-Fi + Cellular,Color,Yellow,IPAD-A16-128GBWI-FIPLUSCELLULAR-YELLOW-PREMIUM,600,,deny,manual,333.99,499.00,TRUE,TRUE,
ipad-a16,iPad (A16),,,,,,Condition,Premium,Storage,128GB Wi-Fi + Cellular,Color,Silver,IPAD-A16-128GBWI-FIPLUSCELLULAR-SILVER-PREMIUM,600,,deny,manual,333.99,499.00,TRUE,TRUE,
ipad-a16,iPad (A16),,,,,,Condition,Premium,Storage,256GB Wi-Fi,Color,Blue,IPAD-A16-256GBWI-FI-BLUE-PREMIUM,600,,deny,manual,311.99,449.00,TRUE,TRUE,
ipad-a16,iPad (A16),,,,,,Condition,Premium,Storage,256GB Wi-Fi,Color,Pink,IPAD-A16-256GBWI-FI-PINK-PREMIUM,600,,deny,manual,311.99,449.00,TRUE,TRUE,
ipad-a16,iPad (A16),,,,,,Condition,Premium,Storage,256GB Wi-Fi,Color,Yellow,IPAD-A16-256GBWI-FI-YELLOW-PREMIUM,600,,deny,manual,311.99,449.00,TRUE,TRUE,
ipad-a16,iPad (A16),,,,,,Condition,Premium,Storage,256GB Wi-Fi,Color,Silver,IPAD-A16-256GBWI-FI-SILVER-PREMIUM,600,,deny,manual,311.99,449.00,TRUE,TRUE,
ipad-a16,iPad (A16),,,,,,Condition,Premium,Storage,256GB Wi-Fi + Cellular,Color,Blue,IPAD-A16-256GBWI-FIPLUSCELLULAR-BLUE-PREMIUM,600,,deny,manual,378.99,599.00,TRUE,TRUE,
ipad-a16,iPad (A16),,,,,,Condition,Premium,Storage,256GB Wi-Fi + Cellular,Color,Pink,IPAD-A16-256GBWI-FIPLUSCELLULAR-PINK-PREMIUM,600,,deny,manual,378.99,599.00,TRUE,TRUE,
ipad-a16,iPad (A16),,,,,,Condition,Premium,Storage,256GB Wi-Fi + Cellular,Color,Yellow,IPAD-A16-256GBWI-FIPLUSCELLULAR-YELLOW-PREMIUM,600,,deny,manual,378.99,599.00,TRUE,TRUE,
ipad-a16,iPad (A16),,,,,,Condition,Premium,Storage,256GB Wi-Fi + Cellular,Color,Silver,IPAD-A16-256GBWI-FIPLUSCELLULAR-SILVER-PREMIUM,600,,deny,manual,378.99,599.00,TRUE,TRUE,
ipad-a16,iPad (A16),,,,,,Condition,Premium,Storage,512GB Wi-Fi,Color,Blue,IPAD-A16-512GBWI-FI-BLUE-PREMIUM,600,,deny,manual,401.99,649.00,TRUE,TRUE,
ipad-a16,iPad (A16),,,,,,Condition,Premium,Storage,512GB Wi-Fi,Color,Pink,IPAD-A16-512GBWI-FI-PINK-PREMIUM,600,,deny,manual,401.99,649.00,TRUE,TRUE,
ipad-a16,iPad (A16),,,,,,Condition,Premium,Storage,512GB Wi-Fi,Color,Yellow,IPAD-A16-512GBWI-FI-YELLOW-PREMIUM,600,,deny,manual,401.99,649.00,TRUE,TRUE,
ipad-a16,iPad (A16),,,,,,Condition,Premium,Storage,512GB Wi-Fi,Color,Silver,IPAD-A16-512GBWI-FI-SILVER-PREMIUM,600,,deny,manual,401.99,649.00,TRUE,TRUE,
ipad-a16,iPad (A16),,,,,,Condition,Premium,Storage,512GB Wi-Fi + Cellular,Color,Blue,IPAD-A16-512GBWI-FIPLUSCELLULAR-BLUE-PREMIUM,600,,deny,manual,468.99,799.00,TRUE,TRUE,
ipad-a16,iPad (A16),,,,,,Condition,Premium,Storage,512GB Wi-Fi + Cellular,Color,Pink,IPAD-A16-512GBWI-FIPLUSCELLULAR-PINK-PREMIUM,600,,deny,manual,468.99,799.00,TRUE,TRUE,
ipad-a16,iPad (A16),,,,,,Condition,Premium,Storage,512GB Wi-Fi + Cellular,Color,Yellow,IPAD-A16-512GBWI-FIPLUSCELLULAR-YELLOW-PREMIUM,600,,deny,manual,468.99,799.00,TRUE,TRUE,
ipad-a16,iPad (A16),,,,,,Condition,Premium,Storage,512GB Wi-Fi + Cellular,Color,Silver,IPAD-A16-512GBWI-FIPLUSCELLULAR-SILVER-PREMIUM,600,,deny,manual,468.99,799.00,TRUE,TRUE,
ipad-mini-6th-gen,iPad mini (6th gen),"<p>iPad mini (6th gen). Professionally refurbished, tested on up to 100 points, wiped and reset. Cellular models are unlocked. 1-year warranty and free 30-day returns.</p><p><strong>Premium</strong> grade includes a brand-new battery.</p>",Apple,Tablet,"condition:refurbished, iPad, Apple, Tablets",TRUE,Condition,Fair,Storage,64GB Wi-Fi,Color,Space Gray,IPAD-MINI-6TH-GEN-64GBWI-FI-SPACEGRAY-FAIR,600,,deny,manual,136.99,499.00,TRUE,TRUE,draft
ipad-mini-6th-gen,iPad mini (6th gen),,,,,,Condition,Fair,Storage,64GB Wi-Fi,Color,Pink,IPAD-MINI-6TH-GEN-64GBWI-FI-PINK-FAIR,600,,deny,manual,136.99,499.00,TRUE,TRUE,
ipad-mini-6th-gen,iPad mini (6th gen),,,,,,Condition,Fair,Storage,64GB Wi-Fi,Color,Purple,IPAD-MINI-6TH-GEN-64GBWI-FI-PURPLE-FAIR,600,,deny,manual,136.99,499.00,TRUE,TRUE,
ipad-mini-6th-gen,iPad mini (6th gen),,,,,,Condition,Fair,Storage,64GB Wi-Fi,Color,Starlight,IPAD-MINI-6TH-GEN-64GBWI-FI-STARLIGHT-FAIR,600,,deny,manual,136.99,499.00,TRUE,TRUE,
ipad-mini-6th-gen,iPad mini (6th gen),,,,,,Condition,Fair,Storage,64GB Wi-Fi + Cellular,Color,Space Gray,IPAD-MINI-6TH-GEN-64GBWI-FIPLUSCELLULAR-SPACEGRAY-FAIR,600,,deny,manual,204.99,649.00,TRUE,TRUE,
ipad-mini-6th-gen,iPad mini (6th gen),,,,,,Condition,Fair,Storage,64GB Wi-Fi + Cellular,Color,Pink,IPAD-MINI-6TH-GEN-64GBWI-FIPLUSCELLULAR-PINK-FAIR,600,,deny,manual,204.99,649.00,TRUE,TRUE,
ipad-mini-6th-gen,iPad mini (6th gen),,,,,,Condition,Fair,Storage,64GB Wi-Fi + Cellular,Color,Purple,IPAD-MINI-6TH-GEN-64GBWI-FIPLUSCELLULAR-PURPLE-FAIR,600,,deny,manual,204.99,649.00,TRUE,TRUE,
ipad-mini-6th-gen,iPad mini (6th gen),,,,,,Condition,Fair,Storage,64GB Wi-Fi + Cellular,Color,Starlight,IPAD-MINI-6TH-GEN-64GBWI-FIPLUSCELLULAR-STARLIGHT-FAIR,600,,deny,manual,204.99,649.00,TRUE,TRUE,
ipad-mini-6th-gen,iPad mini (6th gen),,,,,,Condition,Fair,Storage,256GB Wi-Fi,Color,Space Gray,IPAD-MINI-6TH-GEN-256GBWI-FI-SPACEGRAY-FAIR,600,,deny,manual,204.99,649.00,TRUE,TRUE,
ipad-mini-6th-gen,iPad mini (6th gen),,,,,,Condition,Fair,Storage,256GB Wi-Fi,Color,Pink,IPAD-MINI-6TH-GEN-256GBWI-FI-PINK-FAIR,600,,deny,manual,204.99,649.00,TRUE,TRUE,
ipad-mini-6th-gen,iPad mini (6th gen),,,,,,Condition,Fair,Storage,256GB Wi-Fi,Color,Purple,IPAD-MINI-6TH-GEN-256GBWI-FI-PURPLE-FAIR,600,,deny,manual,204.99,649.00,TRUE,TRUE,
ipad-mini-6th-gen,iPad mini (6th gen),,,,,,Condition,Fair,Storage,256GB Wi-Fi,Color,Starlight,IPAD-MINI-6TH-GEN-256GBWI-FI-STARLIGHT-FAIR,600,,deny,manual,204.99,649.00,TRUE,TRUE,
ipad-mini-6th-gen,iPad mini (6th gen),,,,,,Condition,Fair,Storage,256GB Wi-Fi + Cellular,Color,Space Gray,IPAD-MINI-6TH-GEN-256GBWI-FIPLUSCELLULAR-SPACEGRAY-FAIR,600,,deny,manual,271.99,799.00,TRUE,TRUE,
ipad-mini-6th-gen,iPad mini (6th gen),,,,,,Condition,Fair,Storage,256GB Wi-Fi + Cellular,Color,Pink,IPAD-MINI-6TH-GEN-256GBWI-FIPLUSCELLULAR-PINK-FAIR,600,,deny,manual,271.99,799.00,TRUE,TRUE,
ipad-mini-6th-gen,iPad mini (6th gen),,,,,,Condition,Fair,Storage,256GB Wi-Fi + Cellular,Color,Purple,IPAD-MINI-6TH-GEN-256GBWI-FIPLUSCELLULAR-PURPLE-FAIR,600,,deny,manual,271.99,799.00,TRUE,TRUE,
ipad-mini-6th-gen,iPad mini (6th gen),,,,,,Condition,Fair,Storage,256GB Wi-Fi + Cellular,Color,Starlight,IPAD-MINI-6TH-GEN-256GBWI-FIPLUSCELLULAR-STARLIGHT-FAIR,600,,deny,manual,271.99,799.00,TRUE,TRUE,
ipad-mini-6th-gen,iPad mini (6th gen),,,,,,Condition,Good,Storage,64GB Wi-Fi,Color,Space Gray,IPAD-MINI-6TH-GEN-64GBWI-FI-SPACEGRAY-GOOD,600,,deny,manual,152.99,499.00,TRUE,TRUE,
ipad-mini-6th-gen,iPad mini (6th gen),,,,,,Condition,Good,Storage,64GB Wi-Fi,Color,Pink,IPAD-MINI-6TH-GEN-64GBWI-FI-PINK-GOOD,600,,deny,manual,152.99,499.00,TRUE,TRUE,
ipad-mini-6th-gen,iPad mini (6th gen),,,,,,Condition,Good,Storage,64GB Wi-Fi,Color,Purple,IPAD-MINI-6TH-GEN-64GBWI-FI-PURPLE-GOOD,600,,deny,manual,152.99,499.00,TRUE,TRUE,
ipad-mini-6th-gen,iPad mini (6th gen),,,,,,Condition,Good,Storage,64GB Wi-Fi,Color,Starlight,IPAD-MINI-6TH-GEN-64GBWI-FI-STARLIGHT-GOOD,600,,deny,manual,152.99,499.00,TRUE,TRUE,
ipad-mini-6th-gen,iPad mini (6th gen),,,,,,Condition,Good,Storage,64GB Wi-Fi + Cellular,Color,Space Gray,IPAD-MINI-6TH-GEN-64GBWI-FIPLUSCELLULAR-SPACEGRAY-GOOD,600,,deny,manual,219.99,649.00,TRUE,TRUE,
ipad-mini-6th-gen,iPad mini (6th gen),,,,,,Condition,Good,Storage,64GB Wi-Fi + Cellular,Color,Pink,IPAD-MINI-6TH-GEN-64GBWI-FIPLUSCELLULAR-PINK-GOOD,600,,deny,manual,219.99,649.00,TRUE,TRUE,
ipad-mini-6th-gen,iPad mini (6th gen),,,,,,Condition,Good,Storage,64GB Wi-Fi + Cellular,Color,Purple,IPAD-MINI-6TH-GEN-64GBWI-FIPLUSCELLULAR-PURPLE-GOOD,600,,deny,manual,219.99,649.00,TRUE,TRUE,
ipad-mini-6th-gen,iPad mini (6th gen),,,,,,Condition,Good,Storage,64GB Wi-Fi + Cellular,Color,Starlight,IPAD-MINI-6TH-GEN-64GBWI-FIPLUSCELLULAR-STARLIGHT-GOOD,600,,deny,manual,219.99,649.00,TRUE,TRUE,
ipad-mini-6th-gen,iPad mini (6th gen),,,,,,Condition,Good,Storage,256GB Wi-Fi,Color,Space Gray,IPAD-MINI-6TH-GEN-256GBWI-FI-SPACEGRAY-GOOD,600,,deny,manual,219.99,649.00,TRUE,TRUE,
ipad-mini-6th-gen,iPad mini (6th gen),,,,,,Condition,Good,Storage,256GB Wi-Fi,Color,Pink,IPAD-MINI-6TH-GEN-256GBWI-FI-PINK-GOOD,600,,deny,manual,219.99,649.00,TRUE,TRUE,
ipad-mini-6th-gen,iPad mini (6th gen),,,,,,Condition,Good,Storage,256GB Wi-Fi,Color,Purple,IPAD-MINI-6TH-GEN-256GBWI-FI-PURPLE-GOOD,600,,deny,manual,219.99,649.00,TRUE,TRUE,
ipad-mini-6th-gen,iPad mini (6th gen),,,,,,Condition,Good,Storage,256GB Wi-Fi,Color,Starlight,IPAD-MINI-6TH-GEN-256GBWI-FI-STARLIGHT-GOOD,600,,deny,manual,219.99,649.00,TRUE,TRUE,
ipad-mini-6th-gen,iPad mini (6th gen),,,,,,Condition,Good,Storage,256GB Wi-Fi + Cellular,Color,Space Gray,IPAD-MINI-6TH-GEN-256GBWI-FIPLUSCELLULAR-SPACEGRAY-GOOD,600,,deny,manual,287.99,799.00,TRUE,TRUE,
ipad-mini-6th-gen,iPad mini (6th gen),,,,,,Condition,Good,Storage,256GB Wi-Fi + Cellular,Color,Pink,IPAD-MINI-6TH-GEN-256GBWI-FIPLUSCELLULAR-PINK-GOOD,600,,deny,manual,287.99,799.00,TRUE,TRUE,
ipad-mini-6th-gen,iPad mini (6th gen),,,,,,Condition,Good,Storage,256GB Wi-Fi + Cellular,Color,Purple,IPAD-MINI-6TH-GEN-256GBWI-FIPLUSCELLULAR-PURPLE-GOOD,600,,deny,manual,287.99,799.00,TRUE,TRUE,
ipad-mini-6th-gen,iPad mini (6th gen),,,,,,Condition,Good,Storage,256GB Wi-Fi + Cellular,Color,Starlight,IPAD-MINI-6TH-GEN-256GBWI-FIPLUSCELLULAR-STARLIGHT-GOOD,600,,deny,manual,287.99,799.00,TRUE,TRUE,
ipad-mini-6th-gen,iPad mini (6th gen),,,,,,Condition,Excellent,Storage,64GB Wi-Fi,Color,Space Gray,IPAD-MINI-6TH-GEN-64GBWI-FI-SPACEGRAY-EXCELLENT,600,,deny,manual,170.99,499.00,TRUE,TRUE,
ipad-mini-6th-gen,iPad mini (6th gen),,,,,,Condition,Excellent,Storage,64GB Wi-Fi,Color,Pink,IPAD-MINI-6TH-GEN-64GBWI-FI-PINK-EXCELLENT,600,,deny,manual,170.99,499.00,TRUE,TRUE,
ipad-mini-6th-gen,iPad mini (6th gen),,,,,,Condition,Excellent,Storage,64GB Wi-Fi,Color,Purple,IPAD-MINI-6TH-GEN-64GBWI-FI-PURPLE-EXCELLENT,600,,deny,manual,170.99,499.00,TRUE,TRUE,
ipad-mini-6th-gen,iPad mini (6th gen),,,,,,Condition,Excellent,Storage,64GB Wi-Fi,Color,Starlight,IPAD-MINI-6TH-GEN-64GBWI-FI-STARLIGHT-EXCELLENT,600,,deny,manual,170.99,499.00,TRUE,TRUE,
ipad-mini-6th-gen,iPad mini (6th gen),,,,,,Condition,Excellent,Storage,64GB Wi-Fi + Cellular,Color,Space Gray,IPAD-MINI-6TH-GEN-64GBWI-FIPLUSCELLULAR-SPACEGRAY-EXCELLENT,600,,deny,manual,238.99,649.00,TRUE,TRUE,
ipad-mini-6th-gen,iPad mini (6th gen),,,,,,Condition,Excellent,Storage,64GB Wi-Fi + Cellular,Color,Pink,IPAD-MINI-6TH-GEN-64GBWI-FIPLUSCELLULAR-PINK-EXCELLENT,600,,deny,manual,238.99,649.00,TRUE,TRUE,
ipad-mini-6th-gen,iPad mini (6th gen),,,,,,Condition,Excellent,Storage,64GB Wi-Fi + Cellular,Color,Purple,IPAD-MINI-6TH-GEN-64GBWI-FIPLUSCELLULAR-PURPLE-EXCELLENT,600,,deny,manual,238.99,649.00,TRUE,TRUE,
ipad-mini-6th-gen,iPad mini (6th gen),,,,,,Condition,Excellent,Storage,64GB Wi-Fi + Cellular,Color,Starlight,IPAD-MINI-6TH-GEN-64GBWI-FIPLUSCELLULAR-STARLIGHT-EXCELLENT,600,,deny,manual,238.99,649.00,TRUE,TRUE,
ipad-mini-6th-gen,iPad mini (6th gen),,,,,,Condition,Excellent,Storage,256GB Wi-Fi,Color,Space Gray,IPAD-MINI-6TH-GEN-256GBWI-FI-SPACEGRAY-EXCELLENT,600,,deny,manual,238.99,649.00,TRUE,TRUE,
ipad-mini-6th-gen,iPad mini (6th gen),,,,,,Condition,Excellent,Storage,256GB Wi-Fi,Color,Pink,IPAD-MINI-6TH-GEN-256GBWI-FI-PINK-EXCELLENT,600,,deny,manual,238.99,649.00,TRUE,TRUE,
ipad-mini-6th-gen,iPad mini (6th gen),,,,,,Condition,Excellent,Storage,256GB Wi-Fi,Color,Purple,IPAD-MINI-6TH-GEN-256GBWI-FI-PURPLE-EXCELLENT,600,,deny,manual,238.99,649.00,TRUE,TRUE,
ipad-mini-6th-gen,iPad mini (6th gen),,,,,,Condition,Excellent,Storage,256GB Wi-Fi,Color,Starlight,IPAD-MINI-6TH-GEN-256GBWI-FI-STARLIGHT-EXCELLENT,600,,deny,manual,238.99,649.00,TRUE,TRUE,
ipad-mini-6th-gen,iPad mini (6th gen),,,,,,Condition,Excellent,Storage,256GB Wi-Fi + Cellular,Color,Space Gray,IPAD-MINI-6TH-GEN-256GBWI-FIPLUSCELLULAR-SPACEGRAY-EXCELLENT,600,,deny,manual,305.99,799.00,TRUE,TRUE,
ipad-mini-6th-gen,iPad mini (6th gen),,,,,,Condition,Excellent,Storage,256GB Wi-Fi + Cellular,Color,Pink,IPAD-MINI-6TH-GEN-256GBWI-FIPLUSCELLULAR-PINK-EXCELLENT,600,,deny,manual,305.99,799.00,TRUE,TRUE,
ipad-mini-6th-gen,iPad mini (6th gen),,,,,,Condition,Excellent,Storage,256GB Wi-Fi + Cellular,Color,Purple,IPAD-MINI-6TH-GEN-256GBWI-FIPLUSCELLULAR-PURPLE-EXCELLENT,600,,deny,manual,305.99,799.00,TRUE,TRUE,
ipad-mini-6th-gen,iPad mini (6th gen),,,,,,Condition,Excellent,Storage,256GB Wi-Fi + Cellular,Color,Starlight,IPAD-MINI-6TH-GEN-256GBWI-FIPLUSCELLULAR-STARLIGHT-EXCELLENT,600,,deny,manual,305.99,799.00,TRUE,TRUE,
ipad-mini-6th-gen,iPad mini (6th gen),,,,,,Condition,Premium,Storage,64GB Wi-Fi,Color,Space Gray,IPAD-MINI-6TH-GEN-64GBWI-FI-SPACEGRAY-PREMIUM,600,,deny,manual,190.99,499.00,TRUE,TRUE,
ipad-mini-6th-gen,iPad mini (6th gen),,,,,,Condition,Premium,Storage,64GB Wi-Fi,Color,Pink,IPAD-MINI-6TH-GEN-64GBWI-FI-PINK-PREMIUM,600,,deny,manual,190.99,499.00,TRUE,TRUE,
ipad-mini-6th-gen,iPad mini (6th gen),,,,,,Condition,Premium,Storage,64GB Wi-Fi,Color,Purple,IPAD-MINI-6TH-GEN-64GBWI-FI-PURPLE-PREMIUM,600,,deny,manual,190.99,499.00,TRUE,TRUE,
ipad-mini-6th-gen,iPad mini (6th gen),,,,,,Condition,Premium,Storage,64GB Wi-Fi,Color,Starlight,IPAD-MINI-6TH-GEN-64GBWI-FI-STARLIGHT-PREMIUM,600,,deny,manual,190.99,499.00,TRUE,TRUE,
ipad-mini-6th-gen,iPad mini (6th gen),,,,,,Condition,Premium,Storage,64GB Wi-Fi + Cellular,Color,Space Gray,IPAD-MINI-6TH-GEN-64GBWI-FIPLUSCELLULAR-SPACEGRAY-PREMIUM,600,,deny,manual,257.99,649.00,TRUE,TRUE,
ipad-mini-6th-gen,iPad mini (6th gen),,,,,,Condition,Premium,Storage,64GB Wi-Fi + Cellular,Color,Pink,IPAD-MINI-6TH-GEN-64GBWI-FIPLUSCELLULAR-PINK-PREMIUM,600,,deny,manual,257.99,649.00,TRUE,TRUE,
ipad-mini-6th-gen,iPad mini (6th gen),,,,,,Condition,Premium,Storage,64GB Wi-Fi + Cellular,Color,Purple,IPAD-MINI-6TH-GEN-64GBWI-FIPLUSCELLULAR-PURPLE-PREMIUM,600,,deny,manual,257.99,649.00,TRUE,TRUE,
ipad-mini-6th-gen,iPad mini (6th gen),,,,,,Condition,Premium,Storage,64GB Wi-Fi + Cellular,Color,Starlight,IPAD-MINI-6TH-GEN-64GBWI-FIPLUSCELLULAR-STARLIGHT-PREMIUM,600,,deny,manual,257.99,649.00,TRUE,TRUE,
ipad-mini-6th-gen,iPad mini (6th gen),,,,,,Condition,Premium,Storage,256GB Wi-Fi,Color,Space Gray,IPAD-MINI-6TH-GEN-256GBWI-FI-SPACEGRAY-PREMIUM,600,,deny,manual,257.99,649.00,TRUE,TRUE,
ipad-mini-6th-gen,iPad mini (6th gen),,,,,,Condition,Premium,Storage,256GB Wi-Fi,Color,Pink,IPAD-MINI-6TH-GEN-256GBWI-FI-PINK-PREMIUM,600,,deny,manual,257.99,649.00,TRUE,TRUE,
ipad-mini-6th-gen,iPad mini (6th gen),,,,,,Condition,Premium,Storage,256GB Wi-Fi,Color,Purple,IPAD-MINI-6TH-GEN-256GBWI-FI-PURPLE-PREMIUM,600,,deny,manual,257.99,649.00,TRUE,TRUE,
ipad-mini-6th-gen,iPad mini (6th gen),,,,,,Condition,Premium,Storage,256GB Wi-Fi,Color,Starlight,IPAD-MINI-6TH-GEN-256GBWI-FI-STARLIGHT-PREMIUM,600,,deny,manual,257.99,649.00,TRUE,TRUE,
ipad-mini-6th-gen,iPad mini (6th gen),,,,,,Condition,Premium,Storage,256GB Wi-Fi + Cellular,Color,Space Gray,IPAD-MINI-6TH-GEN-256GBWI-FIPLUSCELLULAR-SPACEGRAY-PREMIUM,600,,deny,manual,325.99,799.00,TRUE,TRUE,
ipad-mini-6th-gen,iPad mini (6th gen),,,,,,Condition,Premium,Storage,256GB Wi-Fi + Cellular,Color,Pink,IPAD-MINI-6TH-GEN-256GBWI-FIPLUSCELLULAR-PINK-PREMIUM,600,,deny,manual,325.99,799.00,TRUE,TRUE,
ipad-mini-6th-gen,iPad mini (6th gen),,,,,,Condition,Premium,Storage,256GB Wi-Fi + Cellular,Color,Purple,IPAD-MINI-6TH-GEN-256GBWI-FIPLUSCELLULAR-PURPLE-PREMIUM,600,,deny,manual,325.99,799.00,TRUE,TRUE,
ipad-mini-6th-gen,iPad mini (6th gen),,,,,,Condition,Premium,Storage,256GB Wi-Fi + Cellular,Color,Starlight,IPAD-MINI-6TH-GEN-256GBWI-FIPLUSCELLULAR-STARLIGHT-PREMIUM,600,,deny,manual,325.99,799.00,TRUE,TRUE,
ipad-mini-a17-pro,iPad mini (A17 Pro),"<p>iPad mini (A17 Pro). Professionally refurbished, tested on up to 100 points, wiped and reset. Cellular models are unlocked. 1-year warranty and free 30-day returns.</p><p><strong>Premium</strong> grade includes a brand-new battery.</p>",Apple,Tablet,"condition:refurbished, iPad, Apple, Tablets",TRUE,Condition,Fair,Storage,128GB Wi-Fi,Color,Space Gray,IPAD-MINI-A17-PRO-128GBWI-FI-SPACEGRAY-FAIR,600,,deny,manual,228.99,499.00,TRUE,TRUE,draft
ipad-mini-a17-pro,iPad mini (A17 Pro),,,,,,Condition,Fair,Storage,128GB Wi-Fi,Color,Blue,IPAD-MINI-A17-PRO-128GBWI-FI-BLUE-FAIR,600,,deny,manual,228.99,499.00,TRUE,TRUE,
ipad-mini-a17-pro,iPad mini (A17 Pro),,,,,,Condition,Fair,Storage,128GB Wi-Fi,Color,Purple,IPAD-MINI-A17-PRO-128GBWI-FI-PURPLE-FAIR,600,,deny,manual,228.99,499.00,TRUE,TRUE,
ipad-mini-a17-pro,iPad mini (A17 Pro),,,,,,Condition,Fair,Storage,128GB Wi-Fi,Color,Starlight,IPAD-MINI-A17-PRO-128GBWI-FI-STARLIGHT-FAIR,600,,deny,manual,228.99,499.00,TRUE,TRUE,
ipad-mini-a17-pro,iPad mini (A17 Pro),,,,,,Condition,Fair,Storage,128GB Wi-Fi + Cellular,Color,Space Gray,IPAD-MINI-A17-PRO-128GBWI-FIPLUSCELLULAR-SPACEGRAY-FAIR,600,,deny,manual,296.99,649.00,TRUE,TRUE,
ipad-mini-a17-pro,iPad mini (A17 Pro),,,,,,Condition,Fair,Storage,128GB Wi-Fi + Cellular,Color,Blue,IPAD-MINI-A17-PRO-128GBWI-FIPLUSCELLULAR-BLUE-FAIR,600,,deny,manual,296.99,649.00,TRUE,TRUE,
ipad-mini-a17-pro,iPad mini (A17 Pro),,,,,,Condition,Fair,Storage,128GB Wi-Fi + Cellular,Color,Purple,IPAD-MINI-A17-PRO-128GBWI-FIPLUSCELLULAR-PURPLE-FAIR,600,,deny,manual,296.99,649.00,TRUE,TRUE,
ipad-mini-a17-pro,iPad mini (A17 Pro),,,,,,Condition,Fair,Storage,128GB Wi-Fi + Cellular,Color,Starlight,IPAD-MINI-A17-PRO-128GBWI-FIPLUSCELLULAR-STARLIGHT-FAIR,600,,deny,manual,296.99,649.00,TRUE,TRUE,
ipad-mini-a17-pro,iPad mini (A17 Pro),,,,,,Condition,Fair,Storage,256GB Wi-Fi,Color,Space Gray,IPAD-MINI-A17-PRO-256GBWI-FI-SPACEGRAY-FAIR,600,,deny,manual,273.99,599.00,TRUE,TRUE,
ipad-mini-a17-pro,iPad mini (A17 Pro),,,,,,Condition,Fair,Storage,256GB Wi-Fi,Color,Blue,IPAD-MINI-A17-PRO-256GBWI-FI-BLUE-FAIR,600,,deny,manual,273.99,599.00,TRUE,TRUE,
ipad-mini-a17-pro,iPad mini (A17 Pro),,,,,,Condition,Fair,Storage,256GB Wi-Fi,Color,Purple,IPAD-MINI-A17-PRO-256GBWI-FI-PURPLE-FAIR,600,,deny,manual,273.99,599.00,TRUE,TRUE,
ipad-mini-a17-pro,iPad mini (A17 Pro),,,,,,Condition,Fair,Storage,256GB Wi-Fi,Color,Starlight,IPAD-MINI-A17-PRO-256GBWI-FI-STARLIGHT-FAIR,600,,deny,manual,273.99,599.00,TRUE,TRUE,
ipad-mini-a17-pro,iPad mini (A17 Pro),,,,,,Condition,Fair,Storage,256GB Wi-Fi + Cellular,Color,Space Gray,IPAD-MINI-A17-PRO-256GBWI-FIPLUSCELLULAR-SPACEGRAY-FAIR,600,,deny,manual,341.99,749.00,TRUE,TRUE,
ipad-mini-a17-pro,iPad mini (A17 Pro),,,,,,Condition,Fair,Storage,256GB Wi-Fi + Cellular,Color,Blue,IPAD-MINI-A17-PRO-256GBWI-FIPLUSCELLULAR-BLUE-FAIR,600,,deny,manual,341.99,749.00,TRUE,TRUE,
ipad-mini-a17-pro,iPad mini (A17 Pro),,,,,,Condition,Fair,Storage,256GB Wi-Fi + Cellular,Color,Purple,IPAD-MINI-A17-PRO-256GBWI-FIPLUSCELLULAR-PURPLE-FAIR,600,,deny,manual,341.99,749.00,TRUE,TRUE,
ipad-mini-a17-pro,iPad mini (A17 Pro),,,,,,Condition,Fair,Storage,256GB Wi-Fi + Cellular,Color,Starlight,IPAD-MINI-A17-PRO-256GBWI-FIPLUSCELLULAR-STARLIGHT-FAIR,600,,deny,manual,341.99,749.00,TRUE,TRUE,
ipad-mini-a17-pro,iPad mini (A17 Pro),,,,,,Condition,Fair,Storage,512GB Wi-Fi,Color,Space Gray,IPAD-MINI-A17-PRO-512GBWI-FI-SPACEGRAY-FAIR,600,,deny,manual,363.99,799.00,TRUE,TRUE,
ipad-mini-a17-pro,iPad mini (A17 Pro),,,,,,Condition,Fair,Storage,512GB Wi-Fi,Color,Blue,IPAD-MINI-A17-PRO-512GBWI-FI-BLUE-FAIR,600,,deny,manual,363.99,799.00,TRUE,TRUE,
ipad-mini-a17-pro,iPad mini (A17 Pro),,,,,,Condition,Fair,Storage,512GB Wi-Fi,Color,Purple,IPAD-MINI-A17-PRO-512GBWI-FI-PURPLE-FAIR,600,,deny,manual,363.99,799.00,TRUE,TRUE,
ipad-mini-a17-pro,iPad mini (A17 Pro),,,,,,Condition,Fair,Storage,512GB Wi-Fi,Color,Starlight,IPAD-MINI-A17-PRO-512GBWI-FI-STARLIGHT-FAIR,600,,deny,manual,363.99,799.00,TRUE,TRUE,
ipad-mini-a17-pro,iPad mini (A17 Pro),,,,,,Condition,Fair,Storage,512GB Wi-Fi + Cellular,Color,Space Gray,IPAD-MINI-A17-PRO-512GBWI-FIPLUSCELLULAR-SPACEGRAY-FAIR,600,,deny,manual,431.99,949.00,TRUE,TRUE,
ipad-mini-a17-pro,iPad mini (A17 Pro),,,,,,Condition,Fair,Storage,512GB Wi-Fi + Cellular,Color,Blue,IPAD-MINI-A17-PRO-512GBWI-FIPLUSCELLULAR-BLUE-FAIR,600,,deny,manual,431.99,949.00,TRUE,TRUE,
ipad-mini-a17-pro,iPad mini (A17 Pro),,,,,,Condition,Fair,Storage,512GB Wi-Fi + Cellular,Color,Purple,IPAD-MINI-A17-PRO-512GBWI-FIPLUSCELLULAR-PURPLE-FAIR,600,,deny,manual,431.99,949.00,TRUE,TRUE,
ipad-mini-a17-pro,iPad mini (A17 Pro),,,,,,Condition,Fair,Storage,512GB Wi-Fi + Cellular,Color,Starlight,IPAD-MINI-A17-PRO-512GBWI-FIPLUSCELLULAR-STARLIGHT-FAIR,600,,deny,manual,431.99,949.00,TRUE,TRUE,
ipad-mini-a17-pro,iPad mini (A17 Pro),,,,,,Condition,Good,Storage,128GB Wi-Fi,Color,Space Gray,IPAD-MINI-A17-PRO-128GBWI-FI-SPACEGRAY-GOOD,600,,deny,manual,253.99,499.00,TRUE,TRUE,
ipad-mini-a17-pro,iPad mini (A17 Pro),,,,,,Condition,Good,Storage,128GB Wi-Fi,Color,Blue,IPAD-MINI-A17-PRO-128GBWI-FI-BLUE-GOOD,600,,deny,manual,253.99,499.00,TRUE,TRUE,
ipad-mini-a17-pro,iPad mini (A17 Pro),,,,,,Condition,Good,Storage,128GB Wi-Fi,Color,Purple,IPAD-MINI-A17-PRO-128GBWI-FI-PURPLE-GOOD,600,,deny,manual,253.99,499.00,TRUE,TRUE,
ipad-mini-a17-pro,iPad mini (A17 Pro),,,,,,Condition,Good,Storage,128GB Wi-Fi,Color,Starlight,IPAD-MINI-A17-PRO-128GBWI-FI-STARLIGHT-GOOD,600,,deny,manual,253.99,499.00,TRUE,TRUE,
ipad-mini-a17-pro,iPad mini (A17 Pro),,,,,,Condition,Good,Storage,128GB Wi-Fi + Cellular,Color,Space Gray,IPAD-MINI-A17-PRO-128GBWI-FIPLUSCELLULAR-SPACEGRAY-GOOD,600,,deny,manual,321.99,649.00,TRUE,TRUE,
ipad-mini-a17-pro,iPad mini (A17 Pro),,,,,,Condition,Good,Storage,128GB Wi-Fi + Cellular,Color,Blue,IPAD-MINI-A17-PRO-128GBWI-FIPLUSCELLULAR-BLUE-GOOD,600,,deny,manual,321.99,649.00,TRUE,TRUE,
ipad-mini-a17-pro,iPad mini (A17 Pro),,,,,,Condition,Good,Storage,128GB Wi-Fi + Cellular,Color,Purple,IPAD-MINI-A17-PRO-128GBWI-FIPLUSCELLULAR-PURPLE-GOOD,600,,deny,manual,321.99,649.00,TRUE,TRUE,
ipad-mini-a17-pro,iPad mini (A17 Pro),,,,,,Condition,Good,Storage,128GB Wi-Fi + Cellular,Color,Starlight,IPAD-MINI-A17-PRO-128GBWI-FIPLUSCELLULAR-STARLIGHT-GOOD,600,,deny,manual,321.99,649.00,TRUE,TRUE,
ipad-mini-a17-pro,iPad mini (A17 Pro),,,,,,Condition,Good,Storage,256GB Wi-Fi,Color,Space Gray,IPAD-MINI-A17-PRO-256GBWI-FI-SPACEGRAY-GOOD,600,,deny,manual,298.99,599.00,TRUE,TRUE,
ipad-mini-a17-pro,iPad mini (A17 Pro),,,,,,Condition,Good,Storage,256GB Wi-Fi,Color,Blue,IPAD-MINI-A17-PRO-256GBWI-FI-BLUE-GOOD,600,,deny,manual,298.99,599.00,TRUE,TRUE,
ipad-mini-a17-pro,iPad mini (A17 Pro),,,,,,Condition,Good,Storage,256GB Wi-Fi,Color,Purple,IPAD-MINI-A17-PRO-256GBWI-FI-PURPLE-GOOD,600,,deny,manual,298.99,599.00,TRUE,TRUE,
ipad-mini-a17-pro,iPad mini (A17 Pro),,,,,,Condition,Good,Storage,256GB Wi-Fi,Color,Starlight,IPAD-MINI-A17-PRO-256GBWI-FI-STARLIGHT-GOOD,600,,deny,manual,298.99,599.00,TRUE,TRUE,
ipad-mini-a17-pro,iPad mini (A17 Pro),,,,,,Condition,Good,Storage,256GB Wi-Fi + Cellular,Color,Space Gray,IPAD-MINI-A17-PRO-256GBWI-FIPLUSCELLULAR-SPACEGRAY-GOOD,600,,deny,manual,366.99,749.00,TRUE,TRUE,
ipad-mini-a17-pro,iPad mini (A17 Pro),,,,,,Condition,Good,Storage,256GB Wi-Fi + Cellular,Color,Blue,IPAD-MINI-A17-PRO-256GBWI-FIPLUSCELLULAR-BLUE-GOOD,600,,deny,manual,366.99,749.00,TRUE,TRUE,
ipad-mini-a17-pro,iPad mini (A17 Pro),,,,,,Condition,Good,Storage,256GB Wi-Fi + Cellular,Color,Purple,IPAD-MINI-A17-PRO-256GBWI-FIPLUSCELLULAR-PURPLE-GOOD,600,,deny,manual,366.99,749.00,TRUE,TRUE,
ipad-mini-a17-pro,iPad mini (A17 Pro),,,,,,Condition,Good,Storage,256GB Wi-Fi + Cellular,Color,Starlight,IPAD-MINI-A17-PRO-256GBWI-FIPLUSCELLULAR-STARLIGHT-GOOD,600,,deny,manual,366.99,749.00,TRUE,TRUE,
ipad-mini-a17-pro,iPad mini (A17 Pro),,,,,,Condition,Good,Storage,512GB Wi-Fi,Color,Space Gray,IPAD-MINI-A17-PRO-512GBWI-FI-SPACEGRAY-GOOD,600,,deny,manual,388.99,799.00,TRUE,TRUE,
ipad-mini-a17-pro,iPad mini (A17 Pro),,,,,,Condition,Good,Storage,512GB Wi-Fi,Color,Blue,IPAD-MINI-A17-PRO-512GBWI-FI-BLUE-GOOD,600,,deny,manual,388.99,799.00,TRUE,TRUE,
ipad-mini-a17-pro,iPad mini (A17 Pro),,,,,,Condition,Good,Storage,512GB Wi-Fi,Color,Purple,IPAD-MINI-A17-PRO-512GBWI-FI-PURPLE-GOOD,600,,deny,manual,388.99,799.00,TRUE,TRUE,
ipad-mini-a17-pro,iPad mini (A17 Pro),,,,,,Condition,Good,Storage,512GB Wi-Fi,Color,Starlight,IPAD-MINI-A17-PRO-512GBWI-FI-STARLIGHT-GOOD,600,,deny,manual,388.99,799.00,TRUE,TRUE,
ipad-mini-a17-pro,iPad mini (A17 Pro),,,,,,Condition,Good,Storage,512GB Wi-Fi + Cellular,Color,Space Gray,IPAD-MINI-A17-PRO-512GBWI-FIPLUSCELLULAR-SPACEGRAY-GOOD,600,,deny,manual,456.99,949.00,TRUE,TRUE,
ipad-mini-a17-pro,iPad mini (A17 Pro),,,,,,Condition,Good,Storage,512GB Wi-Fi + Cellular,Color,Blue,IPAD-MINI-A17-PRO-512GBWI-FIPLUSCELLULAR-BLUE-GOOD,600,,deny,manual,456.99,949.00,TRUE,TRUE,
ipad-mini-a17-pro,iPad mini (A17 Pro),,,,,,Condition,Good,Storage,512GB Wi-Fi + Cellular,Color,Purple,IPAD-MINI-A17-PRO-512GBWI-FIPLUSCELLULAR-PURPLE-GOOD,600,,deny,manual,456.99,949.00,TRUE,TRUE,
ipad-mini-a17-pro,iPad mini (A17 Pro),,,,,,Condition,Good,Storage,512GB Wi-Fi + Cellular,Color,Starlight,IPAD-MINI-A17-PRO-512GBWI-FIPLUSCELLULAR-STARLIGHT-GOOD,600,,deny,manual,456.99,949.00,TRUE,TRUE,
ipad-mini-a17-pro,iPad mini (A17 Pro),,,,,,Condition,Excellent,Storage,128GB Wi-Fi,Color,Space Gray,IPAD-MINI-A17-PRO-128GBWI-FI-SPACEGRAY-EXCELLENT,600,,deny,manual,284.99,499.00,TRUE,TRUE,
ipad-mini-a17-pro,iPad mini (A17 Pro),,,,,,Condition,Excellent,Storage,128GB Wi-Fi,Color,Blue,IPAD-MINI-A17-PRO-128GBWI-FI-BLUE-EXCELLENT,600,,deny,manual,284.99,499.00,TRUE,TRUE,
ipad-mini-a17-pro,iPad mini (A17 Pro),,,,,,Condition,Excellent,Storage,128GB Wi-Fi,Color,Purple,IPAD-MINI-A17-PRO-128GBWI-FI-PURPLE-EXCELLENT,600,,deny,manual,284.99,499.00,TRUE,TRUE,
ipad-mini-a17-pro,iPad mini (A17 Pro),,,,,,Condition,Excellent,Storage,128GB Wi-Fi,Color,Starlight,IPAD-MINI-A17-PRO-128GBWI-FI-STARLIGHT-EXCELLENT,600,,deny,manual,284.99,499.00,TRUE,TRUE,
ipad-mini-a17-pro,iPad mini (A17 Pro),,,,,,Condition,Excellent,Storage,128GB Wi-Fi + Cellular,Color,Space Gray,IPAD-MINI-A17-PRO-128GBWI-FIPLUSCELLULAR-SPACEGRAY-EXCELLENT,600,,deny,manual,352.99,649.00,TRUE,TRUE,
ipad-mini-a17-pro,iPad mini (A17 Pro),,,,,,Condition,Excellent,Storage,128GB Wi-Fi + Cellular,Color,Blue,IPAD-MINI-A17-PRO-128GBWI-FIPLUSCELLULAR-BLUE-EXCELLENT,600,,deny,manual,352.99,649.00,TRUE,TRUE,
ipad-mini-a17-pro,iPad mini (A17 Pro),,,,,,Condition,Excellent,Storage,128GB Wi-Fi + Cellular,Color,Purple,IPAD-MINI-A17-PRO-128GBWI-FIPLUSCELLULAR-PURPLE-EXCELLENT,600,,deny,manual,352.99,649.00,TRUE,TRUE,
ipad-mini-a17-pro,iPad mini (A17 Pro),,,,,,Condition,Excellent,Storage,128GB Wi-Fi + Cellular,Color,Starlight,IPAD-MINI-A17-PRO-128GBWI-FIPLUSCELLULAR-STARLIGHT-EXCELLENT,600,,deny,manual,352.99,649.00,TRUE,TRUE,
ipad-mini-a17-pro,iPad mini (A17 Pro),,,,,,Condition,Excellent,Storage,256GB Wi-Fi,Color,Space Gray,IPAD-MINI-A17-PRO-256GBWI-FI-SPACEGRAY-EXCELLENT,600,,deny,manual,329.99,599.00,TRUE,TRUE,
ipad-mini-a17-pro,iPad mini (A17 Pro),,,,,,Condition,Excellent,Storage,256GB Wi-Fi,Color,Blue,IPAD-MINI-A17-PRO-256GBWI-FI-BLUE-EXCELLENT,600,,deny,manual,329.99,599.00,TRUE,TRUE,
ipad-mini-a17-pro,iPad mini (A17 Pro),,,,,,Condition,Excellent,Storage,256GB Wi-Fi,Color,Purple,IPAD-MINI-A17-PRO-256GBWI-FI-PURPLE-EXCELLENT,600,,deny,manual,329.99,599.00,TRUE,TRUE,
ipad-mini-a17-pro,iPad mini (A17 Pro),,,,,,Condition,Excellent,Storage,256GB Wi-Fi,Color,Starlight,IPAD-MINI-A17-PRO-256GBWI-FI-STARLIGHT-EXCELLENT,600,,deny,manual,329.99,599.00,TRUE,TRUE,
ipad-mini-a17-pro,iPad mini (A17 Pro),,,,,,Condition,Excellent,Storage,256GB Wi-Fi + Cellular,Color,Space Gray,IPAD-MINI-A17-PRO-256GBWI-FIPLUSCELLULAR-SPACEGRAY-EXCELLENT,600,,deny,manual,397.99,749.00,TRUE,TRUE,
ipad-mini-a17-pro,iPad mini (A17 Pro),,,,,,Condition,Excellent,Storage,256GB Wi-Fi + Cellular,Color,Blue,IPAD-MINI-A17-PRO-256GBWI-FIPLUSCELLULAR-BLUE-EXCELLENT,600,,deny,manual,397.99,749.00,TRUE,TRUE,
ipad-mini-a17-pro,iPad mini (A17 Pro),,,,,,Condition,Excellent,Storage,256GB Wi-Fi + Cellular,Color,Purple,IPAD-MINI-A17-PRO-256GBWI-FIPLUSCELLULAR-PURPLE-EXCELLENT,600,,deny,manual,397.99,749.00,TRUE,TRUE,
ipad-mini-a17-pro,iPad mini (A17 Pro),,,,,,Condition,Excellent,Storage,256GB Wi-Fi + Cellular,Color,Starlight,IPAD-MINI-A17-PRO-256GBWI-FIPLUSCELLULAR-STARLIGHT-EXCELLENT,600,,deny,manual,397.99,749.00,TRUE,TRUE,
ipad-mini-a17-pro,iPad mini (A17 Pro),,,,,,Condition,Excellent,Storage,512GB Wi-Fi,Color,Space Gray,IPAD-MINI-A17-PRO-512GBWI-FI-SPACEGRAY-EXCELLENT,600,,deny,manual,419.99,799.00,TRUE,TRUE,
ipad-mini-a17-pro,iPad mini (A17 Pro),,,,,,Condition,Excellent,Storage,512GB Wi-Fi,Color,Blue,IPAD-MINI-A17-PRO-512GBWI-FI-BLUE-EXCELLENT,600,,deny,manual,419.99,799.00,TRUE,TRUE,
ipad-mini-a17-pro,iPad mini (A17 Pro),,,,,,Condition,Excellent,Storage,512GB Wi-Fi,Color,Purple,IPAD-MINI-A17-PRO-512GBWI-FI-PURPLE-EXCELLENT,600,,deny,manual,419.99,799.00,TRUE,TRUE,
ipad-mini-a17-pro,iPad mini (A17 Pro),,,,,,Condition,Excellent,Storage,512GB Wi-Fi,Color,Starlight,IPAD-MINI-A17-PRO-512GBWI-FI-STARLIGHT-EXCELLENT,600,,deny,manual,419.99,799.00,TRUE,TRUE,
ipad-mini-a17-pro,iPad mini (A17 Pro),,,,,,Condition,Excellent,Storage,512GB Wi-Fi + Cellular,Color,Space Gray,IPAD-MINI-A17-PRO-512GBWI-FIPLUSCELLULAR-SPACEGRAY-EXCELLENT,600,,deny,manual,487.99,949.00,TRUE,TRUE,
ipad-mini-a17-pro,iPad mini (A17 Pro),,,,,,Condition,Excellent,Storage,512GB Wi-Fi + Cellular,Color,Blue,IPAD-MINI-A17-PRO-512GBWI-FIPLUSCELLULAR-BLUE-EXCELLENT,600,,deny,manual,487.99,949.00,TRUE,TRUE,
ipad-mini-a17-pro,iPad mini (A17 Pro),,,,,,Condition,Excellent,Storage,512GB Wi-Fi + Cellular,Color,Purple,IPAD-MINI-A17-PRO-512GBWI-FIPLUSCELLULAR-PURPLE-EXCELLENT,600,,deny,manual,487.99,949.00,TRUE,TRUE,
ipad-mini-a17-pro,iPad mini (A17 Pro),,,,,,Condition,Excellent,Storage,512GB Wi-Fi + Cellular,Color,Starlight,IPAD-MINI-A17-PRO-512GBWI-FIPLUSCELLULAR-STARLIGHT-EXCELLENT,600,,deny,manual,487.99,949.00,TRUE,TRUE,
ipad-mini-a17-pro,iPad mini (A17 Pro),,,,,,Condition,Premium,Storage,128GB Wi-Fi,Color,Space Gray,IPAD-MINI-A17-PRO-128GBWI-FI-SPACEGRAY-PREMIUM,600,,deny,manual,317.99,499.00,TRUE,TRUE,
ipad-mini-a17-pro,iPad mini (A17 Pro),,,,,,Condition,Premium,Storage,128GB Wi-Fi,Color,Blue,IPAD-MINI-A17-PRO-128GBWI-FI-BLUE-PREMIUM,600,,deny,manual,317.99,499.00,TRUE,TRUE,
ipad-mini-a17-pro,iPad mini (A17 Pro),,,,,,Condition,Premium,Storage,128GB Wi-Fi,Color,Purple,IPAD-MINI-A17-PRO-128GBWI-FI-PURPLE-PREMIUM,600,,deny,manual,317.99,499.00,TRUE,TRUE,
ipad-mini-a17-pro,iPad mini (A17 Pro),,,,,,Condition,Premium,Storage,128GB Wi-Fi,Color,Starlight,IPAD-MINI-A17-PRO-128GBWI-FI-STARLIGHT-PREMIUM,600,,deny,manual,317.99,499.00,TRUE,TRUE,
ipad-mini-a17-pro,iPad mini (A17 Pro),,,,,,Condition,Premium,Storage,128GB Wi-Fi + Cellular,Color,Space Gray,IPAD-MINI-A17-PRO-128GBWI-FIPLUSCELLULAR-SPACEGRAY-PREMIUM,600,,deny,manual,385.99,649.00,TRUE,TRUE,
ipad-mini-a17-pro,iPad mini (A17 Pro),,,,,,Condition,Premium,Storage,128GB Wi-Fi + Cellular,Color,Blue,IPAD-MINI-A17-PRO-128GBWI-FIPLUSCELLULAR-BLUE-PREMIUM,600,,deny,manual,385.99,649.00,TRUE,TRUE,
ipad-mini-a17-pro,iPad mini (A17 Pro),,,,,,Condition,Premium,Storage,128GB Wi-Fi + Cellular,Color,Purple,IPAD-MINI-A17-PRO-128GBWI-FIPLUSCELLULAR-PURPLE-PREMIUM,600,,deny,manual,385.99,649.00,TRUE,TRUE,
ipad-mini-a17-pro,iPad mini (A17 Pro),,,,,,Condition,Premium,Storage,128GB Wi-Fi + Cellular,Color,Starlight,IPAD-MINI-A17-PRO-128GBWI-FIPLUSCELLULAR-STARLIGHT-PREMIUM,600,,deny,manual,385.99,649.00,TRUE,TRUE,
ipad-mini-a17-pro,iPad mini (A17 Pro),,,,,,Condition,Premium,Storage,256GB Wi-Fi,Color,Space Gray,IPAD-MINI-A17-PRO-256GBWI-FI-SPACEGRAY-PREMIUM,600,,deny,manual,362.99,599.00,TRUE,TRUE,
ipad-mini-a17-pro,iPad mini (A17 Pro),,,,,,Condition,Premium,Storage,256GB Wi-Fi,Color,Blue,IPAD-MINI-A17-PRO-256GBWI-FI-BLUE-PREMIUM,600,,deny,manual,362.99,599.00,TRUE,TRUE,
ipad-mini-a17-pro,iPad mini (A17 Pro),,,,,,Condition,Premium,Storage,256GB Wi-Fi,Color,Purple,IPAD-MINI-A17-PRO-256GBWI-FI-PURPLE-PREMIUM,600,,deny,manual,362.99,599.00,TRUE,TRUE,
ipad-mini-a17-pro,iPad mini (A17 Pro),,,,,,Condition,Premium,Storage,256GB Wi-Fi,Color,Starlight,IPAD-MINI-A17-PRO-256GBWI-FI-STARLIGHT-PREMIUM,600,,deny,manual,362.99,599.00,TRUE,TRUE,
ipad-mini-a17-pro,iPad mini (A17 Pro),,,,,,Condition,Premium,Storage,256GB Wi-Fi + Cellular,Color,Space Gray,IPAD-MINI-A17-PRO-256GBWI-FIPLUSCELLULAR-SPACEGRAY-PREMIUM,600,,deny,manual,430.99,749.00,TRUE,TRUE,
ipad-mini-a17-pro,iPad mini (A17 Pro),,,,,,Condition,Premium,Storage,256GB Wi-Fi + Cellular,Color,Blue,IPAD-MINI-A17-PRO-256GBWI-FIPLUSCELLULAR-BLUE-PREMIUM,600,,deny,manual,430.99,749.00,TRUE,TRUE,
ipad-mini-a17-pro,iPad mini (A17 Pro),,,,,,Condition,Premium,Storage,256GB Wi-Fi + Cellular,Color,Purple,IPAD-MINI-A17-PRO-256GBWI-FIPLUSCELLULAR-PURPLE-PREMIUM,600,,deny,manual,430.99,749.00,TRUE,TRUE,
ipad-mini-a17-pro,iPad mini (A17 Pro),,,,,,Condition,Premium,Storage,256GB Wi-Fi + Cellular,Color,Starlight,IPAD-MINI-A17-PRO-256GBWI-FIPLUSCELLULAR-STARLIGHT-PREMIUM,600,,deny,manual,430.99,749.00,TRUE,TRUE,
ipad-mini-a17-pro,iPad mini (A17 Pro),,,,,,Condition,Premium,Storage,512GB Wi-Fi,Color,Space Gray,IPAD-MINI-A17-PRO-512GBWI-FI-SPACEGRAY-PREMIUM,600,,deny,manual,452.99,799.00,TRUE,TRUE,
ipad-mini-a17-pro,iPad mini (A17 Pro),,,,,,Condition,Premium,Storage,512GB Wi-Fi,Color,Blue,IPAD-MINI-A17-PRO-512GBWI-FI-BLUE-PREMIUM,600,,deny,manual,452.99,799.00,TRUE,TRUE,
ipad-mini-a17-pro,iPad mini (A17 Pro),,,,,,Condition,Premium,Storage,512GB Wi-Fi,Color,Purple,IPAD-MINI-A17-PRO-512GBWI-FI-PURPLE-PREMIUM,600,,deny,manual,452.99,799.00,TRUE,TRUE,
ipad-mini-a17-pro,iPad mini (A17 Pro),,,,,,Condition,Premium,Storage,512GB Wi-Fi,Color,Starlight,IPAD-MINI-A17-PRO-512GBWI-FI-STARLIGHT-PREMIUM,600,,deny,manual,452.99,799.00,TRUE,TRUE,
ipad-mini-a17-pro,iPad mini (A17 Pro),,,,,,Condition,Premium,Storage,512GB Wi-Fi + Cellular,Color,Space Gray,IPAD-MINI-A17-PRO-512GBWI-FIPLUSCELLULAR-SPACEGRAY-PREMIUM,600,,deny,manual,520.99,949.00,TRUE,TRUE,
ipad-mini-a17-pro,iPad mini (A17 Pro),,,,,,Condition,Premium,Storage,512GB Wi-Fi + Cellular,Color,Blue,IPAD-MINI-A17-PRO-512GBWI-FIPLUSCELLULAR-BLUE-PREMIUM,600,,deny,manual,520.99,949.00,TRUE,TRUE,
ipad-mini-a17-pro,iPad mini (A17 Pro),,,,,,Condition,Premium,Storage,512GB Wi-Fi + Cellular,Color,Purple,IPAD-MINI-A17-PRO-512GBWI-FIPLUSCELLULAR-PURPLE-PREMIUM,600,,deny,manual,520.99,949.00,TRUE,TRUE,
ipad-mini-a17-pro,iPad mini (A17 Pro),,,,,,Condition,Premium,Storage,512GB Wi-Fi + Cellular,Color,Starlight,IPAD-MINI-A17-PRO-512GBWI-FIPLUSCELLULAR-STARLIGHT-PREMIUM,600,,deny,manual,520.99,949.00,TRUE,TRUE,
ipad-air-5th-gen-m1,"iPad Air (5th gen, M1)","<p>iPad Air (5th gen, M1). Professionally refurbished, tested on up to 100 points, wiped and reset. Cellular models are unlocked. 1-year warranty and free 30-day returns.</p><p><strong>Premium</strong> grade includes a brand-new battery.</p>",Apple,Tablet,"condition:refurbished, iPad, Apple, Tablets",TRUE,Condition,Fair,Storage,64GB Wi-Fi,Color,Space Gray,IPAD-AIR-5TH-GEN-M1-64GBWI-FI-SPACEGRAY-FAIR,600,,deny,manual,191.99,599.00,TRUE,TRUE,draft
ipad-air-5th-gen-m1,"iPad Air (5th gen, M1)",,,,,,Condition,Fair,Storage,64GB Wi-Fi,Color,Starlight,IPAD-AIR-5TH-GEN-M1-64GBWI-FI-STARLIGHT-FAIR,600,,deny,manual,191.99,599.00,TRUE,TRUE,
ipad-air-5th-gen-m1,"iPad Air (5th gen, M1)",,,,,,Condition,Fair,Storage,64GB Wi-Fi,Color,Pink,IPAD-AIR-5TH-GEN-M1-64GBWI-FI-PINK-FAIR,600,,deny,manual,191.99,599.00,TRUE,TRUE,
ipad-air-5th-gen-m1,"iPad Air (5th gen, M1)",,,,,,Condition,Fair,Storage,64GB Wi-Fi,Color,Purple,IPAD-AIR-5TH-GEN-M1-64GBWI-FI-PURPLE-FAIR,600,,deny,manual,191.99,599.00,TRUE,TRUE,
ipad-air-5th-gen-m1,"iPad Air (5th gen, M1)",,,,,,Condition,Fair,Storage,64GB Wi-Fi,Color,Blue,IPAD-AIR-5TH-GEN-M1-64GBWI-FI-BLUE-FAIR,600,,deny,manual,191.99,599.00,TRUE,TRUE,
ipad-air-5th-gen-m1,"iPad Air (5th gen, M1)",,,,,,Condition,Fair,Storage,64GB Wi-Fi + Cellular,Color,Space Gray,IPAD-AIR-5TH-GEN-M1-64GBWI-FIPLUSCELLULAR-SPACEGRAY-FAIR,600,,deny,manual,259.99,749.00,TRUE,TRUE,
ipad-air-5th-gen-m1,"iPad Air (5th gen, M1)",,,,,,Condition,Fair,Storage,64GB Wi-Fi + Cellular,Color,Starlight,IPAD-AIR-5TH-GEN-M1-64GBWI-FIPLUSCELLULAR-STARLIGHT-FAIR,600,,deny,manual,259.99,749.00,TRUE,TRUE,
ipad-air-5th-gen-m1,"iPad Air (5th gen, M1)",,,,,,Condition,Fair,Storage,64GB Wi-Fi + Cellular,Color,Pink,IPAD-AIR-5TH-GEN-M1-64GBWI-FIPLUSCELLULAR-PINK-FAIR,600,,deny,manual,259.99,749.00,TRUE,TRUE,
ipad-air-5th-gen-m1,"iPad Air (5th gen, M1)",,,,,,Condition,Fair,Storage,64GB Wi-Fi + Cellular,Color,Purple,IPAD-AIR-5TH-GEN-M1-64GBWI-FIPLUSCELLULAR-PURPLE-FAIR,600,,deny,manual,259.99,749.00,TRUE,TRUE,
ipad-air-5th-gen-m1,"iPad Air (5th gen, M1)",,,,,,Condition,Fair,Storage,64GB Wi-Fi + Cellular,Color,Blue,IPAD-AIR-5TH-GEN-M1-64GBWI-FIPLUSCELLULAR-BLUE-FAIR,600,,deny,manual,259.99,749.00,TRUE,TRUE,
ipad-air-5th-gen-m1,"iPad Air (5th gen, M1)",,,,,,Condition,Fair,Storage,256GB Wi-Fi,Color,Space Gray,IPAD-AIR-5TH-GEN-M1-256GBWI-FI-SPACEGRAY-FAIR,600,,deny,manual,259.99,749.00,TRUE,TRUE,
ipad-air-5th-gen-m1,"iPad Air (5th gen, M1)",,,,,,Condition,Fair,Storage,256GB Wi-Fi,Color,Starlight,IPAD-AIR-5TH-GEN-M1-256GBWI-FI-STARLIGHT-FAIR,600,,deny,manual,259.99,749.00,TRUE,TRUE,
ipad-air-5th-gen-m1,"iPad Air (5th gen, M1)",,,,,,Condition,Fair,Storage,256GB Wi-Fi,Color,Pink,IPAD-AIR-5TH-GEN-M1-256GBWI-FI-PINK-FAIR,600,,deny,manual,259.99,749.00,TRUE,TRUE,
ipad-air-5th-gen-m1,"iPad Air (5th gen, M1)",,,,,,Condition,Fair,Storage,256GB Wi-Fi,Color,Purple,IPAD-AIR-5TH-GEN-M1-256GBWI-FI-PURPLE-FAIR,600,,deny,manual,259.99,749.00,TRUE,TRUE,
ipad-air-5th-gen-m1,"iPad Air (5th gen, M1)",,,,,,Condition,Fair,Storage,256GB Wi-Fi,Color,Blue,IPAD-AIR-5TH-GEN-M1-256GBWI-FI-BLUE-FAIR,600,,deny,manual,259.99,749.00,TRUE,TRUE,
ipad-air-5th-gen-m1,"iPad Air (5th gen, M1)",,,,,,Condition,Fair,Storage,256GB Wi-Fi + Cellular,Color,Space Gray,IPAD-AIR-5TH-GEN-M1-256GBWI-FIPLUSCELLULAR-SPACEGRAY-FAIR,600,,deny,manual,326.99,899.00,TRUE,TRUE,
ipad-air-5th-gen-m1,"iPad Air (5th gen, M1)",,,,,,Condition,Fair,Storage,256GB Wi-Fi + Cellular,Color,Starlight,IPAD-AIR-5TH-GEN-M1-256GBWI-FIPLUSCELLULAR-STARLIGHT-FAIR,600,,deny,manual,326.99,899.00,TRUE,TRUE,
ipad-air-5th-gen-m1,"iPad Air (5th gen, M1)",,,,,,Condition,Fair,Storage,256GB Wi-Fi + Cellular,Color,Pink,IPAD-AIR-5TH-GEN-M1-256GBWI-FIPLUSCELLULAR-PINK-FAIR,600,,deny,manual,326.99,899.00,TRUE,TRUE,
ipad-air-5th-gen-m1,"iPad Air (5th gen, M1)",,,,,,Condition,Fair,Storage,256GB Wi-Fi + Cellular,Color,Purple,IPAD-AIR-5TH-GEN-M1-256GBWI-FIPLUSCELLULAR-PURPLE-FAIR,600,,deny,manual,326.99,899.00,TRUE,TRUE,
ipad-air-5th-gen-m1,"iPad Air (5th gen, M1)",,,,,,Condition,Fair,Storage,256GB Wi-Fi + Cellular,Color,Blue,IPAD-AIR-5TH-GEN-M1-256GBWI-FIPLUSCELLULAR-BLUE-FAIR,600,,deny,manual,326.99,899.00,TRUE,TRUE,
ipad-air-5th-gen-m1,"iPad Air (5th gen, M1)",,,,,,Condition,Good,Storage,64GB Wi-Fi,Color,Space Gray,IPAD-AIR-5TH-GEN-M1-64GBWI-FI-SPACEGRAY-GOOD,600,,deny,manual,213.99,599.00,TRUE,TRUE,
ipad-air-5th-gen-m1,"iPad Air (5th gen, M1)",,,,,,Condition,Good,Storage,64GB Wi-Fi,Color,Starlight,IPAD-AIR-5TH-GEN-M1-64GBWI-FI-STARLIGHT-GOOD,600,,deny,manual,213.99,599.00,TRUE,TRUE,
ipad-air-5th-gen-m1,"iPad Air (5th gen, M1)",,,,,,Condition,Good,Storage,64GB Wi-Fi,Color,Pink,IPAD-AIR-5TH-GEN-M1-64GBWI-FI-PINK-GOOD,600,,deny,manual,213.99,599.00,TRUE,TRUE,
ipad-air-5th-gen-m1,"iPad Air (5th gen, M1)",,,,,,Condition,Good,Storage,64GB Wi-Fi,Color,Purple,IPAD-AIR-5TH-GEN-M1-64GBWI-FI-PURPLE-GOOD,600,,deny,manual,213.99,599.00,TRUE,TRUE,
ipad-air-5th-gen-m1,"iPad Air (5th gen, M1)",,,,,,Condition,Good,Storage,64GB Wi-Fi,Color,Blue,IPAD-AIR-5TH-GEN-M1-64GBWI-FI-BLUE-GOOD,600,,deny,manual,213.99,599.00,TRUE,TRUE,
ipad-air-5th-gen-m1,"iPad Air (5th gen, M1)",,,,,,Condition,Good,Storage,64GB Wi-Fi + Cellular,Color,Space Gray,IPAD-AIR-5TH-GEN-M1-64GBWI-FIPLUSCELLULAR-SPACEGRAY-GOOD,600,,deny,manual,280.99,749.00,TRUE,TRUE,
ipad-air-5th-gen-m1,"iPad Air (5th gen, M1)",,,,,,Condition,Good,Storage,64GB Wi-Fi + Cellular,Color,Starlight,IPAD-AIR-5TH-GEN-M1-64GBWI-FIPLUSCELLULAR-STARLIGHT-GOOD,600,,deny,manual,280.99,749.00,TRUE,TRUE,
ipad-air-5th-gen-m1,"iPad Air (5th gen, M1)",,,,,,Condition,Good,Storage,64GB Wi-Fi + Cellular,Color,Pink,IPAD-AIR-5TH-GEN-M1-64GBWI-FIPLUSCELLULAR-PINK-GOOD,600,,deny,manual,280.99,749.00,TRUE,TRUE,
ipad-air-5th-gen-m1,"iPad Air (5th gen, M1)",,,,,,Condition,Good,Storage,64GB Wi-Fi + Cellular,Color,Purple,IPAD-AIR-5TH-GEN-M1-64GBWI-FIPLUSCELLULAR-PURPLE-GOOD,600,,deny,manual,280.99,749.00,TRUE,TRUE,
ipad-air-5th-gen-m1,"iPad Air (5th gen, M1)",,,,,,Condition,Good,Storage,64GB Wi-Fi + Cellular,Color,Blue,IPAD-AIR-5TH-GEN-M1-64GBWI-FIPLUSCELLULAR-BLUE-GOOD,600,,deny,manual,280.99,749.00,TRUE,TRUE,
ipad-air-5th-gen-m1,"iPad Air (5th gen, M1)",,,,,,Condition,Good,Storage,256GB Wi-Fi,Color,Space Gray,IPAD-AIR-5TH-GEN-M1-256GBWI-FI-SPACEGRAY-GOOD,600,,deny,manual,280.99,749.00,TRUE,TRUE,
ipad-air-5th-gen-m1,"iPad Air (5th gen, M1)",,,,,,Condition,Good,Storage,256GB Wi-Fi,Color,Starlight,IPAD-AIR-5TH-GEN-M1-256GBWI-FI-STARLIGHT-GOOD,600,,deny,manual,280.99,749.00,TRUE,TRUE,
ipad-air-5th-gen-m1,"iPad Air (5th gen, M1)",,,,,,Condition,Good,Storage,256GB Wi-Fi,Color,Pink,IPAD-AIR-5TH-GEN-M1-256GBWI-FI-PINK-GOOD,600,,deny,manual,280.99,749.00,TRUE,TRUE,
ipad-air-5th-gen-m1,"iPad Air (5th gen, M1)",,,,,,Condition,Good,Storage,256GB Wi-Fi,Color,Purple,IPAD-AIR-5TH-GEN-M1-256GBWI-FI-PURPLE-GOOD,600,,deny,manual,280.99,749.00,TRUE,TRUE,
ipad-air-5th-gen-m1,"iPad Air (5th gen, M1)",,,,,,Condition,Good,Storage,256GB Wi-Fi,Color,Blue,IPAD-AIR-5TH-GEN-M1-256GBWI-FI-BLUE-GOOD,600,,deny,manual,280.99,749.00,TRUE,TRUE,
ipad-air-5th-gen-m1,"iPad Air (5th gen, M1)",,,,,,Condition,Good,Storage,256GB Wi-Fi + Cellular,Color,Space Gray,IPAD-AIR-5TH-GEN-M1-256GBWI-FIPLUSCELLULAR-SPACEGRAY-GOOD,600,,deny,manual,348.99,899.00,TRUE,TRUE,
ipad-air-5th-gen-m1,"iPad Air (5th gen, M1)",,,,,,Condition,Good,Storage,256GB Wi-Fi + Cellular,Color,Starlight,IPAD-AIR-5TH-GEN-M1-256GBWI-FIPLUSCELLULAR-STARLIGHT-GOOD,600,,deny,manual,348.99,899.00,TRUE,TRUE,
ipad-air-5th-gen-m1,"iPad Air (5th gen, M1)",,,,,,Condition,Good,Storage,256GB Wi-Fi + Cellular,Color,Pink,IPAD-AIR-5TH-GEN-M1-256GBWI-FIPLUSCELLULAR-PINK-GOOD,600,,deny,manual,348.99,899.00,TRUE,TRUE,
ipad-air-5th-gen-m1,"iPad Air (5th gen, M1)",,,,,,Condition,Good,Storage,256GB Wi-Fi + Cellular,Color,Purple,IPAD-AIR-5TH-GEN-M1-256GBWI-FIPLUSCELLULAR-PURPLE-GOOD,600,,deny,manual,348.99,899.00,TRUE,TRUE,
ipad-air-5th-gen-m1,"iPad Air (5th gen, M1)",,,,,,Condition,Good,Storage,256GB Wi-Fi + Cellular,Color,Blue,IPAD-AIR-5TH-GEN-M1-256GBWI-FIPLUSCELLULAR-BLUE-GOOD,600,,deny,manual,348.99,899.00,TRUE,TRUE,
ipad-air-5th-gen-m1,"iPad Air (5th gen, M1)",,,,,,Condition,Excellent,Storage,64GB Wi-Fi,Color,Space Gray,IPAD-AIR-5TH-GEN-M1-64GBWI-FI-SPACEGRAY-EXCELLENT,600,,deny,manual,239.99,599.00,TRUE,TRUE,
ipad-air-5th-gen-m1,"iPad Air (5th gen, M1)",,,,,,Condition,Excellent,Storage,64GB Wi-Fi,Color,Starlight,IPAD-AIR-5TH-GEN-M1-64GBWI-FI-STARLIGHT-EXCELLENT,600,,deny,manual,239.99,599.00,TRUE,TRUE,
ipad-air-5th-gen-m1,"iPad Air (5th gen, M1)",,,,,,Condition,Excellent,Storage,64GB Wi-Fi,Color,Pink,IPAD-AIR-5TH-GEN-M1-64GBWI-FI-PINK-EXCELLENT,600,,deny,manual,239.99,599.00,TRUE,TRUE,
ipad-air-5th-gen-m1,"iPad Air (5th gen, M1)",,,,,,Condition,Excellent,Storage,64GB Wi-Fi,Color,Purple,IPAD-AIR-5TH-GEN-M1-64GBWI-FI-PURPLE-EXCELLENT,600,,deny,manual,239.99,599.00,TRUE,TRUE,
ipad-air-5th-gen-m1,"iPad Air (5th gen, M1)",,,,,,Condition,Excellent,Storage,64GB Wi-Fi,Color,Blue,IPAD-AIR-5TH-GEN-M1-64GBWI-FI-BLUE-EXCELLENT,600,,deny,manual,239.99,599.00,TRUE,TRUE,
ipad-air-5th-gen-m1,"iPad Air (5th gen, M1)",,,,,,Condition,Excellent,Storage,64GB Wi-Fi + Cellular,Color,Space Gray,IPAD-AIR-5TH-GEN-M1-64GBWI-FIPLUSCELLULAR-SPACEGRAY-EXCELLENT,600,,deny,manual,306.99,749.00,TRUE,TRUE,
ipad-air-5th-gen-m1,"iPad Air (5th gen, M1)",,,,,,Condition,Excellent,Storage,64GB Wi-Fi + Cellular,Color,Starlight,IPAD-AIR-5TH-GEN-M1-64GBWI-FIPLUSCELLULAR-STARLIGHT-EXCELLENT,600,,deny,manual,306.99,749.00,TRUE,TRUE,
ipad-air-5th-gen-m1,"iPad Air (5th gen, M1)",,,,,,Condition,Excellent,Storage,64GB Wi-Fi + Cellular,Color,Pink,IPAD-AIR-5TH-GEN-M1-64GBWI-FIPLUSCELLULAR-PINK-EXCELLENT,600,,deny,manual,306.99,749.00,TRUE,TRUE,
ipad-air-5th-gen-m1,"iPad Air (5th gen, M1)",,,,,,Condition,Excellent,Storage,64GB Wi-Fi + Cellular,Color,Purple,IPAD-AIR-5TH-GEN-M1-64GBWI-FIPLUSCELLULAR-PURPLE-EXCELLENT,600,,deny,manual,306.99,749.00,TRUE,TRUE,
ipad-air-5th-gen-m1,"iPad Air (5th gen, M1)",,,,,,Condition,Excellent,Storage,64GB Wi-Fi + Cellular,Color,Blue,IPAD-AIR-5TH-GEN-M1-64GBWI-FIPLUSCELLULAR-BLUE-EXCELLENT,600,,deny,manual,306.99,749.00,TRUE,TRUE,
ipad-air-5th-gen-m1,"iPad Air (5th gen, M1)",,,,,,Condition,Excellent,Storage,256GB Wi-Fi,Color,Space Gray,IPAD-AIR-5TH-GEN-M1-256GBWI-FI-SPACEGRAY-EXCELLENT,600,,deny,manual,306.99,749.00,TRUE,TRUE,
ipad-air-5th-gen-m1,"iPad Air (5th gen, M1)",,,,,,Condition,Excellent,Storage,256GB Wi-Fi,Color,Starlight,IPAD-AIR-5TH-GEN-M1-256GBWI-FI-STARLIGHT-EXCELLENT,600,,deny,manual,306.99,749.00,TRUE,TRUE,
ipad-air-5th-gen-m1,"iPad Air (5th gen, M1)",,,,,,Condition,Excellent,Storage,256GB Wi-Fi,Color,Pink,IPAD-AIR-5TH-GEN-M1-256GBWI-FI-PINK-EXCELLENT,600,,deny,manual,306.99,749.00,TRUE,TRUE,
ipad-air-5th-gen-m1,"iPad Air (5th gen, M1)",,,,,,Condition,Excellent,Storage,256GB Wi-Fi,Color,Purple,IPAD-AIR-5TH-GEN-M1-256GBWI-FI-PURPLE-EXCELLENT,600,,deny,manual,306.99,749.00,TRUE,TRUE,
ipad-air-5th-gen-m1,"iPad Air (5th gen, M1)",,,,,,Condition,Excellent,Storage,256GB Wi-Fi,Color,Blue,IPAD-AIR-5TH-GEN-M1-256GBWI-FI-BLUE-EXCELLENT,600,,deny,manual,306.99,749.00,TRUE,TRUE,
ipad-air-5th-gen-m1,"iPad Air (5th gen, M1)",,,,,,Condition,Excellent,Storage,256GB Wi-Fi + Cellular,Color,Space Gray,IPAD-AIR-5TH-GEN-M1-256GBWI-FIPLUSCELLULAR-SPACEGRAY-EXCELLENT,600,,deny,manual,374.99,899.00,TRUE,TRUE,
ipad-air-5th-gen-m1,"iPad Air (5th gen, M1)",,,,,,Condition,Excellent,Storage,256GB Wi-Fi + Cellular,Color,Starlight,IPAD-AIR-5TH-GEN-M1-256GBWI-FIPLUSCELLULAR-STARLIGHT-EXCELLENT,600,,deny,manual,374.99,899.00,TRUE,TRUE,
ipad-air-5th-gen-m1,"iPad Air (5th gen, M1)",,,,,,Condition,Excellent,Storage,256GB Wi-Fi + Cellular,Color,Pink,IPAD-AIR-5TH-GEN-M1-256GBWI-FIPLUSCELLULAR-PINK-EXCELLENT,600,,deny,manual,374.99,899.00,TRUE,TRUE,
ipad-air-5th-gen-m1,"iPad Air (5th gen, M1)",,,,,,Condition,Excellent,Storage,256GB Wi-Fi + Cellular,Color,Purple,IPAD-AIR-5TH-GEN-M1-256GBWI-FIPLUSCELLULAR-PURPLE-EXCELLENT,600,,deny,manual,374.99,899.00,TRUE,TRUE,
ipad-air-5th-gen-m1,"iPad Air (5th gen, M1)",,,,,,Condition,Excellent,Storage,256GB Wi-Fi + Cellular,Color,Blue,IPAD-AIR-5TH-GEN-M1-256GBWI-FIPLUSCELLULAR-BLUE-EXCELLENT,600,,deny,manual,374.99,899.00,TRUE,TRUE,
ipad-air-5th-gen-m1,"iPad Air (5th gen, M1)",,,,,,Condition,Premium,Storage,64GB Wi-Fi,Color,Space Gray,IPAD-AIR-5TH-GEN-M1-64GBWI-FI-SPACEGRAY-PREMIUM,600,,deny,manual,266.99,599.00,TRUE,TRUE,
ipad-air-5th-gen-m1,"iPad Air (5th gen, M1)",,,,,,Condition,Premium,Storage,64GB Wi-Fi,Color,Starlight,IPAD-AIR-5TH-GEN-M1-64GBWI-FI-STARLIGHT-PREMIUM,600,,deny,manual,266.99,599.00,TRUE,TRUE,
ipad-air-5th-gen-m1,"iPad Air (5th gen, M1)",,,,,,Condition,Premium,Storage,64GB Wi-Fi,Color,Pink,IPAD-AIR-5TH-GEN-M1-64GBWI-FI-PINK-PREMIUM,600,,deny,manual,266.99,599.00,TRUE,TRUE,
ipad-air-5th-gen-m1,"iPad Air (5th gen, M1)",,,,,,Condition,Premium,Storage,64GB Wi-Fi,Color,Purple,IPAD-AIR-5TH-GEN-M1-64GBWI-FI-PURPLE-PREMIUM,600,,deny,manual,266.99,599.00,TRUE,TRUE,
ipad-air-5th-gen-m1,"iPad Air (5th gen, M1)",,,,,,Condition,Premium,Storage,64GB Wi-Fi,Color,Blue,IPAD-AIR-5TH-GEN-M1-64GBWI-FI-BLUE-PREMIUM,600,,deny,manual,266.99,599.00,TRUE,TRUE,
ipad-air-5th-gen-m1,"iPad Air (5th gen, M1)",,,,,,Condition,Premium,Storage,64GB Wi-Fi + Cellular,Color,Space Gray,IPAD-AIR-5TH-GEN-M1-64GBWI-FIPLUSCELLULAR-SPACEGRAY-PREMIUM,600,,deny,manual,334.99,749.00,TRUE,TRUE,
ipad-air-5th-gen-m1,"iPad Air (5th gen, M1)",,,,,,Condition,Premium,Storage,64GB Wi-Fi + Cellular,Color,Starlight,IPAD-AIR-5TH-GEN-M1-64GBWI-FIPLUSCELLULAR-STARLIGHT-PREMIUM,600,,deny,manual,334.99,749.00,TRUE,TRUE,
ipad-air-5th-gen-m1,"iPad Air (5th gen, M1)",,,,,,Condition,Premium,Storage,64GB Wi-Fi + Cellular,Color,Pink,IPAD-AIR-5TH-GEN-M1-64GBWI-FIPLUSCELLULAR-PINK-PREMIUM,600,,deny,manual,334.99,749.00,TRUE,TRUE,
ipad-air-5th-gen-m1,"iPad Air (5th gen, M1)",,,,,,Condition,Premium,Storage,64GB Wi-Fi + Cellular,Color,Purple,IPAD-AIR-5TH-GEN-M1-64GBWI-FIPLUSCELLULAR-PURPLE-PREMIUM,600,,deny,manual,334.99,749.00,TRUE,TRUE,
ipad-air-5th-gen-m1,"iPad Air (5th gen, M1)",,,,,,Condition,Premium,Storage,64GB Wi-Fi + Cellular,Color,Blue,IPAD-AIR-5TH-GEN-M1-64GBWI-FIPLUSCELLULAR-BLUE-PREMIUM,600,,deny,manual,334.99,749.00,TRUE,TRUE,
ipad-air-5th-gen-m1,"iPad Air (5th gen, M1)",,,,,,Condition,Premium,Storage,256GB Wi-Fi,Color,Space Gray,IPAD-AIR-5TH-GEN-M1-256GBWI-FI-SPACEGRAY-PREMIUM,600,,deny,manual,334.99,749.00,TRUE,TRUE,
ipad-air-5th-gen-m1,"iPad Air (5th gen, M1)",,,,,,Condition,Premium,Storage,256GB Wi-Fi,Color,Starlight,IPAD-AIR-5TH-GEN-M1-256GBWI-FI-STARLIGHT-PREMIUM,600,,deny,manual,334.99,749.00,TRUE,TRUE,
ipad-air-5th-gen-m1,"iPad Air (5th gen, M1)",,,,,,Condition,Premium,Storage,256GB Wi-Fi,Color,Pink,IPAD-AIR-5TH-GEN-M1-256GBWI-FI-PINK-PREMIUM,600,,deny,manual,334.99,749.00,TRUE,TRUE,
ipad-air-5th-gen-m1,"iPad Air (5th gen, M1)",,,,,,Condition,Premium,Storage,256GB Wi-Fi,Color,Purple,IPAD-AIR-5TH-GEN-M1-256GBWI-FI-PURPLE-PREMIUM,600,,deny,manual,334.99,749.00,TRUE,TRUE,
ipad-air-5th-gen-m1,"iPad Air (5th gen, M1)",,,,,,Condition,Premium,Storage,256GB Wi-Fi,Color,Blue,IPAD-AIR-5TH-GEN-M1-256GBWI-FI-BLUE-PREMIUM,600,,deny,manual,334.99,749.00,TRUE,TRUE,
ipad-air-5th-gen-m1,"iPad Air (5th gen, M1)",,,,,,Condition,Premium,Storage,256GB Wi-Fi + Cellular,Color,Space Gray,IPAD-AIR-5TH-GEN-M1-256GBWI-FIPLUSCELLULAR-SPACEGRAY-PREMIUM,600,,deny,manual,401.99,899.00,TRUE,TRUE,
ipad-air-5th-gen-m1,"iPad Air (5th gen, M1)",,,,,,Condition,Premium,Storage,256GB Wi-Fi + Cellular,Color,Starlight,IPAD-AIR-5TH-GEN-M1-256GBWI-FIPLUSCELLULAR-STARLIGHT-PREMIUM,600,,deny,manual,401.99,899.00,TRUE,TRUE,
ipad-air-5th-gen-m1,"iPad Air (5th gen, M1)",,,,,,Condition,Premium,Storage,256GB Wi-Fi + Cellular,Color,Pink,IPAD-AIR-5TH-GEN-M1-256GBWI-FIPLUSCELLULAR-PINK-PREMIUM,600,,deny,manual,401.99,899.00,TRUE,TRUE,
ipad-air-5th-gen-m1,"iPad Air (5th gen, M1)",,,,,,Condition,Premium,Storage,256GB Wi-Fi + Cellular,Color,Purple,IPAD-AIR-5TH-GEN-M1-256GBWI-FIPLUSCELLULAR-PURPLE-PREMIUM,600,,deny,manual,401.99,899.00,TRUE,TRUE,
ipad-air-5th-gen-m1,"iPad Air (5th gen, M1)",,,,,,Condition,Premium,Storage,256GB Wi-Fi + Cellular,Color,Blue,IPAD-AIR-5TH-GEN-M1-256GBWI-FIPLUSCELLULAR-BLUE-PREMIUM,600,,deny,manual,401.99,899.00,TRUE,TRUE,
ipad-air-11-inch-m2,iPad Air 11-inch (M2),"<p>iPad Air 11-inch (M2). Professionally refurbished, tested on up to 100 points, wiped and reset. Cellular models are unlocked. 1-year warranty and free 30-day returns.</p><p><strong>Premium</strong> grade includes a brand-new battery.</p>",Apple,Tablet,"condition:refurbished, iPad, Apple, Tablets",TRUE,Condition,Fair,Storage,128GB Wi-Fi,Color,Space Gray,IPAD-AIR-11-INCH-M2-128GBWI-FI-SPACEGRAY-FAIR,600,,deny,manual,274.99,599.00,TRUE,TRUE,draft
ipad-air-11-inch-m2,iPad Air 11-inch (M2),,,,,,Condition,Fair,Storage,128GB Wi-Fi,Color,Blue,IPAD-AIR-11-INCH-M2-128GBWI-FI-BLUE-FAIR,600,,deny,manual,274.99,599.00,TRUE,TRUE,
ipad-air-11-inch-m2,iPad Air 11-inch (M2),,,,,,Condition,Fair,Storage,128GB Wi-Fi,Color,Purple,IPAD-AIR-11-INCH-M2-128GBWI-FI-PURPLE-FAIR,600,,deny,manual,274.99,599.00,TRUE,TRUE,
ipad-air-11-inch-m2,iPad Air 11-inch (M2),,,,,,Condition,Fair,Storage,128GB Wi-Fi,Color,Starlight,IPAD-AIR-11-INCH-M2-128GBWI-FI-STARLIGHT-FAIR,600,,deny,manual,274.99,599.00,TRUE,TRUE,
ipad-air-11-inch-m2,iPad Air 11-inch (M2),,,,,,Condition,Fair,Storage,128GB Wi-Fi + Cellular,Color,Space Gray,IPAD-AIR-11-INCH-M2-128GBWI-FIPLUSCELLULAR-SPACEGRAY-FAIR,600,,deny,manual,341.99,749.00,TRUE,TRUE,
ipad-air-11-inch-m2,iPad Air 11-inch (M2),,,,,,Condition,Fair,Storage,128GB Wi-Fi + Cellular,Color,Blue,IPAD-AIR-11-INCH-M2-128GBWI-FIPLUSCELLULAR-BLUE-FAIR,600,,deny,manual,341.99,749.00,TRUE,TRUE,
ipad-air-11-inch-m2,iPad Air 11-inch (M2),,,,,,Condition,Fair,Storage,128GB Wi-Fi + Cellular,Color,Purple,IPAD-AIR-11-INCH-M2-128GBWI-FIPLUSCELLULAR-PURPLE-FAIR,600,,deny,manual,341.99,749.00,TRUE,TRUE,
ipad-air-11-inch-m2,iPad Air 11-inch (M2),,,,,,Condition,Fair,Storage,128GB Wi-Fi + Cellular,Color,Starlight,IPAD-AIR-11-INCH-M2-128GBWI-FIPLUSCELLULAR-STARLIGHT-FAIR,600,,deny,manual,341.99,749.00,TRUE,TRUE,
ipad-air-11-inch-m2,iPad Air 11-inch (M2),,,,,,Condition,Fair,Storage,256GB Wi-Fi,Color,Space Gray,IPAD-AIR-11-INCH-M2-256GBWI-FI-SPACEGRAY-FAIR,600,,deny,manual,319.99,699.00,TRUE,TRUE,
ipad-air-11-inch-m2,iPad Air 11-inch (M2),,,,,,Condition,Fair,Storage,256GB Wi-Fi,Color,Blue,IPAD-AIR-11-INCH-M2-256GBWI-FI-BLUE-FAIR,600,,deny,manual,319.99,699.00,TRUE,TRUE,
ipad-air-11-inch-m2,iPad Air 11-inch (M2),,,,,,Condition,Fair,Storage,256GB Wi-Fi,Color,Purple,IPAD-AIR-11-INCH-M2-256GBWI-FI-PURPLE-FAIR,600,,deny,manual,319.99,699.00,TRUE,TRUE,
ipad-air-11-inch-m2,iPad Air 11-inch (M2),,,,,,Condition,Fair,Storage,256GB Wi-Fi,Color,Starlight,IPAD-AIR-11-INCH-M2-256GBWI-FI-STARLIGHT-FAIR,600,,deny,manual,319.99,699.00,TRUE,TRUE,
ipad-air-11-inch-m2,iPad Air 11-inch (M2),,,,,,Condition,Fair,Storage,256GB Wi-Fi + Cellular,Color,Space Gray,IPAD-AIR-11-INCH-M2-256GBWI-FIPLUSCELLULAR-SPACEGRAY-FAIR,600,,deny,manual,386.99,849.00,TRUE,TRUE,
ipad-air-11-inch-m2,iPad Air 11-inch (M2),,,,,,Condition,Fair,Storage,256GB Wi-Fi + Cellular,Color,Blue,IPAD-AIR-11-INCH-M2-256GBWI-FIPLUSCELLULAR-BLUE-FAIR,600,,deny,manual,386.99,849.00,TRUE,TRUE,
ipad-air-11-inch-m2,iPad Air 11-inch (M2),,,,,,Condition,Fair,Storage,256GB Wi-Fi + Cellular,Color,Purple,IPAD-AIR-11-INCH-M2-256GBWI-FIPLUSCELLULAR-PURPLE-FAIR,600,,deny,manual,386.99,849.00,TRUE,TRUE,
ipad-air-11-inch-m2,iPad Air 11-inch (M2),,,,,,Condition,Fair,Storage,256GB Wi-Fi + Cellular,Color,Starlight,IPAD-AIR-11-INCH-M2-256GBWI-FIPLUSCELLULAR-STARLIGHT-FAIR,600,,deny,manual,386.99,849.00,TRUE,TRUE,
ipad-air-11-inch-m2,iPad Air 11-inch (M2),,,,,,Condition,Fair,Storage,512GB Wi-Fi,Color,Space Gray,IPAD-AIR-11-INCH-M2-512GBWI-FI-SPACEGRAY-FAIR,600,,deny,manual,409.99,899.00,TRUE,TRUE,
ipad-air-11-inch-m2,iPad Air 11-inch (M2),,,,,,Condition,Fair,Storage,512GB Wi-Fi,Color,Blue,IPAD-AIR-11-INCH-M2-512GBWI-FI-BLUE-FAIR,600,,deny,manual,409.99,899.00,TRUE,TRUE,
ipad-air-11-inch-m2,iPad Air 11-inch (M2),,,,,,Condition,Fair,Storage,512GB Wi-Fi,Color,Purple,IPAD-AIR-11-INCH-M2-512GBWI-FI-PURPLE-FAIR,600,,deny,manual,409.99,899.00,TRUE,TRUE,
ipad-air-11-inch-m2,iPad Air 11-inch (M2),,,,,,Condition,Fair,Storage,512GB Wi-Fi,Color,Starlight,IPAD-AIR-11-INCH-M2-512GBWI-FI-STARLIGHT-FAIR,600,,deny,manual,409.99,899.00,TRUE,TRUE,
ipad-air-11-inch-m2,iPad Air 11-inch (M2),,,,,,Condition,Fair,Storage,512GB Wi-Fi + Cellular,Color,Space Gray,IPAD-AIR-11-INCH-M2-512GBWI-FIPLUSCELLULAR-SPACEGRAY-FAIR,600,,deny,manual,476.99,1049.00,TRUE,TRUE,
ipad-air-11-inch-m2,iPad Air 11-inch (M2),,,,,,Condition,Fair,Storage,512GB Wi-Fi + Cellular,Color,Blue,IPAD-AIR-11-INCH-M2-512GBWI-FIPLUSCELLULAR-BLUE-FAIR,600,,deny,manual,476.99,1049.00,TRUE,TRUE,
ipad-air-11-inch-m2,iPad Air 11-inch (M2),,,,,,Condition,Fair,Storage,512GB Wi-Fi + Cellular,Color,Purple,IPAD-AIR-11-INCH-M2-512GBWI-FIPLUSCELLULAR-PURPLE-FAIR,600,,deny,manual,476.99,1049.00,TRUE,TRUE,
ipad-air-11-inch-m2,iPad Air 11-inch (M2),,,,,,Condition,Fair,Storage,512GB Wi-Fi + Cellular,Color,Starlight,IPAD-AIR-11-INCH-M2-512GBWI-FIPLUSCELLULAR-STARLIGHT-FAIR,600,,deny,manual,476.99,1049.00,TRUE,TRUE,
ipad-air-11-inch-m2,iPad Air 11-inch (M2),,,,,,Condition,Fair,Storage,1TB Wi-Fi,Color,Space Gray,IPAD-AIR-11-INCH-M2-1TBWI-FI-SPACEGRAY-FAIR,600,,deny,manual,499.99,1099.00,TRUE,TRUE,
ipad-air-11-inch-m2,iPad Air 11-inch (M2),,,,,,Condition,Fair,Storage,1TB Wi-Fi,Color,Blue,IPAD-AIR-11-INCH-M2-1TBWI-FI-BLUE-FAIR,600,,deny,manual,499.99,1099.00,TRUE,TRUE,
ipad-air-11-inch-m2,iPad Air 11-inch (M2),,,,,,Condition,Fair,Storage,1TB Wi-Fi,Color,Purple,IPAD-AIR-11-INCH-M2-1TBWI-FI-PURPLE-FAIR,600,,deny,manual,499.99,1099.00,TRUE,TRUE,
ipad-air-11-inch-m2,iPad Air 11-inch (M2),,,,,,Condition,Fair,Storage,1TB Wi-Fi,Color,Starlight,IPAD-AIR-11-INCH-M2-1TBWI-FI-STARLIGHT-FAIR,600,,deny,manual,499.99,1099.00,TRUE,TRUE,
ipad-air-11-inch-m2,iPad Air 11-inch (M2),,,,,,Condition,Fair,Storage,1TB Wi-Fi + Cellular,Color,Space Gray,IPAD-AIR-11-INCH-M2-1TBWI-FIPLUSCELLULAR-SPACEGRAY-FAIR,600,,deny,manual,566.99,1249.00,TRUE,TRUE,
ipad-air-11-inch-m2,iPad Air 11-inch (M2),,,,,,Condition,Fair,Storage,1TB Wi-Fi + Cellular,Color,Blue,IPAD-AIR-11-INCH-M2-1TBWI-FIPLUSCELLULAR-BLUE-FAIR,600,,deny,manual,566.99,1249.00,TRUE,TRUE,
ipad-air-11-inch-m2,iPad Air 11-inch (M2),,,,,,Condition,Fair,Storage,1TB Wi-Fi + Cellular,Color,Purple,IPAD-AIR-11-INCH-M2-1TBWI-FIPLUSCELLULAR-PURPLE-FAIR,600,,deny,manual,566.99,1249.00,TRUE,TRUE,
ipad-air-11-inch-m2,iPad Air 11-inch (M2),,,,,,Condition,Fair,Storage,1TB Wi-Fi + Cellular,Color,Starlight,IPAD-AIR-11-INCH-M2-1TBWI-FIPLUSCELLULAR-STARLIGHT-FAIR,600,,deny,manual,566.99,1249.00,TRUE,TRUE,
ipad-air-11-inch-m2,iPad Air 11-inch (M2),,,,,,Condition,Good,Storage,128GB Wi-Fi,Color,Space Gray,IPAD-AIR-11-INCH-M2-128GBWI-FI-SPACEGRAY-GOOD,600,,deny,manual,304.99,599.00,TRUE,TRUE,
ipad-air-11-inch-m2,iPad Air 11-inch (M2),,,,,,Condition,Good,Storage,128GB Wi-Fi,Color,Blue,IPAD-AIR-11-INCH-M2-128GBWI-FI-BLUE-GOOD,600,,deny,manual,304.99,599.00,TRUE,TRUE,
ipad-air-11-inch-m2,iPad Air 11-inch (M2),,,,,,Condition,Good,Storage,128GB Wi-Fi,Color,Purple,IPAD-AIR-11-INCH-M2-128GBWI-FI-PURPLE-GOOD,600,,deny,manual,304.99,599.00,TRUE,TRUE,
ipad-air-11-inch-m2,iPad Air 11-inch (M2),,,,,,Condition,Good,Storage,128GB Wi-Fi,Color,Starlight,IPAD-AIR-11-INCH-M2-128GBWI-FI-STARLIGHT-GOOD,600,,deny,manual,304.99,599.00,TRUE,TRUE,
ipad-air-11-inch-m2,iPad Air 11-inch (M2),,,,,,Condition,Good,Storage,128GB Wi-Fi + Cellular,Color,Space Gray,IPAD-AIR-11-INCH-M2-128GBWI-FIPLUSCELLULAR-SPACEGRAY-GOOD,600,,deny,manual,372.99,749.00,TRUE,TRUE,
ipad-air-11-inch-m2,iPad Air 11-inch (M2),,,,,,Condition,Good,Storage,128GB Wi-Fi + Cellular,Color,Blue,IPAD-AIR-11-INCH-M2-128GBWI-FIPLUSCELLULAR-BLUE-GOOD,600,,deny,manual,372.99,749.00,TRUE,TRUE,
ipad-air-11-inch-m2,iPad Air 11-inch (M2),,,,,,Condition,Good,Storage,128GB Wi-Fi + Cellular,Color,Purple,IPAD-AIR-11-INCH-M2-128GBWI-FIPLUSCELLULAR-PURPLE-GOOD,600,,deny,manual,372.99,749.00,TRUE,TRUE,
ipad-air-11-inch-m2,iPad Air 11-inch (M2),,,,,,Condition,Good,Storage,128GB Wi-Fi + Cellular,Color,Starlight,IPAD-AIR-11-INCH-M2-128GBWI-FIPLUSCELLULAR-STARLIGHT-GOOD,600,,deny,manual,372.99,749.00,TRUE,TRUE,
ipad-air-11-inch-m2,iPad Air 11-inch (M2),,,,,,Condition,Good,Storage,256GB Wi-Fi,Color,Space Gray,IPAD-AIR-11-INCH-M2-256GBWI-FI-SPACEGRAY-GOOD,600,,deny,manual,349.99,699.00,TRUE,TRUE,
ipad-air-11-inch-m2,iPad Air 11-inch (M2),,,,,,Condition,Good,Storage,256GB Wi-Fi,Color,Blue,IPAD-AIR-11-INCH-M2-256GBWI-FI-BLUE-GOOD,600,,deny,manual,349.99,699.00,TRUE,TRUE,
ipad-air-11-inch-m2,iPad Air 11-inch (M2),,,,,,Condition,Good,Storage,256GB Wi-Fi,Color,Purple,IPAD-AIR-11-INCH-M2-256GBWI-FI-PURPLE-GOOD,600,,deny,manual,349.99,699.00,TRUE,TRUE,
ipad-air-11-inch-m2,iPad Air 11-inch (M2),,,,,,Condition,Good,Storage,256GB Wi-Fi,Color,Starlight,IPAD-AIR-11-INCH-M2-256GBWI-FI-STARLIGHT-GOOD,600,,deny,manual,349.99,699.00,TRUE,TRUE,
ipad-air-11-inch-m2,iPad Air 11-inch (M2),,,,,,Condition,Good,Storage,256GB Wi-Fi + Cellular,Color,Space Gray,IPAD-AIR-11-INCH-M2-256GBWI-FIPLUSCELLULAR-SPACEGRAY-GOOD,600,,deny,manual,417.99,849.00,TRUE,TRUE,
ipad-air-11-inch-m2,iPad Air 11-inch (M2),,,,,,Condition,Good,Storage,256GB Wi-Fi + Cellular,Color,Blue,IPAD-AIR-11-INCH-M2-256GBWI-FIPLUSCELLULAR-BLUE-GOOD,600,,deny,manual,417.99,849.00,TRUE,TRUE,
ipad-air-11-inch-m2,iPad Air 11-inch (M2),,,,,,Condition,Good,Storage,256GB Wi-Fi + Cellular,Color,Purple,IPAD-AIR-11-INCH-M2-256GBWI-FIPLUSCELLULAR-PURPLE-GOOD,600,,deny,manual,417.99,849.00,TRUE,TRUE,
ipad-air-11-inch-m2,iPad Air 11-inch (M2),,,,,,Condition,Good,Storage,256GB Wi-Fi + Cellular,Color,Starlight,IPAD-AIR-11-INCH-M2-256GBWI-FIPLUSCELLULAR-STARLIGHT-GOOD,600,,deny,manual,417.99,849.00,TRUE,TRUE,
ipad-air-11-inch-m2,iPad Air 11-inch (M2),,,,,,Condition,Good,Storage,512GB Wi-Fi,Color,Space Gray,IPAD-AIR-11-INCH-M2-512GBWI-FI-SPACEGRAY-GOOD,600,,deny,manual,439.99,899.00,TRUE,TRUE,
ipad-air-11-inch-m2,iPad Air 11-inch (M2),,,,,,Condition,Good,Storage,512GB Wi-Fi,Color,Blue,IPAD-AIR-11-INCH-M2-512GBWI-FI-BLUE-GOOD,600,,deny,manual,439.99,899.00,TRUE,TRUE,
ipad-air-11-inch-m2,iPad Air 11-inch (M2),,,,,,Condition,Good,Storage,512GB Wi-Fi,Color,Purple,IPAD-AIR-11-INCH-M2-512GBWI-FI-PURPLE-GOOD,600,,deny,manual,439.99,899.00,TRUE,TRUE,
ipad-air-11-inch-m2,iPad Air 11-inch (M2),,,,,,Condition,Good,Storage,512GB Wi-Fi,Color,Starlight,IPAD-AIR-11-INCH-M2-512GBWI-FI-STARLIGHT-GOOD,600,,deny,manual,439.99,899.00,TRUE,TRUE,
ipad-air-11-inch-m2,iPad Air 11-inch (M2),,,,,,Condition,Good,Storage,512GB Wi-Fi + Cellular,Color,Space Gray,IPAD-AIR-11-INCH-M2-512GBWI-FIPLUSCELLULAR-SPACEGRAY-GOOD,600,,deny,manual,507.99,1049.00,TRUE,TRUE,
ipad-air-11-inch-m2,iPad Air 11-inch (M2),,,,,,Condition,Good,Storage,512GB Wi-Fi + Cellular,Color,Blue,IPAD-AIR-11-INCH-M2-512GBWI-FIPLUSCELLULAR-BLUE-GOOD,600,,deny,manual,507.99,1049.00,TRUE,TRUE,
ipad-air-11-inch-m2,iPad Air 11-inch (M2),,,,,,Condition,Good,Storage,512GB Wi-Fi + Cellular,Color,Purple,IPAD-AIR-11-INCH-M2-512GBWI-FIPLUSCELLULAR-PURPLE-GOOD,600,,deny,manual,507.99,1049.00,TRUE,TRUE,
ipad-air-11-inch-m2,iPad Air 11-inch (M2),,,,,,Condition,Good,Storage,512GB Wi-Fi + Cellular,Color,Starlight,IPAD-AIR-11-INCH-M2-512GBWI-FIPLUSCELLULAR-STARLIGHT-GOOD,600,,deny,manual,507.99,1049.00,TRUE,TRUE,
ipad-air-11-inch-m2,iPad Air 11-inch (M2),,,,,,Condition,Good,Storage,1TB Wi-Fi,Color,Space Gray,IPAD-AIR-11-INCH-M2-1TBWI-FI-SPACEGRAY-GOOD,600,,deny,manual,529.99,1099.00,TRUE,TRUE,
ipad-air-11-inch-m2,iPad Air 11-inch (M2),,,,,,Condition,Good,Storage,1TB Wi-Fi,Color,Blue,IPAD-AIR-11-INCH-M2-1TBWI-FI-BLUE-GOOD,600,,deny,manual,529.99,1099.00,TRUE,TRUE,
ipad-air-11-inch-m2,iPad Air 11-inch (M2),,,,,,Condition,Good,Storage,1TB Wi-Fi,Color,Purple,IPAD-AIR-11-INCH-M2-1TBWI-FI-PURPLE-GOOD,600,,deny,manual,529.99,1099.00,TRUE,TRUE,
ipad-air-11-inch-m2,iPad Air 11-inch (M2),,,,,,Condition,Good,Storage,1TB Wi-Fi,Color,Starlight,IPAD-AIR-11-INCH-M2-1TBWI-FI-STARLIGHT-GOOD,600,,deny,manual,529.99,1099.00,TRUE,TRUE,
ipad-air-11-inch-m2,iPad Air 11-inch (M2),,,,,,Condition,Good,Storage,1TB Wi-Fi + Cellular,Color,Space Gray,IPAD-AIR-11-INCH-M2-1TBWI-FIPLUSCELLULAR-SPACEGRAY-GOOD,600,,deny,manual,597.99,1249.00,TRUE,TRUE,
ipad-air-11-inch-m2,iPad Air 11-inch (M2),,,,,,Condition,Good,Storage,1TB Wi-Fi + Cellular,Color,Blue,IPAD-AIR-11-INCH-M2-1TBWI-FIPLUSCELLULAR-BLUE-GOOD,600,,deny,manual,597.99,1249.00,TRUE,TRUE,
ipad-air-11-inch-m2,iPad Air 11-inch (M2),,,,,,Condition,Good,Storage,1TB Wi-Fi + Cellular,Color,Purple,IPAD-AIR-11-INCH-M2-1TBWI-FIPLUSCELLULAR-PURPLE-GOOD,600,,deny,manual,597.99,1249.00,TRUE,TRUE,
ipad-air-11-inch-m2,iPad Air 11-inch (M2),,,,,,Condition,Good,Storage,1TB Wi-Fi + Cellular,Color,Starlight,IPAD-AIR-11-INCH-M2-1TBWI-FIPLUSCELLULAR-STARLIGHT-GOOD,600,,deny,manual,597.99,1249.00,TRUE,TRUE,
ipad-air-11-inch-m2,iPad Air 11-inch (M2),,,,,,Condition,Excellent,Storage,128GB Wi-Fi,Color,Space Gray,IPAD-AIR-11-INCH-M2-128GBWI-FI-SPACEGRAY-EXCELLENT,600,,deny,manual,341.99,599.00,TRUE,TRUE,
ipad-air-11-inch-m2,iPad Air 11-inch (M2),,,,,,Condition,Excellent,Storage,128GB Wi-Fi,Color,Blue,IPAD-AIR-11-INCH-M2-128GBWI-FI-BLUE-EXCELLENT,600,,deny,manual,341.99,599.00,TRUE,TRUE,
ipad-air-11-inch-m2,iPad Air 11-inch (M2),,,,,,Condition,Excellent,Storage,128GB Wi-Fi,Color,Purple,IPAD-AIR-11-INCH-M2-128GBWI-FI-PURPLE-EXCELLENT,600,,deny,manual,341.99,599.00,TRUE,TRUE,
ipad-air-11-inch-m2,iPad Air 11-inch (M2),,,,,,Condition,Excellent,Storage,128GB Wi-Fi,Color,Starlight,IPAD-AIR-11-INCH-M2-128GBWI-FI-STARLIGHT-EXCELLENT,600,,deny,manual,341.99,599.00,TRUE,TRUE,
ipad-air-11-inch-m2,iPad Air 11-inch (M2),,,,,,Condition,Excellent,Storage,128GB Wi-Fi + Cellular,Color,Space Gray,IPAD-AIR-11-INCH-M2-128GBWI-FIPLUSCELLULAR-SPACEGRAY-EXCELLENT,600,,deny,manual,409.99,749.00,TRUE,TRUE,
ipad-air-11-inch-m2,iPad Air 11-inch (M2),,,,,,Condition,Excellent,Storage,128GB Wi-Fi + Cellular,Color,Blue,IPAD-AIR-11-INCH-M2-128GBWI-FIPLUSCELLULAR-BLUE-EXCELLENT,600,,deny,manual,409.99,749.00,TRUE,TRUE,
ipad-air-11-inch-m2,iPad Air 11-inch (M2),,,,,,Condition,Excellent,Storage,128GB Wi-Fi + Cellular,Color,Purple,IPAD-AIR-11-INCH-M2-128GBWI-FIPLUSCELLULAR-PURPLE-EXCELLENT,600,,deny,manual,409.99,749.00,TRUE,TRUE,
ipad-air-11-inch-m2,iPad Air 11-inch (M2),,,,,,Condition,Excellent,Storage,128GB Wi-Fi + Cellular,Color,Starlight,IPAD-AIR-11-INCH-M2-128GBWI-FIPLUSCELLULAR-STARLIGHT-EXCELLENT,600,,deny,manual,409.99,749.00,TRUE,TRUE,
ipad-air-11-inch-m2,iPad Air 11-inch (M2),,,,,,Condition,Excellent,Storage,256GB Wi-Fi,Color,Space Gray,IPAD-AIR-11-INCH-M2-256GBWI-FI-SPACEGRAY-EXCELLENT,600,,deny,manual,386.99,699.00,TRUE,TRUE,
ipad-air-11-inch-m2,iPad Air 11-inch (M2),,,,,,Condition,Excellent,Storage,256GB Wi-Fi,Color,Blue,IPAD-AIR-11-INCH-M2-256GBWI-FI-BLUE-EXCELLENT,600,,deny,manual,386.99,699.00,TRUE,TRUE,
ipad-air-11-inch-m2,iPad Air 11-inch (M2),,,,,,Condition,Excellent,Storage,256GB Wi-Fi,Color,Purple,IPAD-AIR-11-INCH-M2-256GBWI-FI-PURPLE-EXCELLENT,600,,deny,manual,386.99,699.00,TRUE,TRUE,
ipad-air-11-inch-m2,iPad Air 11-inch (M2),,,,,,Condition,Excellent,Storage,256GB Wi-Fi,Color,Starlight,IPAD-AIR-11-INCH-M2-256GBWI-FI-STARLIGHT-EXCELLENT,600,,deny,manual,386.99,699.00,TRUE,TRUE,
ipad-air-11-inch-m2,iPad Air 11-inch (M2),,,,,,Condition,Excellent,Storage,256GB Wi-Fi + Cellular,Color,Space Gray,IPAD-AIR-11-INCH-M2-256GBWI-FIPLUSCELLULAR-SPACEGRAY-EXCELLENT,600,,deny,manual,454.99,849.00,TRUE,TRUE,
ipad-air-11-inch-m2,iPad Air 11-inch (M2),,,,,,Condition,Excellent,Storage,256GB Wi-Fi + Cellular,Color,Blue,IPAD-AIR-11-INCH-M2-256GBWI-FIPLUSCELLULAR-BLUE-EXCELLENT,600,,deny,manual,454.99,849.00,TRUE,TRUE,
ipad-air-11-inch-m2,iPad Air 11-inch (M2),,,,,,Condition,Excellent,Storage,256GB Wi-Fi + Cellular,Color,Purple,IPAD-AIR-11-INCH-M2-256GBWI-FIPLUSCELLULAR-PURPLE-EXCELLENT,600,,deny,manual,454.99,849.00,TRUE,TRUE,
ipad-air-11-inch-m2,iPad Air 11-inch (M2),,,,,,Condition,Excellent,Storage,256GB Wi-Fi + Cellular,Color,Starlight,IPAD-AIR-11-INCH-M2-256GBWI-FIPLUSCELLULAR-STARLIGHT-EXCELLENT,600,,deny,manual,454.99,849.00,TRUE,TRUE,
ipad-air-11-inch-m2,iPad Air 11-inch (M2),,,,,,Condition,Excellent,Storage,512GB Wi-Fi,Color,Space Gray,IPAD-AIR-11-INCH-M2-512GBWI-FI-SPACEGRAY-EXCELLENT,600,,deny,manual,476.99,899.00,TRUE,TRUE,
ipad-air-11-inch-m2,iPad Air 11-inch (M2),,,,,,Condition,Excellent,Storage,512GB Wi-Fi,Color,Blue,IPAD-AIR-11-INCH-M2-512GBWI-FI-BLUE-EXCELLENT,600,,deny,manual,476.99,899.00,TRUE,TRUE,
ipad-air-11-inch-m2,iPad Air 11-inch (M2),,,,,,Condition,Excellent,Storage,512GB Wi-Fi,Color,Purple,IPAD-AIR-11-INCH-M2-512GBWI-FI-PURPLE-EXCELLENT,600,,deny,manual,476.99,899.00,TRUE,TRUE,
ipad-air-11-inch-m2,iPad Air 11-inch (M2),,,,,,Condition,Excellent,Storage,512GB Wi-Fi,Color,Starlight,IPAD-AIR-11-INCH-M2-512GBWI-FI-STARLIGHT-EXCELLENT,600,,deny,manual,476.99,899.00,TRUE,TRUE,
ipad-air-11-inch-m2,iPad Air 11-inch (M2),,,,,,Condition,Excellent,Storage,512GB Wi-Fi + Cellular,Color,Space Gray,IPAD-AIR-11-INCH-M2-512GBWI-FIPLUSCELLULAR-SPACEGRAY-EXCELLENT,600,,deny,manual,544.99,1049.00,TRUE,TRUE,
ipad-air-11-inch-m2,iPad Air 11-inch (M2),,,,,,Condition,Excellent,Storage,512GB Wi-Fi + Cellular,Color,Blue,IPAD-AIR-11-INCH-M2-512GBWI-FIPLUSCELLULAR-BLUE-EXCELLENT,600,,deny,manual,544.99,1049.00,TRUE,TRUE,
ipad-air-11-inch-m2,iPad Air 11-inch (M2),,,,,,Condition,Excellent,Storage,512GB Wi-Fi + Cellular,Color,Purple,IPAD-AIR-11-INCH-M2-512GBWI-FIPLUSCELLULAR-PURPLE-EXCELLENT,600,,deny,manual,544.99,1049.00,TRUE,TRUE,
ipad-air-11-inch-m2,iPad Air 11-inch (M2),,,,,,Condition,Excellent,Storage,512GB Wi-Fi + Cellular,Color,Starlight,IPAD-AIR-11-INCH-M2-512GBWI-FIPLUSCELLULAR-STARLIGHT-EXCELLENT,600,,deny,manual,544.99,1049.00,TRUE,TRUE,
ipad-air-11-inch-m2,iPad Air 11-inch (M2),,,,,,Condition,Excellent,Storage,1TB Wi-Fi,Color,Space Gray,IPAD-AIR-11-INCH-M2-1TBWI-FI-SPACEGRAY-EXCELLENT,600,,deny,manual,566.99,1099.00,TRUE,TRUE,
ipad-air-11-inch-m2,iPad Air 11-inch (M2),,,,,,Condition,Excellent,Storage,1TB Wi-Fi,Color,Blue,IPAD-AIR-11-INCH-M2-1TBWI-FI-BLUE-EXCELLENT,600,,deny,manual,566.99,1099.00,TRUE,TRUE,
ipad-air-11-inch-m2,iPad Air 11-inch (M2),,,,,,Condition,Excellent,Storage,1TB Wi-Fi,Color,Purple,IPAD-AIR-11-INCH-M2-1TBWI-FI-PURPLE-EXCELLENT,600,,deny,manual,566.99,1099.00,TRUE,TRUE,
ipad-air-11-inch-m2,iPad Air 11-inch (M2),,,,,,Condition,Excellent,Storage,1TB Wi-Fi,Color,Starlight,IPAD-AIR-11-INCH-M2-1TBWI-FI-STARLIGHT-EXCELLENT,600,,deny,manual,566.99,1099.00,TRUE,TRUE,
ipad-air-11-inch-m2,iPad Air 11-inch (M2),,,,,,Condition,Excellent,Storage,1TB Wi-Fi + Cellular,Color,Space Gray,IPAD-AIR-11-INCH-M2-1TBWI-FIPLUSCELLULAR-SPACEGRAY-EXCELLENT,600,,deny,manual,634.99,1249.00,TRUE,TRUE,
ipad-air-11-inch-m2,iPad Air 11-inch (M2),,,,,,Condition,Excellent,Storage,1TB Wi-Fi + Cellular,Color,Blue,IPAD-AIR-11-INCH-M2-1TBWI-FIPLUSCELLULAR-BLUE-EXCELLENT,600,,deny,manual,634.99,1249.00,TRUE,TRUE,
ipad-air-11-inch-m2,iPad Air 11-inch (M2),,,,,,Condition,Excellent,Storage,1TB Wi-Fi + Cellular,Color,Purple,IPAD-AIR-11-INCH-M2-1TBWI-FIPLUSCELLULAR-PURPLE-EXCELLENT,600,,deny,manual,634.99,1249.00,TRUE,TRUE,
ipad-air-11-inch-m2,iPad Air 11-inch (M2),,,,,,Condition,Excellent,Storage,1TB Wi-Fi + Cellular,Color,Starlight,IPAD-AIR-11-INCH-M2-1TBWI-FIPLUSCELLULAR-STARLIGHT-EXCELLENT,600,,deny,manual,634.99,1249.00,TRUE,TRUE,
ipad-air-11-inch-m2,iPad Air 11-inch (M2),,,,,,Condition,Premium,Storage,128GB Wi-Fi,Color,Space Gray,IPAD-AIR-11-INCH-M2-128GBWI-FI-SPACEGRAY-PREMIUM,600,,deny,manual,381.99,599.00,TRUE,TRUE,
ipad-air-11-inch-m2,iPad Air 11-inch (M2),,,,,,Condition,Premium,Storage,128GB Wi-Fi,Color,Blue,IPAD-AIR-11-INCH-M2-128GBWI-FI-BLUE-PREMIUM,600,,deny,manual,381.99,599.00,TRUE,TRUE,
ipad-air-11-inch-m2,iPad Air 11-inch (M2),,,,,,Condition,Premium,Storage,128GB Wi-Fi,Color,Purple,IPAD-AIR-11-INCH-M2-128GBWI-FI-PURPLE-PREMIUM,600,,deny,manual,381.99,599.00,TRUE,TRUE,
ipad-air-11-inch-m2,iPad Air 11-inch (M2),,,,,,Condition,Premium,Storage,128GB Wi-Fi,Color,Starlight,IPAD-AIR-11-INCH-M2-128GBWI-FI-STARLIGHT-PREMIUM,600,,deny,manual,381.99,599.00,TRUE,TRUE,
ipad-air-11-inch-m2,iPad Air 11-inch (M2),,,,,,Condition,Premium,Storage,128GB Wi-Fi + Cellular,Color,Space Gray,IPAD-AIR-11-INCH-M2-128GBWI-FIPLUSCELLULAR-SPACEGRAY-PREMIUM,600,,deny,manual,448.99,749.00,TRUE,TRUE,
ipad-air-11-inch-m2,iPad Air 11-inch (M2),,,,,,Condition,Premium,Storage,128GB Wi-Fi + Cellular,Color,Blue,IPAD-AIR-11-INCH-M2-128GBWI-FIPLUSCELLULAR-BLUE-PREMIUM,600,,deny,manual,448.99,749.00,TRUE,TRUE,
ipad-air-11-inch-m2,iPad Air 11-inch (M2),,,,,,Condition,Premium,Storage,128GB Wi-Fi + Cellular,Color,Purple,IPAD-AIR-11-INCH-M2-128GBWI-FIPLUSCELLULAR-PURPLE-PREMIUM,600,,deny,manual,448.99,749.00,TRUE,TRUE,
ipad-air-11-inch-m2,iPad Air 11-inch (M2),,,,,,Condition,Premium,Storage,128GB Wi-Fi + Cellular,Color,Starlight,IPAD-AIR-11-INCH-M2-128GBWI-FIPLUSCELLULAR-STARLIGHT-PREMIUM,600,,deny,manual,448.99,749.00,TRUE,TRUE,
ipad-air-11-inch-m2,iPad Air 11-inch (M2),,,,,,Condition,Premium,Storage,256GB Wi-Fi,Color,Space Gray,IPAD-AIR-11-INCH-M2-256GBWI-FI-SPACEGRAY-PREMIUM,600,,deny,manual,426.99,699.00,TRUE,TRUE,
ipad-air-11-inch-m2,iPad Air 11-inch (M2),,,,,,Condition,Premium,Storage,256GB Wi-Fi,Color,Blue,IPAD-AIR-11-INCH-M2-256GBWI-FI-BLUE-PREMIUM,600,,deny,manual,426.99,699.00,TRUE,TRUE,
ipad-air-11-inch-m2,iPad Air 11-inch (M2),,,,,,Condition,Premium,Storage,256GB Wi-Fi,Color,Purple,IPAD-AIR-11-INCH-M2-256GBWI-FI-PURPLE-PREMIUM,600,,deny,manual,426.99,699.00,TRUE,TRUE,
ipad-air-11-inch-m2,iPad Air 11-inch (M2),,,,,,Condition,Premium,Storage,256GB Wi-Fi,Color,Starlight,IPAD-AIR-11-INCH-M2-256GBWI-FI-STARLIGHT-PREMIUM,600,,deny,manual,426.99,699.00,TRUE,TRUE,
ipad-air-11-inch-m2,iPad Air 11-inch (M2),,,,,,Condition,Premium,Storage,256GB Wi-Fi + Cellular,Color,Space Gray,IPAD-AIR-11-INCH-M2-256GBWI-FIPLUSCELLULAR-SPACEGRAY-PREMIUM,600,,deny,manual,493.99,849.00,TRUE,TRUE,
ipad-air-11-inch-m2,iPad Air 11-inch (M2),,,,,,Condition,Premium,Storage,256GB Wi-Fi + Cellular,Color,Blue,IPAD-AIR-11-INCH-M2-256GBWI-FIPLUSCELLULAR-BLUE-PREMIUM,600,,deny,manual,493.99,849.00,TRUE,TRUE,
ipad-air-11-inch-m2,iPad Air 11-inch (M2),,,,,,Condition,Premium,Storage,256GB Wi-Fi + Cellular,Color,Purple,IPAD-AIR-11-INCH-M2-256GBWI-FIPLUSCELLULAR-PURPLE-PREMIUM,600,,deny,manual,493.99,849.00,TRUE,TRUE,
ipad-air-11-inch-m2,iPad Air 11-inch (M2),,,,,,Condition,Premium,Storage,256GB Wi-Fi + Cellular,Color,Starlight,IPAD-AIR-11-INCH-M2-256GBWI-FIPLUSCELLULAR-STARLIGHT-PREMIUM,600,,deny,manual,493.99,849.00,TRUE,TRUE,
ipad-air-11-inch-m2,iPad Air 11-inch (M2),,,,,,Condition,Premium,Storage,512GB Wi-Fi,Color,Space Gray,IPAD-AIR-11-INCH-M2-512GBWI-FI-SPACEGRAY-PREMIUM,600,,deny,manual,516.99,899.00,TRUE,TRUE,
ipad-air-11-inch-m2,iPad Air 11-inch (M2),,,,,,Condition,Premium,Storage,512GB Wi-Fi,Color,Blue,IPAD-AIR-11-INCH-M2-512GBWI-FI-BLUE-PREMIUM,600,,deny,manual,516.99,899.00,TRUE,TRUE,
ipad-air-11-inch-m2,iPad Air 11-inch (M2),,,,,,Condition,Premium,Storage,512GB Wi-Fi,Color,Purple,IPAD-AIR-11-INCH-M2-512GBWI-FI-PURPLE-PREMIUM,600,,deny,manual,516.99,899.00,TRUE,TRUE,
ipad-air-11-inch-m2,iPad Air 11-inch (M2),,,,,,Condition,Premium,Storage,512GB Wi-Fi,Color,Starlight,IPAD-AIR-11-INCH-M2-512GBWI-FI-STARLIGHT-PREMIUM,600,,deny,manual,516.99,899.00,TRUE,TRUE,
ipad-air-11-inch-m2,iPad Air 11-inch (M2),,,,,,Condition,Premium,Storage,512GB Wi-Fi + Cellular,Color,Space Gray,IPAD-AIR-11-INCH-M2-512GBWI-FIPLUSCELLULAR-SPACEGRAY-PREMIUM,600,,deny,manual,583.99,1049.00,TRUE,TRUE,
ipad-air-11-inch-m2,iPad Air 11-inch (M2),,,,,,Condition,Premium,Storage,512GB Wi-Fi + Cellular,Color,Blue,IPAD-AIR-11-INCH-M2-512GBWI-FIPLUSCELLULAR-BLUE-PREMIUM,600,,deny,manual,583.99,1049.00,TRUE,TRUE,
ipad-air-11-inch-m2,iPad Air 11-inch (M2),,,,,,Condition,Premium,Storage,512GB Wi-Fi + Cellular,Color,Purple,IPAD-AIR-11-INCH-M2-512GBWI-FIPLUSCELLULAR-PURPLE-PREMIUM,600,,deny,manual,583.99,1049.00,TRUE,TRUE,
ipad-air-11-inch-m2,iPad Air 11-inch (M2),,,,,,Condition,Premium,Storage,512GB Wi-Fi + Cellular,Color,Starlight,IPAD-AIR-11-INCH-M2-512GBWI-FIPLUSCELLULAR-STARLIGHT-PREMIUM,600,,deny,manual,583.99,1049.00,TRUE,TRUE,
ipad-air-11-inch-m2,iPad Air 11-inch (M2),,,,,,Condition,Premium,Storage,1TB Wi-Fi,Color,Space Gray,IPAD-AIR-11-INCH-M2-1TBWI-FI-SPACEGRAY-PREMIUM,600,,deny,manual,606.99,1099.00,TRUE,TRUE,
ipad-air-11-inch-m2,iPad Air 11-inch (M2),,,,,,Condition,Premium,Storage,1TB Wi-Fi,Color,Blue,IPAD-AIR-11-INCH-M2-1TBWI-FI-BLUE-PREMIUM,600,,deny,manual,606.99,1099.00,TRUE,TRUE,
ipad-air-11-inch-m2,iPad Air 11-inch (M2),,,,,,Condition,Premium,Storage,1TB Wi-Fi,Color,Purple,IPAD-AIR-11-INCH-M2-1TBWI-FI-PURPLE-PREMIUM,600,,deny,manual,606.99,1099.00,TRUE,TRUE,
ipad-air-11-inch-m2,iPad Air 11-inch (M2),,,,,,Condition,Premium,Storage,1TB Wi-Fi,Color,Starlight,IPAD-AIR-11-INCH-M2-1TBWI-FI-STARLIGHT-PREMIUM,600,,deny,manual,606.99,1099.00,TRUE,TRUE,
ipad-air-11-inch-m2,iPad Air 11-inch (M2),,,,,,Condition,Premium,Storage,1TB Wi-Fi + Cellular,Color,Space Gray,IPAD-AIR-11-INCH-M2-1TBWI-FIPLUSCELLULAR-SPACEGRAY-PREMIUM,600,,deny,manual,673.99,1249.00,TRUE,TRUE,
ipad-air-11-inch-m2,iPad Air 11-inch (M2),,,,,,Condition,Premium,Storage,1TB Wi-Fi + Cellular,Color,Blue,IPAD-AIR-11-INCH-M2-1TBWI-FIPLUSCELLULAR-BLUE-PREMIUM,600,,deny,manual,673.99,1249.00,TRUE,TRUE,
ipad-air-11-inch-m2,iPad Air 11-inch (M2),,,,,,Condition,Premium,Storage,1TB Wi-Fi + Cellular,Color,Purple,IPAD-AIR-11-INCH-M2-1TBWI-FIPLUSCELLULAR-PURPLE-PREMIUM,600,,deny,manual,673.99,1249.00,TRUE,TRUE,
ipad-air-11-inch-m2,iPad Air 11-inch (M2),,,,,,Condition,Premium,Storage,1TB Wi-Fi + Cellular,Color,Starlight,IPAD-AIR-11-INCH-M2-1TBWI-FIPLUSCELLULAR-STARLIGHT-PREMIUM,600,,deny,manual,673.99,1249.00,TRUE,TRUE,
ipad-air-13-inch-m2,iPad Air 13-inch (M2),"<p>iPad Air 13-inch (M2). Professionally refurbished, tested on up to 100 points, wiped and reset. Cellular models are unlocked. 1-year warranty and free 30-day returns.</p><p><strong>Premium</strong> grade includes a brand-new battery.</p>",Apple,Tablet,"condition:refurbished, iPad, Apple, Tablets",TRUE,Condition,Fair,Storage,128GB Wi-Fi,Color,Space Gray,IPAD-AIR-13-INCH-M2-128GBWI-FI-SPACEGRAY-FAIR,600,,deny,manual,366.99,799.00,TRUE,TRUE,draft
ipad-air-13-inch-m2,iPad Air 13-inch (M2),,,,,,Condition,Fair,Storage,128GB Wi-Fi,Color,Blue,IPAD-AIR-13-INCH-M2-128GBWI-FI-BLUE-FAIR,600,,deny,manual,366.99,799.00,TRUE,TRUE,
ipad-air-13-inch-m2,iPad Air 13-inch (M2),,,,,,Condition,Fair,Storage,128GB Wi-Fi,Color,Purple,IPAD-AIR-13-INCH-M2-128GBWI-FI-PURPLE-FAIR,600,,deny,manual,366.99,799.00,TRUE,TRUE,
ipad-air-13-inch-m2,iPad Air 13-inch (M2),,,,,,Condition,Fair,Storage,128GB Wi-Fi,Color,Starlight,IPAD-AIR-13-INCH-M2-128GBWI-FI-STARLIGHT-FAIR,600,,deny,manual,366.99,799.00,TRUE,TRUE,
ipad-air-13-inch-m2,iPad Air 13-inch (M2),,,,,,Condition,Fair,Storage,128GB Wi-Fi + Cellular,Color,Space Gray,IPAD-AIR-13-INCH-M2-128GBWI-FIPLUSCELLULAR-SPACEGRAY-FAIR,600,,deny,manual,433.99,949.00,TRUE,TRUE,
ipad-air-13-inch-m2,iPad Air 13-inch (M2),,,,,,Condition,Fair,Storage,128GB Wi-Fi + Cellular,Color,Blue,IPAD-AIR-13-INCH-M2-128GBWI-FIPLUSCELLULAR-BLUE-FAIR,600,,deny,manual,433.99,949.00,TRUE,TRUE,
ipad-air-13-inch-m2,iPad Air 13-inch (M2),,,,,,Condition,Fair,Storage,128GB Wi-Fi + Cellular,Color,Purple,IPAD-AIR-13-INCH-M2-128GBWI-FIPLUSCELLULAR-PURPLE-FAIR,600,,deny,manual,433.99,949.00,TRUE,TRUE,
ipad-air-13-inch-m2,iPad Air 13-inch (M2),,,,,,Condition,Fair,Storage,128GB Wi-Fi + Cellular,Color,Starlight,IPAD-AIR-13-INCH-M2-128GBWI-FIPLUSCELLULAR-STARLIGHT-FAIR,600,,deny,manual,433.99,949.00,TRUE,TRUE,
ipad-air-13-inch-m2,iPad Air 13-inch (M2),,,,,,Condition,Fair,Storage,256GB Wi-Fi,Color,Space Gray,IPAD-AIR-13-INCH-M2-256GBWI-FI-SPACEGRAY-FAIR,600,,deny,manual,411.99,899.00,TRUE,TRUE,
ipad-air-13-inch-m2,iPad Air 13-inch (M2),,,,,,Condition,Fair,Storage,256GB Wi-Fi,Color,Blue,IPAD-AIR-13-INCH-M2-256GBWI-FI-BLUE-FAIR,600,,deny,manual,411.99,899.00,TRUE,TRUE,
ipad-air-13-inch-m2,iPad Air 13-inch (M2),,,,,,Condition,Fair,Storage,256GB Wi-Fi,Color,Purple,IPAD-AIR-13-INCH-M2-256GBWI-FI-PURPLE-FAIR,600,,deny,manual,411.99,899.00,TRUE,TRUE,
ipad-air-13-inch-m2,iPad Air 13-inch (M2),,,,,,Condition,Fair,Storage,256GB Wi-Fi,Color,Starlight,IPAD-AIR-13-INCH-M2-256GBWI-FI-STARLIGHT-FAIR,600,,deny,manual,411.99,899.00,TRUE,TRUE,
ipad-air-13-inch-m2,iPad Air 13-inch (M2),,,,,,Condition,Fair,Storage,256GB Wi-Fi + Cellular,Color,Space Gray,IPAD-AIR-13-INCH-M2-256GBWI-FIPLUSCELLULAR-SPACEGRAY-FAIR,600,,deny,manual,478.99,1049.00,TRUE,TRUE,
ipad-air-13-inch-m2,iPad Air 13-inch (M2),,,,,,Condition,Fair,Storage,256GB Wi-Fi + Cellular,Color,Blue,IPAD-AIR-13-INCH-M2-256GBWI-FIPLUSCELLULAR-BLUE-FAIR,600,,deny,manual,478.99,1049.00,TRUE,TRUE,
ipad-air-13-inch-m2,iPad Air 13-inch (M2),,,,,,Condition,Fair,Storage,256GB Wi-Fi + Cellular,Color,Purple,IPAD-AIR-13-INCH-M2-256GBWI-FIPLUSCELLULAR-PURPLE-FAIR,600,,deny,manual,478.99,1049.00,TRUE,TRUE,
ipad-air-13-inch-m2,iPad Air 13-inch (M2),,,,,,Condition,Fair,Storage,256GB Wi-Fi + Cellular,Color,Starlight,IPAD-AIR-13-INCH-M2-256GBWI-FIPLUSCELLULAR-STARLIGHT-FAIR,600,,deny,manual,478.99,1049.00,TRUE,TRUE,
ipad-air-13-inch-m2,iPad Air 13-inch (M2),,,,,,Condition,Fair,Storage,512GB Wi-Fi,Color,Space Gray,IPAD-AIR-13-INCH-M2-512GBWI-FI-SPACEGRAY-FAIR,600,,deny,manual,501.99,1099.00,TRUE,TRUE,
ipad-air-13-inch-m2,iPad Air 13-inch (M2),,,,,,Condition,Fair,Storage,512GB Wi-Fi,Color,Blue,IPAD-AIR-13-INCH-M2-512GBWI-FI-BLUE-FAIR,600,,deny,manual,501.99,1099.00,TRUE,TRUE,
ipad-air-13-inch-m2,iPad Air 13-inch (M2),,,,,,Condition,Fair,Storage,512GB Wi-Fi,Color,Purple,IPAD-AIR-13-INCH-M2-512GBWI-FI-PURPLE-FAIR,600,,deny,manual,501.99,1099.00,TRUE,TRUE,
ipad-air-13-inch-m2,iPad Air 13-inch (M2),,,,,,Condition,Fair,Storage,512GB Wi-Fi,Color,Starlight,IPAD-AIR-13-INCH-M2-512GBWI-FI-STARLIGHT-FAIR,600,,deny,manual,501.99,1099.00,TRUE,TRUE,
ipad-air-13-inch-m2,iPad Air 13-inch (M2),,,,,,Condition,Fair,Storage,512GB Wi-Fi + Cellular,Color,Space Gray,IPAD-AIR-13-INCH-M2-512GBWI-FIPLUSCELLULAR-SPACEGRAY-FAIR,600,,deny,manual,568.99,1249.00,TRUE,TRUE,
ipad-air-13-inch-m2,iPad Air 13-inch (M2),,,,,,Condition,Fair,Storage,512GB Wi-Fi + Cellular,Color,Blue,IPAD-AIR-13-INCH-M2-512GBWI-FIPLUSCELLULAR-BLUE-FAIR,600,,deny,manual,568.99,1249.00,TRUE,TRUE,
ipad-air-13-inch-m2,iPad Air 13-inch (M2),,,,,,Condition,Fair,Storage,512GB Wi-Fi + Cellular,Color,Purple,IPAD-AIR-13-INCH-M2-512GBWI-FIPLUSCELLULAR-PURPLE-FAIR,600,,deny,manual,568.99,1249.00,TRUE,TRUE,
ipad-air-13-inch-m2,iPad Air 13-inch (M2),,,,,,Condition,Fair,Storage,512GB Wi-Fi + Cellular,Color,Starlight,IPAD-AIR-13-INCH-M2-512GBWI-FIPLUSCELLULAR-STARLIGHT-FAIR,600,,deny,manual,568.99,1249.00,TRUE,TRUE,
ipad-air-13-inch-m2,iPad Air 13-inch (M2),,,,,,Condition,Fair,Storage,1TB Wi-Fi,Color,Space Gray,IPAD-AIR-13-INCH-M2-1TBWI-FI-SPACEGRAY-FAIR,600,,deny,manual,591.99,1299.00,TRUE,TRUE,
ipad-air-13-inch-m2,iPad Air 13-inch (M2),,,,,,Condition,Fair,Storage,1TB Wi-Fi,Color,Blue,IPAD-AIR-13-INCH-M2-1TBWI-FI-BLUE-FAIR,600,,deny,manual,591.99,1299.00,TRUE,TRUE,
ipad-air-13-inch-m2,iPad Air 13-inch (M2),,,,,,Condition,Fair,Storage,1TB Wi-Fi,Color,Purple,IPAD-AIR-13-INCH-M2-1TBWI-FI-PURPLE-FAIR,600,,deny,manual,591.99,1299.00,TRUE,TRUE,
ipad-air-13-inch-m2,iPad Air 13-inch (M2),,,,,,Condition,Fair,Storage,1TB Wi-Fi,Color,Starlight,IPAD-AIR-13-INCH-M2-1TBWI-FI-STARLIGHT-FAIR,600,,deny,manual,591.99,1299.00,TRUE,TRUE,
ipad-air-13-inch-m2,iPad Air 13-inch (M2),,,,,,Condition,Fair,Storage,1TB Wi-Fi + Cellular,Color,Space Gray,IPAD-AIR-13-INCH-M2-1TBWI-FIPLUSCELLULAR-SPACEGRAY-FAIR,600,,deny,manual,658.99,1449.00,TRUE,TRUE,
ipad-air-13-inch-m2,iPad Air 13-inch (M2),,,,,,Condition,Fair,Storage,1TB Wi-Fi + Cellular,Color,Blue,IPAD-AIR-13-INCH-M2-1TBWI-FIPLUSCELLULAR-BLUE-FAIR,600,,deny,manual,658.99,1449.00,TRUE,TRUE,
ipad-air-13-inch-m2,iPad Air 13-inch (M2),,,,,,Condition,Fair,Storage,1TB Wi-Fi + Cellular,Color,Purple,IPAD-AIR-13-INCH-M2-1TBWI-FIPLUSCELLULAR-PURPLE-FAIR,600,,deny,manual,658.99,1449.00,TRUE,TRUE,
ipad-air-13-inch-m2,iPad Air 13-inch (M2),,,,,,Condition,Fair,Storage,1TB Wi-Fi + Cellular,Color,Starlight,IPAD-AIR-13-INCH-M2-1TBWI-FIPLUSCELLULAR-STARLIGHT-FAIR,600,,deny,manual,658.99,1449.00,TRUE,TRUE,
ipad-air-13-inch-m2,iPad Air 13-inch (M2),,,,,,Condition,Good,Storage,128GB Wi-Fi,Color,Space Gray,IPAD-AIR-13-INCH-M2-128GBWI-FI-SPACEGRAY-GOOD,600,,deny,manual,406.99,799.00,TRUE,TRUE,
ipad-air-13-inch-m2,iPad Air 13-inch (M2),,,,,,Condition,Good,Storage,128GB Wi-Fi,Color,Blue,IPAD-AIR-13-INCH-M2-128GBWI-FI-BLUE-GOOD,600,,deny,manual,406.99,799.00,TRUE,TRUE,
ipad-air-13-inch-m2,iPad Air 13-inch (M2),,,,,,Condition,Good,Storage,128GB Wi-Fi,Color,Purple,IPAD-AIR-13-INCH-M2-128GBWI-FI-PURPLE-GOOD,600,,deny,manual,406.99,799.00,TRUE,TRUE,
ipad-air-13-inch-m2,iPad Air 13-inch (M2),,,,,,Condition,Good,Storage,128GB Wi-Fi,Color,Starlight,IPAD-AIR-13-INCH-M2-128GBWI-FI-STARLIGHT-GOOD,600,,deny,manual,406.99,799.00,TRUE,TRUE,
ipad-air-13-inch-m2,iPad Air 13-inch (M2),,,,,,Condition,Good,Storage,128GB Wi-Fi + Cellular,Color,Space Gray,IPAD-AIR-13-INCH-M2-128GBWI-FIPLUSCELLULAR-SPACEGRAY-GOOD,600,,deny,manual,474.99,949.00,TRUE,TRUE,
ipad-air-13-inch-m2,iPad Air 13-inch (M2),,,,,,Condition,Good,Storage,128GB Wi-Fi + Cellular,Color,Blue,IPAD-AIR-13-INCH-M2-128GBWI-FIPLUSCELLULAR-BLUE-GOOD,600,,deny,manual,474.99,949.00,TRUE,TRUE,
ipad-air-13-inch-m2,iPad Air 13-inch (M2),,,,,,Condition,Good,Storage,128GB Wi-Fi + Cellular,Color,Purple,IPAD-AIR-13-INCH-M2-128GBWI-FIPLUSCELLULAR-PURPLE-GOOD,600,,deny,manual,474.99,949.00,TRUE,TRUE,
ipad-air-13-inch-m2,iPad Air 13-inch (M2),,,,,,Condition,Good,Storage,128GB Wi-Fi + Cellular,Color,Starlight,IPAD-AIR-13-INCH-M2-128GBWI-FIPLUSCELLULAR-STARLIGHT-GOOD,600,,deny,manual,474.99,949.00,TRUE,TRUE,
ipad-air-13-inch-m2,iPad Air 13-inch (M2),,,,,,Condition,Good,Storage,256GB Wi-Fi,Color,Space Gray,IPAD-AIR-13-INCH-M2-256GBWI-FI-SPACEGRAY-GOOD,600,,deny,manual,451.99,899.00,TRUE,TRUE,
ipad-air-13-inch-m2,iPad Air 13-inch (M2),,,,,,Condition,Good,Storage,256GB Wi-Fi,Color,Blue,IPAD-AIR-13-INCH-M2-256GBWI-FI-BLUE-GOOD,600,,deny,manual,451.99,899.00,TRUE,TRUE,
ipad-air-13-inch-m2,iPad Air 13-inch (M2),,,,,,Condition,Good,Storage,256GB Wi-Fi,Color,Purple,IPAD-AIR-13-INCH-M2-256GBWI-FI-PURPLE-GOOD,600,,deny,manual,451.99,899.00,TRUE,TRUE,
ipad-air-13-inch-m2,iPad Air 13-inch (M2),,,,,,Condition,Good,Storage,256GB Wi-Fi,Color,Starlight,IPAD-AIR-13-INCH-M2-256GBWI-FI-STARLIGHT-GOOD,600,,deny,manual,451.99,899.00,TRUE,TRUE,
ipad-air-13-inch-m2,iPad Air 13-inch (M2),,,,,,Condition,Good,Storage,256GB Wi-Fi + Cellular,Color,Space Gray,IPAD-AIR-13-INCH-M2-256GBWI-FIPLUSCELLULAR-SPACEGRAY-GOOD,600,,deny,manual,519.99,1049.00,TRUE,TRUE,
ipad-air-13-inch-m2,iPad Air 13-inch (M2),,,,,,Condition,Good,Storage,256GB Wi-Fi + Cellular,Color,Blue,IPAD-AIR-13-INCH-M2-256GBWI-FIPLUSCELLULAR-BLUE-GOOD,600,,deny,manual,519.99,1049.00,TRUE,TRUE,
ipad-air-13-inch-m2,iPad Air 13-inch (M2),,,,,,Condition,Good,Storage,256GB Wi-Fi + Cellular,Color,Purple,IPAD-AIR-13-INCH-M2-256GBWI-FIPLUSCELLULAR-PURPLE-GOOD,600,,deny,manual,519.99,1049.00,TRUE,TRUE,
ipad-air-13-inch-m2,iPad Air 13-inch (M2),,,,,,Condition,Good,Storage,256GB Wi-Fi + Cellular,Color,Starlight,IPAD-AIR-13-INCH-M2-256GBWI-FIPLUSCELLULAR-STARLIGHT-GOOD,600,,deny,manual,519.99,1049.00,TRUE,TRUE,
ipad-air-13-inch-m2,iPad Air 13-inch (M2),,,,,,Condition,Good,Storage,512GB Wi-Fi,Color,Space Gray,IPAD-AIR-13-INCH-M2-512GBWI-FI-SPACEGRAY-GOOD,600,,deny,manual,541.99,1099.00,TRUE,TRUE,
ipad-air-13-inch-m2,iPad Air 13-inch (M2),,,,,,Condition,Good,Storage,512GB Wi-Fi,Color,Blue,IPAD-AIR-13-INCH-M2-512GBWI-FI-BLUE-GOOD,600,,deny,manual,541.99,1099.00,TRUE,TRUE,
ipad-air-13-inch-m2,iPad Air 13-inch (M2),,,,,,Condition,Good,Storage,512GB Wi-Fi,Color,Purple,IPAD-AIR-13-INCH-M2-512GBWI-FI-PURPLE-GOOD,600,,deny,manual,541.99,1099.00,TRUE,TRUE,
ipad-air-13-inch-m2,iPad Air 13-inch (M2),,,,,,Condition,Good,Storage,512GB Wi-Fi,Color,Starlight,IPAD-AIR-13-INCH-M2-512GBWI-FI-STARLIGHT-GOOD,600,,deny,manual,541.99,1099.00,TRUE,TRUE,
ipad-air-13-inch-m2,iPad Air 13-inch (M2),,,,,,Condition,Good,Storage,512GB Wi-Fi + Cellular,Color,Space Gray,IPAD-AIR-13-INCH-M2-512GBWI-FIPLUSCELLULAR-SPACEGRAY-GOOD,600,,deny,manual,609.99,1249.00,TRUE,TRUE,
ipad-air-13-inch-m2,iPad Air 13-inch (M2),,,,,,Condition,Good,Storage,512GB Wi-Fi + Cellular,Color,Blue,IPAD-AIR-13-INCH-M2-512GBWI-FIPLUSCELLULAR-BLUE-GOOD,600,,deny,manual,609.99,1249.00,TRUE,TRUE,
ipad-air-13-inch-m2,iPad Air 13-inch (M2),,,,,,Condition,Good,Storage,512GB Wi-Fi + Cellular,Color,Purple,IPAD-AIR-13-INCH-M2-512GBWI-FIPLUSCELLULAR-PURPLE-GOOD,600,,deny,manual,609.99,1249.00,TRUE,TRUE,
ipad-air-13-inch-m2,iPad Air 13-inch (M2),,,,,,Condition,Good,Storage,512GB Wi-Fi + Cellular,Color,Starlight,IPAD-AIR-13-INCH-M2-512GBWI-FIPLUSCELLULAR-STARLIGHT-GOOD,600,,deny,manual,609.99,1249.00,TRUE,TRUE,
ipad-air-13-inch-m2,iPad Air 13-inch (M2),,,,,,Condition,Good,Storage,1TB Wi-Fi,Color,Space Gray,IPAD-AIR-13-INCH-M2-1TBWI-FI-SPACEGRAY-GOOD,600,,deny,manual,631.99,1299.00,TRUE,TRUE,
ipad-air-13-inch-m2,iPad Air 13-inch (M2),,,,,,Condition,Good,Storage,1TB Wi-Fi,Color,Blue,IPAD-AIR-13-INCH-M2-1TBWI-FI-BLUE-GOOD,600,,deny,manual,631.99,1299.00,TRUE,TRUE,
ipad-air-13-inch-m2,iPad Air 13-inch (M2),,,,,,Condition,Good,Storage,1TB Wi-Fi,Color,Purple,IPAD-AIR-13-INCH-M2-1TBWI-FI-PURPLE-GOOD,600,,deny,manual,631.99,1299.00,TRUE,TRUE,
ipad-air-13-inch-m2,iPad Air 13-inch (M2),,,,,,Condition,Good,Storage,1TB Wi-Fi,Color,Starlight,IPAD-AIR-13-INCH-M2-1TBWI-FI-STARLIGHT-GOOD,600,,deny,manual,631.99,1299.00,TRUE,TRUE,
ipad-air-13-inch-m2,iPad Air 13-inch (M2),,,,,,Condition,Good,Storage,1TB Wi-Fi + Cellular,Color,Space Gray,IPAD-AIR-13-INCH-M2-1TBWI-FIPLUSCELLULAR-SPACEGRAY-GOOD,600,,deny,manual,699.99,1449.00,TRUE,TRUE,
ipad-air-13-inch-m2,iPad Air 13-inch (M2),,,,,,Condition,Good,Storage,1TB Wi-Fi + Cellular,Color,Blue,IPAD-AIR-13-INCH-M2-1TBWI-FIPLUSCELLULAR-BLUE-GOOD,600,,deny,manual,699.99,1449.00,TRUE,TRUE,
ipad-air-13-inch-m2,iPad Air 13-inch (M2),,,,,,Condition,Good,Storage,1TB Wi-Fi + Cellular,Color,Purple,IPAD-AIR-13-INCH-M2-1TBWI-FIPLUSCELLULAR-PURPLE-GOOD,600,,deny,manual,699.99,1449.00,TRUE,TRUE,
ipad-air-13-inch-m2,iPad Air 13-inch (M2),,,,,,Condition,Good,Storage,1TB Wi-Fi + Cellular,Color,Starlight,IPAD-AIR-13-INCH-M2-1TBWI-FIPLUSCELLULAR-STARLIGHT-GOOD,600,,deny,manual,699.99,1449.00,TRUE,TRUE,
ipad-air-13-inch-m2,iPad Air 13-inch (M2),,,,,,Condition,Excellent,Storage,128GB Wi-Fi,Color,Space Gray,IPAD-AIR-13-INCH-M2-128GBWI-FI-SPACEGRAY-EXCELLENT,600,,deny,manual,455.99,799.00,TRUE,TRUE,
ipad-air-13-inch-m2,iPad Air 13-inch (M2),,,,,,Condition,Excellent,Storage,128GB Wi-Fi,Color,Blue,IPAD-AIR-13-INCH-M2-128GBWI-FI-BLUE-EXCELLENT,600,,deny,manual,455.99,799.00,TRUE,TRUE,
ipad-air-13-inch-m2,iPad Air 13-inch (M2),,,,,,Condition,Excellent,Storage,128GB Wi-Fi,Color,Purple,IPAD-AIR-13-INCH-M2-128GBWI-FI-PURPLE-EXCELLENT,600,,deny,manual,455.99,799.00,TRUE,TRUE,
ipad-air-13-inch-m2,iPad Air 13-inch (M2),,,,,,Condition,Excellent,Storage,128GB Wi-Fi,Color,Starlight,IPAD-AIR-13-INCH-M2-128GBWI-FI-STARLIGHT-EXCELLENT,600,,deny,manual,455.99,799.00,TRUE,TRUE,
ipad-air-13-inch-m2,iPad Air 13-inch (M2),,,,,,Condition,Excellent,Storage,128GB Wi-Fi + Cellular,Color,Space Gray,IPAD-AIR-13-INCH-M2-128GBWI-FIPLUSCELLULAR-SPACEGRAY-EXCELLENT,600,,deny,manual,523.99,949.00,TRUE,TRUE,
ipad-air-13-inch-m2,iPad Air 13-inch (M2),,,,,,Condition,Excellent,Storage,128GB Wi-Fi + Cellular,Color,Blue,IPAD-AIR-13-INCH-M2-128GBWI-FIPLUSCELLULAR-BLUE-EXCELLENT,600,,deny,manual,523.99,949.00,TRUE,TRUE,
ipad-air-13-inch-m2,iPad Air 13-inch (M2),,,,,,Condition,Excellent,Storage,128GB Wi-Fi + Cellular,Color,Purple,IPAD-AIR-13-INCH-M2-128GBWI-FIPLUSCELLULAR-PURPLE-EXCELLENT,600,,deny,manual,523.99,949.00,TRUE,TRUE,
ipad-air-13-inch-m2,iPad Air 13-inch (M2),,,,,,Condition,Excellent,Storage,128GB Wi-Fi + Cellular,Color,Starlight,IPAD-AIR-13-INCH-M2-128GBWI-FIPLUSCELLULAR-STARLIGHT-EXCELLENT,600,,deny,manual,523.99,949.00,TRUE,TRUE,
ipad-air-13-inch-m2,iPad Air 13-inch (M2),,,,,,Condition,Excellent,Storage,256GB Wi-Fi,Color,Space Gray,IPAD-AIR-13-INCH-M2-256GBWI-FI-SPACEGRAY-EXCELLENT,600,,deny,manual,500.99,899.00,TRUE,TRUE,
ipad-air-13-inch-m2,iPad Air 13-inch (M2),,,,,,Condition,Excellent,Storage,256GB Wi-Fi,Color,Blue,IPAD-AIR-13-INCH-M2-256GBWI-FI-BLUE-EXCELLENT,600,,deny,manual,500.99,899.00,TRUE,TRUE,
ipad-air-13-inch-m2,iPad Air 13-inch (M2),,,,,,Condition,Excellent,Storage,256GB Wi-Fi,Color,Purple,IPAD-AIR-13-INCH-M2-256GBWI-FI-PURPLE-EXCELLENT,600,,deny,manual,500.99,899.00,TRUE,TRUE,
ipad-air-13-inch-m2,iPad Air 13-inch (M2),,,,,,Condition,Excellent,Storage,256GB Wi-Fi,Color,Starlight,IPAD-AIR-13-INCH-M2-256GBWI-FI-STARLIGHT-EXCELLENT,600,,deny,manual,500.99,899.00,TRUE,TRUE,
ipad-air-13-inch-m2,iPad Air 13-inch (M2),,,,,,Condition,Excellent,Storage,256GB Wi-Fi + Cellular,Color,Space Gray,IPAD-AIR-13-INCH-M2-256GBWI-FIPLUSCELLULAR-SPACEGRAY-EXCELLENT,600,,deny,manual,568.99,1049.00,TRUE,TRUE,
ipad-air-13-inch-m2,iPad Air 13-inch (M2),,,,,,Condition,Excellent,Storage,256GB Wi-Fi + Cellular,Color,Blue,IPAD-AIR-13-INCH-M2-256GBWI-FIPLUSCELLULAR-BLUE-EXCELLENT,600,,deny,manual,568.99,1049.00,TRUE,TRUE,
ipad-air-13-inch-m2,iPad Air 13-inch (M2),,,,,,Condition,Excellent,Storage,256GB Wi-Fi + Cellular,Color,Purple,IPAD-AIR-13-INCH-M2-256GBWI-FIPLUSCELLULAR-PURPLE-EXCELLENT,600,,deny,manual,568.99,1049.00,TRUE,TRUE,
ipad-air-13-inch-m2,iPad Air 13-inch (M2),,,,,,Condition,Excellent,Storage,256GB Wi-Fi + Cellular,Color,Starlight,IPAD-AIR-13-INCH-M2-256GBWI-FIPLUSCELLULAR-STARLIGHT-EXCELLENT,600,,deny,manual,568.99,1049.00,TRUE,TRUE,
ipad-air-13-inch-m2,iPad Air 13-inch (M2),,,,,,Condition,Excellent,Storage,512GB Wi-Fi,Color,Space Gray,IPAD-AIR-13-INCH-M2-512GBWI-FI-SPACEGRAY-EXCELLENT,600,,deny,manual,590.99,1099.00,TRUE,TRUE,
ipad-air-13-inch-m2,iPad Air 13-inch (M2),,,,,,Condition,Excellent,Storage,512GB Wi-Fi,Color,Blue,IPAD-AIR-13-INCH-M2-512GBWI-FI-BLUE-EXCELLENT,600,,deny,manual,590.99,1099.00,TRUE,TRUE,
ipad-air-13-inch-m2,iPad Air 13-inch (M2),,,,,,Condition,Excellent,Storage,512GB Wi-Fi,Color,Purple,IPAD-AIR-13-INCH-M2-512GBWI-FI-PURPLE-EXCELLENT,600,,deny,manual,590.99,1099.00,TRUE,TRUE,
ipad-air-13-inch-m2,iPad Air 13-inch (M2),,,,,,Condition,Excellent,Storage,512GB Wi-Fi,Color,Starlight,IPAD-AIR-13-INCH-M2-512GBWI-FI-STARLIGHT-EXCELLENT,600,,deny,manual,590.99,1099.00,TRUE,TRUE,
ipad-air-13-inch-m2,iPad Air 13-inch (M2),,,,,,Condition,Excellent,Storage,512GB Wi-Fi + Cellular,Color,Space Gray,IPAD-AIR-13-INCH-M2-512GBWI-FIPLUSCELLULAR-SPACEGRAY-EXCELLENT,600,,deny,manual,658.99,1249.00,TRUE,TRUE,
ipad-air-13-inch-m2,iPad Air 13-inch (M2),,,,,,Condition,Excellent,Storage,512GB Wi-Fi + Cellular,Color,Blue,IPAD-AIR-13-INCH-M2-512GBWI-FIPLUSCELLULAR-BLUE-EXCELLENT,600,,deny,manual,658.99,1249.00,TRUE,TRUE,
ipad-air-13-inch-m2,iPad Air 13-inch (M2),,,,,,Condition,Excellent,Storage,512GB Wi-Fi + Cellular,Color,Purple,IPAD-AIR-13-INCH-M2-512GBWI-FIPLUSCELLULAR-PURPLE-EXCELLENT,600,,deny,manual,658.99,1249.00,TRUE,TRUE,
ipad-air-13-inch-m2,iPad Air 13-inch (M2),,,,,,Condition,Excellent,Storage,512GB Wi-Fi + Cellular,Color,Starlight,IPAD-AIR-13-INCH-M2-512GBWI-FIPLUSCELLULAR-STARLIGHT-EXCELLENT,600,,deny,manual,658.99,1249.00,TRUE,TRUE,
ipad-air-13-inch-m2,iPad Air 13-inch (M2),,,,,,Condition,Excellent,Storage,1TB Wi-Fi,Color,Space Gray,IPAD-AIR-13-INCH-M2-1TBWI-FI-SPACEGRAY-EXCELLENT,600,,deny,manual,680.99,1299.00,TRUE,TRUE,
ipad-air-13-inch-m2,iPad Air 13-inch (M2),,,,,,Condition,Excellent,Storage,1TB Wi-Fi,Color,Blue,IPAD-AIR-13-INCH-M2-1TBWI-FI-BLUE-EXCELLENT,600,,deny,manual,680.99,1299.00,TRUE,TRUE,
ipad-air-13-inch-m2,iPad Air 13-inch (M2),,,,,,Condition,Excellent,Storage,1TB Wi-Fi,Color,Purple,IPAD-AIR-13-INCH-M2-1TBWI-FI-PURPLE-EXCELLENT,600,,deny,manual,680.99,1299.00,TRUE,TRUE,
ipad-air-13-inch-m2,iPad Air 13-inch (M2),,,,,,Condition,Excellent,Storage,1TB Wi-Fi,Color,Starlight,IPAD-AIR-13-INCH-M2-1TBWI-FI-STARLIGHT-EXCELLENT,600,,deny,manual,680.99,1299.00,TRUE,TRUE,
ipad-air-13-inch-m2,iPad Air 13-inch (M2),,,,,,Condition,Excellent,Storage,1TB Wi-Fi + Cellular,Color,Space Gray,IPAD-AIR-13-INCH-M2-1TBWI-FIPLUSCELLULAR-SPACEGRAY-EXCELLENT,600,,deny,manual,748.99,1449.00,TRUE,TRUE,
ipad-air-13-inch-m2,iPad Air 13-inch (M2),,,,,,Condition,Excellent,Storage,1TB Wi-Fi + Cellular,Color,Blue,IPAD-AIR-13-INCH-M2-1TBWI-FIPLUSCELLULAR-BLUE-EXCELLENT,600,,deny,manual,748.99,1449.00,TRUE,TRUE,
ipad-air-13-inch-m2,iPad Air 13-inch (M2),,,,,,Condition,Excellent,Storage,1TB Wi-Fi + Cellular,Color,Purple,IPAD-AIR-13-INCH-M2-1TBWI-FIPLUSCELLULAR-PURPLE-EXCELLENT,600,,deny,manual,748.99,1449.00,TRUE,TRUE,
ipad-air-13-inch-m2,iPad Air 13-inch (M2),,,,,,Condition,Excellent,Storage,1TB Wi-Fi + Cellular,Color,Starlight,IPAD-AIR-13-INCH-M2-1TBWI-FIPLUSCELLULAR-STARLIGHT-EXCELLENT,600,,deny,manual,748.99,1449.00,TRUE,TRUE,
ipad-air-13-inch-m2,iPad Air 13-inch (M2),,,,,,Condition,Premium,Storage,128GB Wi-Fi,Color,Space Gray,IPAD-AIR-13-INCH-M2-128GBWI-FI-SPACEGRAY-PREMIUM,600,,deny,manual,508.99,799.00,TRUE,TRUE,
ipad-air-13-inch-m2,iPad Air 13-inch (M2),,,,,,Condition,Premium,Storage,128GB Wi-Fi,Color,Blue,IPAD-AIR-13-INCH-M2-128GBWI-FI-BLUE-PREMIUM,600,,deny,manual,508.99,799.00,TRUE,TRUE,
ipad-air-13-inch-m2,iPad Air 13-inch (M2),,,,,,Condition,Premium,Storage,128GB Wi-Fi,Color,Purple,IPAD-AIR-13-INCH-M2-128GBWI-FI-PURPLE-PREMIUM,600,,deny,manual,508.99,799.00,TRUE,TRUE,
ipad-air-13-inch-m2,iPad Air 13-inch (M2),,,,,,Condition,Premium,Storage,128GB Wi-Fi,Color,Starlight,IPAD-AIR-13-INCH-M2-128GBWI-FI-STARLIGHT-PREMIUM,600,,deny,manual,508.99,799.00,TRUE,TRUE,
ipad-air-13-inch-m2,iPad Air 13-inch (M2),,,,,,Condition,Premium,Storage,128GB Wi-Fi + Cellular,Color,Space Gray,IPAD-AIR-13-INCH-M2-128GBWI-FIPLUSCELLULAR-SPACEGRAY-PREMIUM,600,,deny,manual,576.99,949.00,TRUE,TRUE,
ipad-air-13-inch-m2,iPad Air 13-inch (M2),,,,,,Condition,Premium,Storage,128GB Wi-Fi + Cellular,Color,Blue,IPAD-AIR-13-INCH-M2-128GBWI-FIPLUSCELLULAR-BLUE-PREMIUM,600,,deny,manual,576.99,949.00,TRUE,TRUE,
ipad-air-13-inch-m2,iPad Air 13-inch (M2),,,,,,Condition,Premium,Storage,128GB Wi-Fi + Cellular,Color,Purple,IPAD-AIR-13-INCH-M2-128GBWI-FIPLUSCELLULAR-PURPLE-PREMIUM,600,,deny,manual,576.99,949.00,TRUE,TRUE,
ipad-air-13-inch-m2,iPad Air 13-inch (M2),,,,,,Condition,Premium,Storage,128GB Wi-Fi + Cellular,Color,Starlight,IPAD-AIR-13-INCH-M2-128GBWI-FIPLUSCELLULAR-STARLIGHT-PREMIUM,600,,deny,manual,576.99,949.00,TRUE,TRUE,
ipad-air-13-inch-m2,iPad Air 13-inch (M2),,,,,,Condition,Premium,Storage,256GB Wi-Fi,Color,Space Gray,IPAD-AIR-13-INCH-M2-256GBWI-FI-SPACEGRAY-PREMIUM,600,,deny,manual,553.99,899.00,TRUE,TRUE,
ipad-air-13-inch-m2,iPad Air 13-inch (M2),,,,,,Condition,Premium,Storage,256GB Wi-Fi,Color,Blue,IPAD-AIR-13-INCH-M2-256GBWI-FI-BLUE-PREMIUM,600,,deny,manual,553.99,899.00,TRUE,TRUE,
ipad-air-13-inch-m2,iPad Air 13-inch (M2),,,,,,Condition,Premium,Storage,256GB Wi-Fi,Color,Purple,IPAD-AIR-13-INCH-M2-256GBWI-FI-PURPLE-PREMIUM,600,,deny,manual,553.99,899.00,TRUE,TRUE,
ipad-air-13-inch-m2,iPad Air 13-inch (M2),,,,,,Condition,Premium,Storage,256GB Wi-Fi,Color,Starlight,IPAD-AIR-13-INCH-M2-256GBWI-FI-STARLIGHT-PREMIUM,600,,deny,manual,553.99,899.00,TRUE,TRUE,
ipad-air-13-inch-m2,iPad Air 13-inch (M2),,,,,,Condition,Premium,Storage,256GB Wi-Fi + Cellular,Color,Space Gray,IPAD-AIR-13-INCH-M2-256GBWI-FIPLUSCELLULAR-SPACEGRAY-PREMIUM,600,,deny,manual,621.99,1049.00,TRUE,TRUE,
ipad-air-13-inch-m2,iPad Air 13-inch (M2),,,,,,Condition,Premium,Storage,256GB Wi-Fi + Cellular,Color,Blue,IPAD-AIR-13-INCH-M2-256GBWI-FIPLUSCELLULAR-BLUE-PREMIUM,600,,deny,manual,621.99,1049.00,TRUE,TRUE,
ipad-air-13-inch-m2,iPad Air 13-inch (M2),,,,,,Condition,Premium,Storage,256GB Wi-Fi + Cellular,Color,Purple,IPAD-AIR-13-INCH-M2-256GBWI-FIPLUSCELLULAR-PURPLE-PREMIUM,600,,deny,manual,621.99,1049.00,TRUE,TRUE,
ipad-air-13-inch-m2,iPad Air 13-inch (M2),,,,,,Condition,Premium,Storage,256GB Wi-Fi + Cellular,Color,Starlight,IPAD-AIR-13-INCH-M2-256GBWI-FIPLUSCELLULAR-STARLIGHT-PREMIUM,600,,deny,manual,621.99,1049.00,TRUE,TRUE,
ipad-air-13-inch-m2,iPad Air 13-inch (M2),,,,,,Condition,Premium,Storage,512GB Wi-Fi,Color,Space Gray,IPAD-AIR-13-INCH-M2-512GBWI-FI-SPACEGRAY-PREMIUM,600,,deny,manual,643.99,1099.00,TRUE,TRUE,
ipad-air-13-inch-m2,iPad Air 13-inch (M2),,,,,,Condition,Premium,Storage,512GB Wi-Fi,Color,Blue,IPAD-AIR-13-INCH-M2-512GBWI-FI-BLUE-PREMIUM,600,,deny,manual,643.99,1099.00,TRUE,TRUE,
ipad-air-13-inch-m2,iPad Air 13-inch (M2),,,,,,Condition,Premium,Storage,512GB Wi-Fi,Color,Purple,IPAD-AIR-13-INCH-M2-512GBWI-FI-PURPLE-PREMIUM,600,,deny,manual,643.99,1099.00,TRUE,TRUE,
ipad-air-13-inch-m2,iPad Air 13-inch (M2),,,,,,Condition,Premium,Storage,512GB Wi-Fi,Color,Starlight,IPAD-AIR-13-INCH-M2-512GBWI-FI-STARLIGHT-PREMIUM,600,,deny,manual,643.99,1099.00,TRUE,TRUE,
ipad-air-13-inch-m2,iPad Air 13-inch (M2),,,,,,Condition,Premium,Storage,512GB Wi-Fi + Cellular,Color,Space Gray,IPAD-AIR-13-INCH-M2-512GBWI-FIPLUSCELLULAR-SPACEGRAY-PREMIUM,600,,deny,manual,711.99,1249.00,TRUE,TRUE,
ipad-air-13-inch-m2,iPad Air 13-inch (M2),,,,,,Condition,Premium,Storage,512GB Wi-Fi + Cellular,Color,Blue,IPAD-AIR-13-INCH-M2-512GBWI-FIPLUSCELLULAR-BLUE-PREMIUM,600,,deny,manual,711.99,1249.00,TRUE,TRUE,
ipad-air-13-inch-m2,iPad Air 13-inch (M2),,,,,,Condition,Premium,Storage,512GB Wi-Fi + Cellular,Color,Purple,IPAD-AIR-13-INCH-M2-512GBWI-FIPLUSCELLULAR-PURPLE-PREMIUM,600,,deny,manual,711.99,1249.00,TRUE,TRUE,
ipad-air-13-inch-m2,iPad Air 13-inch (M2),,,,,,Condition,Premium,Storage,512GB Wi-Fi + Cellular,Color,Starlight,IPAD-AIR-13-INCH-M2-512GBWI-FIPLUSCELLULAR-STARLIGHT-PREMIUM,600,,deny,manual,711.99,1249.00,TRUE,TRUE,
ipad-air-13-inch-m2,iPad Air 13-inch (M2),,,,,,Condition,Premium,Storage,1TB Wi-Fi,Color,Space Gray,IPAD-AIR-13-INCH-M2-1TBWI-FI-SPACEGRAY-PREMIUM,600,,deny,manual,733.99,1299.00,TRUE,TRUE,
ipad-air-13-inch-m2,iPad Air 13-inch (M2),,,,,,Condition,Premium,Storage,1TB Wi-Fi,Color,Blue,IPAD-AIR-13-INCH-M2-1TBWI-FI-BLUE-PREMIUM,600,,deny,manual,733.99,1299.00,TRUE,TRUE,
ipad-air-13-inch-m2,iPad Air 13-inch (M2),,,,,,Condition,Premium,Storage,1TB Wi-Fi,Color,Purple,IPAD-AIR-13-INCH-M2-1TBWI-FI-PURPLE-PREMIUM,600,,deny,manual,733.99,1299.00,TRUE,TRUE,
ipad-air-13-inch-m2,iPad Air 13-inch (M2),,,,,,Condition,Premium,Storage,1TB Wi-Fi,Color,Starlight,IPAD-AIR-13-INCH-M2-1TBWI-FI-STARLIGHT-PREMIUM,600,,deny,manual,733.99,1299.00,TRUE,TRUE,
ipad-air-13-inch-m2,iPad Air 13-inch (M2),,,,,,Condition,Premium,Storage,1TB Wi-Fi + Cellular,Color,Space Gray,IPAD-AIR-13-INCH-M2-1TBWI-FIPLUSCELLULAR-SPACEGRAY-PREMIUM,600,,deny,manual,801.99,1449.00,TRUE,TRUE,
ipad-air-13-inch-m2,iPad Air 13-inch (M2),,,,,,Condition,Premium,Storage,1TB Wi-Fi + Cellular,Color,Blue,IPAD-AIR-13-INCH-M2-1TBWI-FIPLUSCELLULAR-BLUE-PREMIUM,600,,deny,manual,801.99,1449.00,TRUE,TRUE,
ipad-air-13-inch-m2,iPad Air 13-inch (M2),,,,,,Condition,Premium,Storage,1TB Wi-Fi + Cellular,Color,Purple,IPAD-AIR-13-INCH-M2-1TBWI-FIPLUSCELLULAR-PURPLE-PREMIUM,600,,deny,manual,801.99,1449.00,TRUE,TRUE,
ipad-air-13-inch-m2,iPad Air 13-inch (M2),,,,,,Condition,Premium,Storage,1TB Wi-Fi + Cellular,Color,Starlight,IPAD-AIR-13-INCH-M2-1TBWI-FIPLUSCELLULAR-STARLIGHT-PREMIUM,600,,deny,manual,801.99,1449.00,TRUE,TRUE,
ipad-air-11-inch-m3,iPad Air 11-inch (M3),"<p>iPad Air 11-inch (M3). Professionally refurbished, tested on up to 100 points, wiped and reset. Cellular models are unlocked. 1-year warranty and free 30-day returns.</p><p><strong>Premium</strong> grade includes a brand-new battery.</p>",Apple,Tablet,"condition:refurbished, iPad, Apple, Tablets",TRUE,Condition,Fair,Storage,128GB Wi-Fi,Color,Space Gray,IPAD-AIR-11-INCH-M3-128GBWI-FI-SPACEGRAY-FAIR,600,,deny,manual,329.99,599.00,TRUE,TRUE,draft
ipad-air-11-inch-m3,iPad Air 11-inch (M3),,,,,,Condition,Fair,Storage,128GB Wi-Fi,Color,Blue,IPAD-AIR-11-INCH-M3-128GBWI-FI-BLUE-FAIR,600,,deny,manual,329.99,599.00,TRUE,TRUE,
ipad-air-11-inch-m3,iPad Air 11-inch (M3),,,,,,Condition,Fair,Storage,128GB Wi-Fi,Color,Purple,IPAD-AIR-11-INCH-M3-128GBWI-FI-PURPLE-FAIR,600,,deny,manual,329.99,599.00,TRUE,TRUE,
ipad-air-11-inch-m3,iPad Air 11-inch (M3),,,,,,Condition,Fair,Storage,128GB Wi-Fi,Color,Starlight,IPAD-AIR-11-INCH-M3-128GBWI-FI-STARLIGHT-FAIR,600,,deny,manual,329.99,599.00,TRUE,TRUE,
ipad-air-11-inch-m3,iPad Air 11-inch (M3),,,,,,Condition,Fair,Storage,128GB Wi-Fi + Cellular,Color,Space Gray,IPAD-AIR-11-INCH-M3-128GBWI-FIPLUSCELLULAR-SPACEGRAY-FAIR,600,,deny,manual,396.99,749.00,TRUE,TRUE,
ipad-air-11-inch-m3,iPad Air 11-inch (M3),,,,,,Condition,Fair,Storage,128GB Wi-Fi + Cellular,Color,Blue,IPAD-AIR-11-INCH-M3-128GBWI-FIPLUSCELLULAR-BLUE-FAIR,600,,deny,manual,396.99,749.00,TRUE,TRUE,
ipad-air-11-inch-m3,iPad Air 11-inch (M3),,,,,,Condition,Fair,Storage,128GB Wi-Fi + Cellular,Color,Purple,IPAD-AIR-11-INCH-M3-128GBWI-FIPLUSCELLULAR-PURPLE-FAIR,600,,deny,manual,396.99,749.00,TRUE,TRUE,
ipad-air-11-inch-m3,iPad Air 11-inch (M3),,,,,,Condition,Fair,Storage,128GB Wi-Fi + Cellular,Color,Starlight,IPAD-AIR-11-INCH-M3-128GBWI-FIPLUSCELLULAR-STARLIGHT-FAIR,600,,deny,manual,396.99,749.00,TRUE,TRUE,
ipad-air-11-inch-m3,iPad Air 11-inch (M3),,,,,,Condition,Fair,Storage,256GB Wi-Fi,Color,Space Gray,IPAD-AIR-11-INCH-M3-256GBWI-FI-SPACEGRAY-FAIR,600,,deny,manual,374.99,699.00,TRUE,TRUE,
ipad-air-11-inch-m3,iPad Air 11-inch (M3),,,,,,Condition,Fair,Storage,256GB Wi-Fi,Color,Blue,IPAD-AIR-11-INCH-M3-256GBWI-FI-BLUE-FAIR,600,,deny,manual,374.99,699.00,TRUE,TRUE,
ipad-air-11-inch-m3,iPad Air 11-inch (M3),,,,,,Condition,Fair,Storage,256GB Wi-Fi,Color,Purple,IPAD-AIR-11-INCH-M3-256GBWI-FI-PURPLE-FAIR,600,,deny,manual,374.99,699.00,TRUE,TRUE,
ipad-air-11-inch-m3,iPad Air 11-inch (M3),,,,,,Condition,Fair,Storage,256GB Wi-Fi,Color,Starlight,IPAD-AIR-11-INCH-M3-256GBWI-FI-STARLIGHT-FAIR,600,,deny,manual,374.99,699.00,TRUE,TRUE,
ipad-air-11-inch-m3,iPad Air 11-inch (M3),,,,,,Condition,Fair,Storage,256GB Wi-Fi + Cellular,Color,Space Gray,IPAD-AIR-11-INCH-M3-256GBWI-FIPLUSCELLULAR-SPACEGRAY-FAIR,600,,deny,manual,441.99,849.00,TRUE,TRUE,
ipad-air-11-inch-m3,iPad Air 11-inch (M3),,,,,,Condition,Fair,Storage,256GB Wi-Fi + Cellular,Color,Blue,IPAD-AIR-11-INCH-M3-256GBWI-FIPLUSCELLULAR-BLUE-FAIR,600,,deny,manual,441.99,849.00,TRUE,TRUE,
ipad-air-11-inch-m3,iPad Air 11-inch (M3),,,,,,Condition,Fair,Storage,256GB Wi-Fi + Cellular,Color,Purple,IPAD-AIR-11-INCH-M3-256GBWI-FIPLUSCELLULAR-PURPLE-FAIR,600,,deny,manual,441.99,849.00,TRUE,TRUE,
ipad-air-11-inch-m3,iPad Air 11-inch (M3),,,,,,Condition,Fair,Storage,256GB Wi-Fi + Cellular,Color,Starlight,IPAD-AIR-11-INCH-M3-256GBWI-FIPLUSCELLULAR-STARLIGHT-FAIR,600,,deny,manual,441.99,849.00,TRUE,TRUE,
ipad-air-11-inch-m3,iPad Air 11-inch (M3),,,,,,Condition,Fair,Storage,512GB Wi-Fi,Color,Space Gray,IPAD-AIR-11-INCH-M3-512GBWI-FI-SPACEGRAY-FAIR,600,,deny,manual,464.99,899.00,TRUE,TRUE,
ipad-air-11-inch-m3,iPad Air 11-inch (M3),,,,,,Condition,Fair,Storage,512GB Wi-Fi,Color,Blue,IPAD-AIR-11-INCH-M3-512GBWI-FI-BLUE-FAIR,600,,deny,manual,464.99,899.00,TRUE,TRUE,
ipad-air-11-inch-m3,iPad Air 11-inch (M3),,,,,,Condition,Fair,Storage,512GB Wi-Fi,Color,Purple,IPAD-AIR-11-INCH-M3-512GBWI-FI-PURPLE-FAIR,600,,deny,manual,464.99,899.00,TRUE,TRUE,
ipad-air-11-inch-m3,iPad Air 11-inch (M3),,,,,,Condition,Fair,Storage,512GB Wi-Fi,Color,Starlight,IPAD-AIR-11-INCH-M3-512GBWI-FI-STARLIGHT-FAIR,600,,deny,manual,464.99,899.00,TRUE,TRUE,
ipad-air-11-inch-m3,iPad Air 11-inch (M3),,,,,,Condition,Fair,Storage,512GB Wi-Fi + Cellular,Color,Space Gray,IPAD-AIR-11-INCH-M3-512GBWI-FIPLUSCELLULAR-SPACEGRAY-FAIR,600,,deny,manual,531.99,1049.00,TRUE,TRUE,
ipad-air-11-inch-m3,iPad Air 11-inch (M3),,,,,,Condition,Fair,Storage,512GB Wi-Fi + Cellular,Color,Blue,IPAD-AIR-11-INCH-M3-512GBWI-FIPLUSCELLULAR-BLUE-FAIR,600,,deny,manual,531.99,1049.00,TRUE,TRUE,
ipad-air-11-inch-m3,iPad Air 11-inch (M3),,,,,,Condition,Fair,Storage,512GB Wi-Fi + Cellular,Color,Purple,IPAD-AIR-11-INCH-M3-512GBWI-FIPLUSCELLULAR-PURPLE-FAIR,600,,deny,manual,531.99,1049.00,TRUE,TRUE,
ipad-air-11-inch-m3,iPad Air 11-inch (M3),,,,,,Condition,Fair,Storage,512GB Wi-Fi + Cellular,Color,Starlight,IPAD-AIR-11-INCH-M3-512GBWI-FIPLUSCELLULAR-STARLIGHT-FAIR,600,,deny,manual,531.99,1049.00,TRUE,TRUE,
ipad-air-11-inch-m3,iPad Air 11-inch (M3),,,,,,Condition,Fair,Storage,1TB Wi-Fi,Color,Space Gray,IPAD-AIR-11-INCH-M3-1TBWI-FI-SPACEGRAY-FAIR,600,,deny,manual,554.99,1099.00,TRUE,TRUE,
ipad-air-11-inch-m3,iPad Air 11-inch (M3),,,,,,Condition,Fair,Storage,1TB Wi-Fi,Color,Blue,IPAD-AIR-11-INCH-M3-1TBWI-FI-BLUE-FAIR,600,,deny,manual,554.99,1099.00,TRUE,TRUE,
ipad-air-11-inch-m3,iPad Air 11-inch (M3),,,,,,Condition,Fair,Storage,1TB Wi-Fi,Color,Purple,IPAD-AIR-11-INCH-M3-1TBWI-FI-PURPLE-FAIR,600,,deny,manual,554.99,1099.00,TRUE,TRUE,
ipad-air-11-inch-m3,iPad Air 11-inch (M3),,,,,,Condition,Fair,Storage,1TB Wi-Fi,Color,Starlight,IPAD-AIR-11-INCH-M3-1TBWI-FI-STARLIGHT-FAIR,600,,deny,manual,554.99,1099.00,TRUE,TRUE,
ipad-air-11-inch-m3,iPad Air 11-inch (M3),,,,,,Condition,Fair,Storage,1TB Wi-Fi + Cellular,Color,Space Gray,IPAD-AIR-11-INCH-M3-1TBWI-FIPLUSCELLULAR-SPACEGRAY-FAIR,600,,deny,manual,621.99,1249.00,TRUE,TRUE,
ipad-air-11-inch-m3,iPad Air 11-inch (M3),,,,,,Condition,Fair,Storage,1TB Wi-Fi + Cellular,Color,Blue,IPAD-AIR-11-INCH-M3-1TBWI-FIPLUSCELLULAR-BLUE-FAIR,600,,deny,manual,621.99,1249.00,TRUE,TRUE,
ipad-air-11-inch-m3,iPad Air 11-inch (M3),,,,,,Condition,Fair,Storage,1TB Wi-Fi + Cellular,Color,Purple,IPAD-AIR-11-INCH-M3-1TBWI-FIPLUSCELLULAR-PURPLE-FAIR,600,,deny,manual,621.99,1249.00,TRUE,TRUE,
ipad-air-11-inch-m3,iPad Air 11-inch (M3),,,,,,Condition,Fair,Storage,1TB Wi-Fi + Cellular,Color,Starlight,IPAD-AIR-11-INCH-M3-1TBWI-FIPLUSCELLULAR-STARLIGHT-FAIR,600,,deny,manual,621.99,1249.00,TRUE,TRUE,
ipad-air-11-inch-m3,iPad Air 11-inch (M3),,,,,,Condition,Good,Storage,128GB Wi-Fi,Color,Space Gray,IPAD-AIR-11-INCH-M3-128GBWI-FI-SPACEGRAY-GOOD,600,,deny,manual,366.99,599.00,TRUE,TRUE,
ipad-air-11-inch-m3,iPad Air 11-inch (M3),,,,,,Condition,Good,Storage,128GB Wi-Fi,Color,Blue,IPAD-AIR-11-INCH-M3-128GBWI-FI-BLUE-GOOD,600,,deny,manual,366.99,599.00,TRUE,TRUE,
ipad-air-11-inch-m3,iPad Air 11-inch (M3),,,,,,Condition,Good,Storage,128GB Wi-Fi,Color,Purple,IPAD-AIR-11-INCH-M3-128GBWI-FI-PURPLE-GOOD,600,,deny,manual,366.99,599.00,TRUE,TRUE,
ipad-air-11-inch-m3,iPad Air 11-inch (M3),,,,,,Condition,Good,Storage,128GB Wi-Fi,Color,Starlight,IPAD-AIR-11-INCH-M3-128GBWI-FI-STARLIGHT-GOOD,600,,deny,manual,366.99,599.00,TRUE,TRUE,
ipad-air-11-inch-m3,iPad Air 11-inch (M3),,,,,,Condition,Good,Storage,128GB Wi-Fi + Cellular,Color,Space Gray,IPAD-AIR-11-INCH-M3-128GBWI-FIPLUSCELLULAR-SPACEGRAY-GOOD,600,,deny,manual,433.99,749.00,TRUE,TRUE,
ipad-air-11-inch-m3,iPad Air 11-inch (M3),,,,,,Condition,Good,Storage,128GB Wi-Fi + Cellular,Color,Blue,IPAD-AIR-11-INCH-M3-128GBWI-FIPLUSCELLULAR-BLUE-GOOD,600,,deny,manual,433.99,749.00,TRUE,TRUE,
ipad-air-11-inch-m3,iPad Air 11-inch (M3),,,,,,Condition,Good,Storage,128GB Wi-Fi + Cellular,Color,Purple,IPAD-AIR-11-INCH-M3-128GBWI-FIPLUSCELLULAR-PURPLE-GOOD,600,,deny,manual,433.99,749.00,TRUE,TRUE,
ipad-air-11-inch-m3,iPad Air 11-inch (M3),,,,,,Condition,Good,Storage,128GB Wi-Fi + Cellular,Color,Starlight,IPAD-AIR-11-INCH-M3-128GBWI-FIPLUSCELLULAR-STARLIGHT-GOOD,600,,deny,manual,433.99,749.00,TRUE,TRUE,
ipad-air-11-inch-m3,iPad Air 11-inch (M3),,,,,,Condition,Good,Storage,256GB Wi-Fi,Color,Space Gray,IPAD-AIR-11-INCH-M3-256GBWI-FI-SPACEGRAY-GOOD,600,,deny,manual,411.99,699.00,TRUE,TRUE,
ipad-air-11-inch-m3,iPad Air 11-inch (M3),,,,,,Condition,Good,Storage,256GB Wi-Fi,Color,Blue,IPAD-AIR-11-INCH-M3-256GBWI-FI-BLUE-GOOD,600,,deny,manual,411.99,699.00,TRUE,TRUE,
ipad-air-11-inch-m3,iPad Air 11-inch (M3),,,,,,Condition,Good,Storage,256GB Wi-Fi,Color,Purple,IPAD-AIR-11-INCH-M3-256GBWI-FI-PURPLE-GOOD,600,,deny,manual,411.99,699.00,TRUE,TRUE,
ipad-air-11-inch-m3,iPad Air 11-inch (M3),,,,,,Condition,Good,Storage,256GB Wi-Fi,Color,Starlight,IPAD-AIR-11-INCH-M3-256GBWI-FI-STARLIGHT-GOOD,600,,deny,manual,411.99,699.00,TRUE,TRUE,
ipad-air-11-inch-m3,iPad Air 11-inch (M3),,,,,,Condition,Good,Storage,256GB Wi-Fi + Cellular,Color,Space Gray,IPAD-AIR-11-INCH-M3-256GBWI-FIPLUSCELLULAR-SPACEGRAY-GOOD,600,,deny,manual,478.99,849.00,TRUE,TRUE,
ipad-air-11-inch-m3,iPad Air 11-inch (M3),,,,,,Condition,Good,Storage,256GB Wi-Fi + Cellular,Color,Blue,IPAD-AIR-11-INCH-M3-256GBWI-FIPLUSCELLULAR-BLUE-GOOD,600,,deny,manual,478.99,849.00,TRUE,TRUE,
ipad-air-11-inch-m3,iPad Air 11-inch (M3),,,,,,Condition,Good,Storage,256GB Wi-Fi + Cellular,Color,Purple,IPAD-AIR-11-INCH-M3-256GBWI-FIPLUSCELLULAR-PURPLE-GOOD,600,,deny,manual,478.99,849.00,TRUE,TRUE,
ipad-air-11-inch-m3,iPad Air 11-inch (M3),,,,,,Condition,Good,Storage,256GB Wi-Fi + Cellular,Color,Starlight,IPAD-AIR-11-INCH-M3-256GBWI-FIPLUSCELLULAR-STARLIGHT-GOOD,600,,deny,manual,478.99,849.00,TRUE,TRUE,
ipad-air-11-inch-m3,iPad Air 11-inch (M3),,,,,,Condition,Good,Storage,512GB Wi-Fi,Color,Space Gray,IPAD-AIR-11-INCH-M3-512GBWI-FI-SPACEGRAY-GOOD,600,,deny,manual,501.99,899.00,TRUE,TRUE,
ipad-air-11-inch-m3,iPad Air 11-inch (M3),,,,,,Condition,Good,Storage,512GB Wi-Fi,Color,Blue,IPAD-AIR-11-INCH-M3-512GBWI-FI-BLUE-GOOD,600,,deny,manual,501.99,899.00,TRUE,TRUE,
ipad-air-11-inch-m3,iPad Air 11-inch (M3),,,,,,Condition,Good,Storage,512GB Wi-Fi,Color,Purple,IPAD-AIR-11-INCH-M3-512GBWI-FI-PURPLE-GOOD,600,,deny,manual,501.99,899.00,TRUE,TRUE,
ipad-air-11-inch-m3,iPad Air 11-inch (M3),,,,,,Condition,Good,Storage,512GB Wi-Fi,Color,Starlight,IPAD-AIR-11-INCH-M3-512GBWI-FI-STARLIGHT-GOOD,600,,deny,manual,501.99,899.00,TRUE,TRUE,
ipad-air-11-inch-m3,iPad Air 11-inch (M3),,,,,,Condition,Good,Storage,512GB Wi-Fi + Cellular,Color,Space Gray,IPAD-AIR-11-INCH-M3-512GBWI-FIPLUSCELLULAR-SPACEGRAY-GOOD,600,,deny,manual,568.99,1049.00,TRUE,TRUE,
ipad-air-11-inch-m3,iPad Air 11-inch (M3),,,,,,Condition,Good,Storage,512GB Wi-Fi + Cellular,Color,Blue,IPAD-AIR-11-INCH-M3-512GBWI-FIPLUSCELLULAR-BLUE-GOOD,600,,deny,manual,568.99,1049.00,TRUE,TRUE,
ipad-air-11-inch-m3,iPad Air 11-inch (M3),,,,,,Condition,Good,Storage,512GB Wi-Fi + Cellular,Color,Purple,IPAD-AIR-11-INCH-M3-512GBWI-FIPLUSCELLULAR-PURPLE-GOOD,600,,deny,manual,568.99,1049.00,TRUE,TRUE,
ipad-air-11-inch-m3,iPad Air 11-inch (M3),,,,,,Condition,Good,Storage,512GB Wi-Fi + Cellular,Color,Starlight,IPAD-AIR-11-INCH-M3-512GBWI-FIPLUSCELLULAR-STARLIGHT-GOOD,600,,deny,manual,568.99,1049.00,TRUE,TRUE,
ipad-air-11-inch-m3,iPad Air 11-inch (M3),,,,,,Condition,Good,Storage,1TB Wi-Fi,Color,Space Gray,IPAD-AIR-11-INCH-M3-1TBWI-FI-SPACEGRAY-GOOD,600,,deny,manual,591.99,1099.00,TRUE,TRUE,
ipad-air-11-inch-m3,iPad Air 11-inch (M3),,,,,,Condition,Good,Storage,1TB Wi-Fi,Color,Blue,IPAD-AIR-11-INCH-M3-1TBWI-FI-BLUE-GOOD,600,,deny,manual,591.99,1099.00,TRUE,TRUE,
ipad-air-11-inch-m3,iPad Air 11-inch (M3),,,,,,Condition,Good,Storage,1TB Wi-Fi,Color,Purple,IPAD-AIR-11-INCH-M3-1TBWI-FI-PURPLE-GOOD,600,,deny,manual,591.99,1099.00,TRUE,TRUE,
ipad-air-11-inch-m3,iPad Air 11-inch (M3),,,,,,Condition,Good,Storage,1TB Wi-Fi,Color,Starlight,IPAD-AIR-11-INCH-M3-1TBWI-FI-STARLIGHT-GOOD,600,,deny,manual,591.99,1099.00,TRUE,TRUE,
ipad-air-11-inch-m3,iPad Air 11-inch (M3),,,,,,Condition,Good,Storage,1TB Wi-Fi + Cellular,Color,Space Gray,IPAD-AIR-11-INCH-M3-1TBWI-FIPLUSCELLULAR-SPACEGRAY-GOOD,600,,deny,manual,658.99,1249.00,TRUE,TRUE,
ipad-air-11-inch-m3,iPad Air 11-inch (M3),,,,,,Condition,Good,Storage,1TB Wi-Fi + Cellular,Color,Blue,IPAD-AIR-11-INCH-M3-1TBWI-FIPLUSCELLULAR-BLUE-GOOD,600,,deny,manual,658.99,1249.00,TRUE,TRUE,
ipad-air-11-inch-m3,iPad Air 11-inch (M3),,,,,,Condition,Good,Storage,1TB Wi-Fi + Cellular,Color,Purple,IPAD-AIR-11-INCH-M3-1TBWI-FIPLUSCELLULAR-PURPLE-GOOD,600,,deny,manual,658.99,1249.00,TRUE,TRUE,
ipad-air-11-inch-m3,iPad Air 11-inch (M3),,,,,,Condition,Good,Storage,1TB Wi-Fi + Cellular,Color,Starlight,IPAD-AIR-11-INCH-M3-1TBWI-FIPLUSCELLULAR-STARLIGHT-GOOD,600,,deny,manual,658.99,1249.00,TRUE,TRUE,
ipad-air-11-inch-m3,iPad Air 11-inch (M3),,,,,,Condition,Excellent,Storage,128GB Wi-Fi,Color,Space Gray,IPAD-AIR-11-INCH-M3-128GBWI-FI-SPACEGRAY-EXCELLENT,600,,deny,manual,410.99,599.00,TRUE,TRUE,
ipad-air-11-inch-m3,iPad Air 11-inch (M3),,,,,,Condition,Excellent,Storage,128GB Wi-Fi,Color,Blue,IPAD-AIR-11-INCH-M3-128GBWI-FI-BLUE-EXCELLENT,600,,deny,manual,410.99,599.00,TRUE,TRUE,
ipad-air-11-inch-m3,iPad Air 11-inch (M3),,,,,,Condition,Excellent,Storage,128GB Wi-Fi,Color,Purple,IPAD-AIR-11-INCH-M3-128GBWI-FI-PURPLE-EXCELLENT,600,,deny,manual,410.99,599.00,TRUE,TRUE,
ipad-air-11-inch-m3,iPad Air 11-inch (M3),,,,,,Condition,Excellent,Storage,128GB Wi-Fi,Color,Starlight,IPAD-AIR-11-INCH-M3-128GBWI-FI-STARLIGHT-EXCELLENT,600,,deny,manual,410.99,599.00,TRUE,TRUE,
ipad-air-11-inch-m3,iPad Air 11-inch (M3),,,,,,Condition,Excellent,Storage,128GB Wi-Fi + Cellular,Color,Space Gray,IPAD-AIR-11-INCH-M3-128GBWI-FIPLUSCELLULAR-SPACEGRAY-EXCELLENT,600,,deny,manual,477.99,749.00,TRUE,TRUE,
ipad-air-11-inch-m3,iPad Air 11-inch (M3),,,,,,Condition,Excellent,Storage,128GB Wi-Fi + Cellular,Color,Blue,IPAD-AIR-11-INCH-M3-128GBWI-FIPLUSCELLULAR-BLUE-EXCELLENT,600,,deny,manual,477.99,749.00,TRUE,TRUE,
ipad-air-11-inch-m3,iPad Air 11-inch (M3),,,,,,Condition,Excellent,Storage,128GB Wi-Fi + Cellular,Color,Purple,IPAD-AIR-11-INCH-M3-128GBWI-FIPLUSCELLULAR-PURPLE-EXCELLENT,600,,deny,manual,477.99,749.00,TRUE,TRUE,
ipad-air-11-inch-m3,iPad Air 11-inch (M3),,,,,,Condition,Excellent,Storage,128GB Wi-Fi + Cellular,Color,Starlight,IPAD-AIR-11-INCH-M3-128GBWI-FIPLUSCELLULAR-STARLIGHT-EXCELLENT,600,,deny,manual,477.99,749.00,TRUE,TRUE,
ipad-air-11-inch-m3,iPad Air 11-inch (M3),,,,,,Condition,Excellent,Storage,256GB Wi-Fi,Color,Space Gray,IPAD-AIR-11-INCH-M3-256GBWI-FI-SPACEGRAY-EXCELLENT,600,,deny,manual,455.99,699.00,TRUE,TRUE,
ipad-air-11-inch-m3,iPad Air 11-inch (M3),,,,,,Condition,Excellent,Storage,256GB Wi-Fi,Color,Blue,IPAD-AIR-11-INCH-M3-256GBWI-FI-BLUE-EXCELLENT,600,,deny,manual,455.99,699.00,TRUE,TRUE,
ipad-air-11-inch-m3,iPad Air 11-inch (M3),,,,,,Condition,Excellent,Storage,256GB Wi-Fi,Color,Purple,IPAD-AIR-11-INCH-M3-256GBWI-FI-PURPLE-EXCELLENT,600,,deny,manual,455.99,699.00,TRUE,TRUE,
ipad-air-11-inch-m3,iPad Air 11-inch (M3),,,,,,Condition,Excellent,Storage,256GB Wi-Fi,Color,Starlight,IPAD-AIR-11-INCH-M3-256GBWI-FI-STARLIGHT-EXCELLENT,600,,deny,manual,455.99,699.00,TRUE,TRUE,
ipad-air-11-inch-m3,iPad Air 11-inch (M3),,,,,,Condition,Excellent,Storage,256GB Wi-Fi + Cellular,Color,Space Gray,IPAD-AIR-11-INCH-M3-256GBWI-FIPLUSCELLULAR-SPACEGRAY-EXCELLENT,600,,deny,manual,522.99,849.00,TRUE,TRUE,
ipad-air-11-inch-m3,iPad Air 11-inch (M3),,,,,,Condition,Excellent,Storage,256GB Wi-Fi + Cellular,Color,Blue,IPAD-AIR-11-INCH-M3-256GBWI-FIPLUSCELLULAR-BLUE-EXCELLENT,600,,deny,manual,522.99,849.00,TRUE,TRUE,
ipad-air-11-inch-m3,iPad Air 11-inch (M3),,,,,,Condition,Excellent,Storage,256GB Wi-Fi + Cellular,Color,Purple,IPAD-AIR-11-INCH-M3-256GBWI-FIPLUSCELLULAR-PURPLE-EXCELLENT,600,,deny,manual,522.99,849.00,TRUE,TRUE,
ipad-air-11-inch-m3,iPad Air 11-inch (M3),,,,,,Condition,Excellent,Storage,256GB Wi-Fi + Cellular,Color,Starlight,IPAD-AIR-11-INCH-M3-256GBWI-FIPLUSCELLULAR-STARLIGHT-EXCELLENT,600,,deny,manual,522.99,849.00,TRUE,TRUE,
ipad-air-11-inch-m3,iPad Air 11-inch (M3),,,,,,Condition,Excellent,Storage,512GB Wi-Fi,Color,Space Gray,IPAD-AIR-11-INCH-M3-512GBWI-FI-SPACEGRAY-EXCELLENT,600,,deny,manual,545.99,899.00,TRUE,TRUE,
ipad-air-11-inch-m3,iPad Air 11-inch (M3),,,,,,Condition,Excellent,Storage,512GB Wi-Fi,Color,Blue,IPAD-AIR-11-INCH-M3-512GBWI-FI-BLUE-EXCELLENT,600,,deny,manual,545.99,899.00,TRUE,TRUE,
ipad-air-11-inch-m3,iPad Air 11-inch (M3),,,,,,Condition,Excellent,Storage,512GB Wi-Fi,Color,Purple,IPAD-AIR-11-INCH-M3-512GBWI-FI-PURPLE-EXCELLENT,600,,deny,manual,545.99,899.00,TRUE,TRUE,
ipad-air-11-inch-m3,iPad Air 11-inch (M3),,,,,,Condition,Excellent,Storage,512GB Wi-Fi,Color,Starlight,IPAD-AIR-11-INCH-M3-512GBWI-FI-STARLIGHT-EXCELLENT,600,,deny,manual,545.99,899.00,TRUE,TRUE,
ipad-air-11-inch-m3,iPad Air 11-inch (M3),,,,,,Condition,Excellent,Storage,512GB Wi-Fi + Cellular,Color,Space Gray,IPAD-AIR-11-INCH-M3-512GBWI-FIPLUSCELLULAR-SPACEGRAY-EXCELLENT,600,,deny,manual,612.99,1049.00,TRUE,TRUE,
ipad-air-11-inch-m3,iPad Air 11-inch (M3),,,,,,Condition,Excellent,Storage,512GB Wi-Fi + Cellular,Color,Blue,IPAD-AIR-11-INCH-M3-512GBWI-FIPLUSCELLULAR-BLUE-EXCELLENT,600,,deny,manual,612.99,1049.00,TRUE,TRUE,
ipad-air-11-inch-m3,iPad Air 11-inch (M3),,,,,,Condition,Excellent,Storage,512GB Wi-Fi + Cellular,Color,Purple,IPAD-AIR-11-INCH-M3-512GBWI-FIPLUSCELLULAR-PURPLE-EXCELLENT,600,,deny,manual,612.99,1049.00,TRUE,TRUE,
ipad-air-11-inch-m3,iPad Air 11-inch (M3),,,,,,Condition,Excellent,Storage,512GB Wi-Fi + Cellular,Color,Starlight,IPAD-AIR-11-INCH-M3-512GBWI-FIPLUSCELLULAR-STARLIGHT-EXCELLENT,600,,deny,manual,612.99,1049.00,TRUE,TRUE,
ipad-air-11-inch-m3,iPad Air 11-inch (M3),,,,,,Condition,Excellent,Storage,1TB Wi-Fi,Color,Space Gray,IPAD-AIR-11-INCH-M3-1TBWI-FI-SPACEGRAY-EXCELLENT,600,,deny,manual,635.99,1099.00,TRUE,TRUE,
ipad-air-11-inch-m3,iPad Air 11-inch (M3),,,,,,Condition,Excellent,Storage,1TB Wi-Fi,Color,Blue,IPAD-AIR-11-INCH-M3-1TBWI-FI-BLUE-EXCELLENT,600,,deny,manual,635.99,1099.00,TRUE,TRUE,
ipad-air-11-inch-m3,iPad Air 11-inch (M3),,,,,,Condition,Excellent,Storage,1TB Wi-Fi,Color,Purple,IPAD-AIR-11-INCH-M3-1TBWI-FI-PURPLE-EXCELLENT,600,,deny,manual,635.99,1099.00,TRUE,TRUE,
ipad-air-11-inch-m3,iPad Air 11-inch (M3),,,,,,Condition,Excellent,Storage,1TB Wi-Fi,Color,Starlight,IPAD-AIR-11-INCH-M3-1TBWI-FI-STARLIGHT-EXCELLENT,600,,deny,manual,635.99,1099.00,TRUE,TRUE,
ipad-air-11-inch-m3,iPad Air 11-inch (M3),,,,,,Condition,Excellent,Storage,1TB Wi-Fi + Cellular,Color,Space Gray,IPAD-AIR-11-INCH-M3-1TBWI-FIPLUSCELLULAR-SPACEGRAY-EXCELLENT,600,,deny,manual,702.99,1249.00,TRUE,TRUE,
ipad-air-11-inch-m3,iPad Air 11-inch (M3),,,,,,Condition,Excellent,Storage,1TB Wi-Fi + Cellular,Color,Blue,IPAD-AIR-11-INCH-M3-1TBWI-FIPLUSCELLULAR-BLUE-EXCELLENT,600,,deny,manual,702.99,1249.00,TRUE,TRUE,
ipad-air-11-inch-m3,iPad Air 11-inch (M3),,,,,,Condition,Excellent,Storage,1TB Wi-Fi + Cellular,Color,Purple,IPAD-AIR-11-INCH-M3-1TBWI-FIPLUSCELLULAR-PURPLE-EXCELLENT,600,,deny,manual,702.99,1249.00,TRUE,TRUE,
ipad-air-11-inch-m3,iPad Air 11-inch (M3),,,,,,Condition,Excellent,Storage,1TB Wi-Fi + Cellular,Color,Starlight,IPAD-AIR-11-INCH-M3-1TBWI-FIPLUSCELLULAR-STARLIGHT-EXCELLENT,600,,deny,manual,702.99,1249.00,TRUE,TRUE,
ipad-air-11-inch-m3,iPad Air 11-inch (M3),,,,,,Condition,Premium,Storage,128GB Wi-Fi,Color,Space Gray,IPAD-AIR-11-INCH-M3-128GBWI-FI-SPACEGRAY-PREMIUM,600,,deny,manual,457.99,599.00,TRUE,TRUE,
ipad-air-11-inch-m3,iPad Air 11-inch (M3),,,,,,Condition,Premium,Storage,128GB Wi-Fi,Color,Blue,IPAD-AIR-11-INCH-M3-128GBWI-FI-BLUE-PREMIUM,600,,deny,manual,457.99,599.00,TRUE,TRUE,
ipad-air-11-inch-m3,iPad Air 11-inch (M3),,,,,,Condition,Premium,Storage,128GB Wi-Fi,Color,Purple,IPAD-AIR-11-INCH-M3-128GBWI-FI-PURPLE-PREMIUM,600,,deny,manual,457.99,599.00,TRUE,TRUE,
ipad-air-11-inch-m3,iPad Air 11-inch (M3),,,,,,Condition,Premium,Storage,128GB Wi-Fi,Color,Starlight,IPAD-AIR-11-INCH-M3-128GBWI-FI-STARLIGHT-PREMIUM,600,,deny,manual,457.99,599.00,TRUE,TRUE,
ipad-air-11-inch-m3,iPad Air 11-inch (M3),,,,,,Condition,Premium,Storage,128GB Wi-Fi + Cellular,Color,Space Gray,IPAD-AIR-11-INCH-M3-128GBWI-FIPLUSCELLULAR-SPACEGRAY-PREMIUM,600,,deny,manual,525.99,749.00,TRUE,TRUE,
ipad-air-11-inch-m3,iPad Air 11-inch (M3),,,,,,Condition,Premium,Storage,128GB Wi-Fi + Cellular,Color,Blue,IPAD-AIR-11-INCH-M3-128GBWI-FIPLUSCELLULAR-BLUE-PREMIUM,600,,deny,manual,525.99,749.00,TRUE,TRUE,
ipad-air-11-inch-m3,iPad Air 11-inch (M3),,,,,,Condition,Premium,Storage,128GB Wi-Fi + Cellular,Color,Purple,IPAD-AIR-11-INCH-M3-128GBWI-FIPLUSCELLULAR-PURPLE-PREMIUM,600,,deny,manual,525.99,749.00,TRUE,TRUE,
ipad-air-11-inch-m3,iPad Air 11-inch (M3),,,,,,Condition,Premium,Storage,128GB Wi-Fi + Cellular,Color,Starlight,IPAD-AIR-11-INCH-M3-128GBWI-FIPLUSCELLULAR-STARLIGHT-PREMIUM,600,,deny,manual,525.99,749.00,TRUE,TRUE,
ipad-air-11-inch-m3,iPad Air 11-inch (M3),,,,,,Condition,Premium,Storage,256GB Wi-Fi,Color,Space Gray,IPAD-AIR-11-INCH-M3-256GBWI-FI-SPACEGRAY-PREMIUM,600,,deny,manual,502.99,699.00,TRUE,TRUE,
ipad-air-11-inch-m3,iPad Air 11-inch (M3),,,,,,Condition,Premium,Storage,256GB Wi-Fi,Color,Blue,IPAD-AIR-11-INCH-M3-256GBWI-FI-BLUE-PREMIUM,600,,deny,manual,502.99,699.00,TRUE,TRUE,
ipad-air-11-inch-m3,iPad Air 11-inch (M3),,,,,,Condition,Premium,Storage,256GB Wi-Fi,Color,Purple,IPAD-AIR-11-INCH-M3-256GBWI-FI-PURPLE-PREMIUM,600,,deny,manual,502.99,699.00,TRUE,TRUE,
ipad-air-11-inch-m3,iPad Air 11-inch (M3),,,,,,Condition,Premium,Storage,256GB Wi-Fi,Color,Starlight,IPAD-AIR-11-INCH-M3-256GBWI-FI-STARLIGHT-PREMIUM,600,,deny,manual,502.99,699.00,TRUE,TRUE,
ipad-air-11-inch-m3,iPad Air 11-inch (M3),,,,,,Condition,Premium,Storage,256GB Wi-Fi + Cellular,Color,Space Gray,IPAD-AIR-11-INCH-M3-256GBWI-FIPLUSCELLULAR-SPACEGRAY-PREMIUM,600,,deny,manual,570.99,849.00,TRUE,TRUE,
ipad-air-11-inch-m3,iPad Air 11-inch (M3),,,,,,Condition,Premium,Storage,256GB Wi-Fi + Cellular,Color,Blue,IPAD-AIR-11-INCH-M3-256GBWI-FIPLUSCELLULAR-BLUE-PREMIUM,600,,deny,manual,570.99,849.00,TRUE,TRUE,
ipad-air-11-inch-m3,iPad Air 11-inch (M3),,,,,,Condition,Premium,Storage,256GB Wi-Fi + Cellular,Color,Purple,IPAD-AIR-11-INCH-M3-256GBWI-FIPLUSCELLULAR-PURPLE-PREMIUM,600,,deny,manual,570.99,849.00,TRUE,TRUE,
ipad-air-11-inch-m3,iPad Air 11-inch (M3),,,,,,Condition,Premium,Storage,256GB Wi-Fi + Cellular,Color,Starlight,IPAD-AIR-11-INCH-M3-256GBWI-FIPLUSCELLULAR-STARLIGHT-PREMIUM,600,,deny,manual,570.99,849.00,TRUE,TRUE,
ipad-air-11-inch-m3,iPad Air 11-inch (M3),,,,,,Condition,Premium,Storage,512GB Wi-Fi,Color,Space Gray,IPAD-AIR-11-INCH-M3-512GBWI-FI-SPACEGRAY-PREMIUM,600,,deny,manual,592.99,899.00,TRUE,TRUE,
ipad-air-11-inch-m3,iPad Air 11-inch (M3),,,,,,Condition,Premium,Storage,512GB Wi-Fi,Color,Blue,IPAD-AIR-11-INCH-M3-512GBWI-FI-BLUE-PREMIUM,600,,deny,manual,592.99,899.00,TRUE,TRUE,
ipad-air-11-inch-m3,iPad Air 11-inch (M3),,,,,,Condition,Premium,Storage,512GB Wi-Fi,Color,Purple,IPAD-AIR-11-INCH-M3-512GBWI-FI-PURPLE-PREMIUM,600,,deny,manual,592.99,899.00,TRUE,TRUE,
ipad-air-11-inch-m3,iPad Air 11-inch (M3),,,,,,Condition,Premium,Storage,512GB Wi-Fi,Color,Starlight,IPAD-AIR-11-INCH-M3-512GBWI-FI-STARLIGHT-PREMIUM,600,,deny,manual,592.99,899.00,TRUE,TRUE,
ipad-air-11-inch-m3,iPad Air 11-inch (M3),,,,,,Condition,Premium,Storage,512GB Wi-Fi + Cellular,Color,Space Gray,IPAD-AIR-11-INCH-M3-512GBWI-FIPLUSCELLULAR-SPACEGRAY-PREMIUM,600,,deny,manual,660.99,1049.00,TRUE,TRUE,
ipad-air-11-inch-m3,iPad Air 11-inch (M3),,,,,,Condition,Premium,Storage,512GB Wi-Fi + Cellular,Color,Blue,IPAD-AIR-11-INCH-M3-512GBWI-FIPLUSCELLULAR-BLUE-PREMIUM,600,,deny,manual,660.99,1049.00,TRUE,TRUE,
ipad-air-11-inch-m3,iPad Air 11-inch (M3),,,,,,Condition,Premium,Storage,512GB Wi-Fi + Cellular,Color,Purple,IPAD-AIR-11-INCH-M3-512GBWI-FIPLUSCELLULAR-PURPLE-PREMIUM,600,,deny,manual,660.99,1049.00,TRUE,TRUE,
ipad-air-11-inch-m3,iPad Air 11-inch (M3),,,,,,Condition,Premium,Storage,512GB Wi-Fi + Cellular,Color,Starlight,IPAD-AIR-11-INCH-M3-512GBWI-FIPLUSCELLULAR-STARLIGHT-PREMIUM,600,,deny,manual,660.99,1049.00,TRUE,TRUE,
ipad-air-11-inch-m3,iPad Air 11-inch (M3),,,,,,Condition,Premium,Storage,1TB Wi-Fi,Color,Space Gray,IPAD-AIR-11-INCH-M3-1TBWI-FI-SPACEGRAY-PREMIUM,600,,deny,manual,682.99,1099.00,TRUE,TRUE,
ipad-air-11-inch-m3,iPad Air 11-inch (M3),,,,,,Condition,Premium,Storage,1TB Wi-Fi,Color,Blue,IPAD-AIR-11-INCH-M3-1TBWI-FI-BLUE-PREMIUM,600,,deny,manual,682.99,1099.00,TRUE,TRUE,
ipad-air-11-inch-m3,iPad Air 11-inch (M3),,,,,,Condition,Premium,Storage,1TB Wi-Fi,Color,Purple,IPAD-AIR-11-INCH-M3-1TBWI-FI-PURPLE-PREMIUM,600,,deny,manual,682.99,1099.00,TRUE,TRUE,
ipad-air-11-inch-m3,iPad Air 11-inch (M3),,,,,,Condition,Premium,Storage,1TB Wi-Fi,Color,Starlight,IPAD-AIR-11-INCH-M3-1TBWI-FI-STARLIGHT-PREMIUM,600,,deny,manual,682.99,1099.00,TRUE,TRUE,
ipad-air-11-inch-m3,iPad Air 11-inch (M3),,,,,,Condition,Premium,Storage,1TB Wi-Fi + Cellular,Color,Space Gray,IPAD-AIR-11-INCH-M3-1TBWI-FIPLUSCELLULAR-SPACEGRAY-PREMIUM,600,,deny,manual,750.99,1249.00,TRUE,TRUE,
ipad-air-11-inch-m3,iPad Air 11-inch (M3),,,,,,Condition,Premium,Storage,1TB Wi-Fi + Cellular,Color,Blue,IPAD-AIR-11-INCH-M3-1TBWI-FIPLUSCELLULAR-BLUE-PREMIUM,600,,deny,manual,750.99,1249.00,TRUE,TRUE,
ipad-air-11-inch-m3,iPad Air 11-inch (M3),,,,,,Condition,Premium,Storage,1TB Wi-Fi + Cellular,Color,Purple,IPAD-AIR-11-INCH-M3-1TBWI-FIPLUSCELLULAR-PURPLE-PREMIUM,600,,deny,manual,750.99,1249.00,TRUE,TRUE,
ipad-air-11-inch-m3,iPad Air 11-inch (M3),,,,,,Condition,Premium,Storage,1TB Wi-Fi + Cellular,Color,Starlight,IPAD-AIR-11-INCH-M3-1TBWI-FIPLUSCELLULAR-STARLIGHT-PREMIUM,600,,deny,manual,750.99,1249.00,TRUE,TRUE,
ipad-air-13-inch-m3,iPad Air 13-inch (M3),"<p>iPad Air 13-inch (M3). Professionally refurbished, tested on up to 100 points, wiped and reset. Cellular models are unlocked. 1-year warranty and free 30-day returns.</p><p><strong>Premium</strong> grade includes a brand-new battery.</p>",Apple,Tablet,"condition:refurbished, iPad, Apple, Tablets",TRUE,Condition,Fair,Storage,128GB Wi-Fi,Color,Space Gray,IPAD-AIR-13-INCH-M3-128GBWI-FI-SPACEGRAY-FAIR,600,,deny,manual,439.99,799.00,TRUE,TRUE,draft
ipad-air-13-inch-m3,iPad Air 13-inch (M3),,,,,,Condition,Fair,Storage,128GB Wi-Fi,Color,Blue,IPAD-AIR-13-INCH-M3-128GBWI-FI-BLUE-FAIR,600,,deny,manual,439.99,799.00,TRUE,TRUE,
ipad-air-13-inch-m3,iPad Air 13-inch (M3),,,,,,Condition,Fair,Storage,128GB Wi-Fi,Color,Purple,IPAD-AIR-13-INCH-M3-128GBWI-FI-PURPLE-FAIR,600,,deny,manual,439.99,799.00,TRUE,TRUE,
ipad-air-13-inch-m3,iPad Air 13-inch (M3),,,,,,Condition,Fair,Storage,128GB Wi-Fi,Color,Starlight,IPAD-AIR-13-INCH-M3-128GBWI-FI-STARLIGHT-FAIR,600,,deny,manual,439.99,799.00,TRUE,TRUE,
ipad-air-13-inch-m3,iPad Air 13-inch (M3),,,,,,Condition,Fair,Storage,128GB Wi-Fi + Cellular,Color,Space Gray,IPAD-AIR-13-INCH-M3-128GBWI-FIPLUSCELLULAR-SPACEGRAY-FAIR,600,,deny,manual,507.99,949.00,TRUE,TRUE,
ipad-air-13-inch-m3,iPad Air 13-inch (M3),,,,,,Condition,Fair,Storage,128GB Wi-Fi + Cellular,Color,Blue,IPAD-AIR-13-INCH-M3-128GBWI-FIPLUSCELLULAR-BLUE-FAIR,600,,deny,manual,507.99,949.00,TRUE,TRUE,
ipad-air-13-inch-m3,iPad Air 13-inch (M3),,,,,,Condition,Fair,Storage,128GB Wi-Fi + Cellular,Color,Purple,IPAD-AIR-13-INCH-M3-128GBWI-FIPLUSCELLULAR-PURPLE-FAIR,600,,deny,manual,507.99,949.00,TRUE,TRUE,
ipad-air-13-inch-m3,iPad Air 13-inch (M3),,,,,,Condition,Fair,Storage,128GB Wi-Fi + Cellular,Color,Starlight,IPAD-AIR-13-INCH-M3-128GBWI-FIPLUSCELLULAR-STARLIGHT-FAIR,600,,deny,manual,507.99,949.00,TRUE,TRUE,
ipad-air-13-inch-m3,iPad Air 13-inch (M3),,,,,,Condition,Fair,Storage,256GB Wi-Fi,Color,Space Gray,IPAD-AIR-13-INCH-M3-256GBWI-FI-SPACEGRAY-FAIR,600,,deny,manual,484.99,899.00,TRUE,TRUE,
ipad-air-13-inch-m3,iPad Air 13-inch (M3),,,,,,Condition,Fair,Storage,256GB Wi-Fi,Color,Blue,IPAD-AIR-13-INCH-M3-256GBWI-FI-BLUE-FAIR,600,,deny,manual,484.99,899.00,TRUE,TRUE,
ipad-air-13-inch-m3,iPad Air 13-inch (M3),,,,,,Condition,Fair,Storage,256GB Wi-Fi,Color,Purple,IPAD-AIR-13-INCH-M3-256GBWI-FI-PURPLE-FAIR,600,,deny,manual,484.99,899.00,TRUE,TRUE,
ipad-air-13-inch-m3,iPad Air 13-inch (M3),,,,,,Condition,Fair,Storage,256GB Wi-Fi,Color,Starlight,IPAD-AIR-13-INCH-M3-256GBWI-FI-STARLIGHT-FAIR,600,,deny,manual,484.99,899.00,TRUE,TRUE,
ipad-air-13-inch-m3,iPad Air 13-inch (M3),,,,,,Condition,Fair,Storage,256GB Wi-Fi + Cellular,Color,Space Gray,IPAD-AIR-13-INCH-M3-256GBWI-FIPLUSCELLULAR-SPACEGRAY-FAIR,600,,deny,manual,552.99,1049.00,TRUE,TRUE,
ipad-air-13-inch-m3,iPad Air 13-inch (M3),,,,,,Condition,Fair,Storage,256GB Wi-Fi + Cellular,Color,Blue,IPAD-AIR-13-INCH-M3-256GBWI-FIPLUSCELLULAR-BLUE-FAIR,600,,deny,manual,552.99,1049.00,TRUE,TRUE,
ipad-air-13-inch-m3,iPad Air 13-inch (M3),,,,,,Condition,Fair,Storage,256GB Wi-Fi + Cellular,Color,Purple,IPAD-AIR-13-INCH-M3-256GBWI-FIPLUSCELLULAR-PURPLE-FAIR,600,,deny,manual,552.99,1049.00,TRUE,TRUE,
ipad-air-13-inch-m3,iPad Air 13-inch (M3),,,,,,Condition,Fair,Storage,256GB Wi-Fi + Cellular,Color,Starlight,IPAD-AIR-13-INCH-M3-256GBWI-FIPLUSCELLULAR-STARLIGHT-FAIR,600,,deny,manual,552.99,1049.00,TRUE,TRUE,
ipad-air-13-inch-m3,iPad Air 13-inch (M3),,,,,,Condition,Fair,Storage,512GB Wi-Fi,Color,Space Gray,IPAD-AIR-13-INCH-M3-512GBWI-FI-SPACEGRAY-FAIR,600,,deny,manual,574.99,1099.00,TRUE,TRUE,
ipad-air-13-inch-m3,iPad Air 13-inch (M3),,,,,,Condition,Fair,Storage,512GB Wi-Fi,Color,Blue,IPAD-AIR-13-INCH-M3-512GBWI-FI-BLUE-FAIR,600,,deny,manual,574.99,1099.00,TRUE,TRUE,
ipad-air-13-inch-m3,iPad Air 13-inch (M3),,,,,,Condition,Fair,Storage,512GB Wi-Fi,Color,Purple,IPAD-AIR-13-INCH-M3-512GBWI-FI-PURPLE-FAIR,600,,deny,manual,574.99,1099.00,TRUE,TRUE,
ipad-air-13-inch-m3,iPad Air 13-inch (M3),,,,,,Condition,Fair,Storage,512GB Wi-Fi,Color,Starlight,IPAD-AIR-13-INCH-M3-512GBWI-FI-STARLIGHT-FAIR,600,,deny,manual,574.99,1099.00,TRUE,TRUE,
ipad-air-13-inch-m3,iPad Air 13-inch (M3),,,,,,Condition,Fair,Storage,512GB Wi-Fi + Cellular,Color,Space Gray,IPAD-AIR-13-INCH-M3-512GBWI-FIPLUSCELLULAR-SPACEGRAY-FAIR,600,,deny,manual,642.99,1249.00,TRUE,TRUE,
ipad-air-13-inch-m3,iPad Air 13-inch (M3),,,,,,Condition,Fair,Storage,512GB Wi-Fi + Cellular,Color,Blue,IPAD-AIR-13-INCH-M3-512GBWI-FIPLUSCELLULAR-BLUE-FAIR,600,,deny,manual,642.99,1249.00,TRUE,TRUE,
ipad-air-13-inch-m3,iPad Air 13-inch (M3),,,,,,Condition,Fair,Storage,512GB Wi-Fi + Cellular,Color,Purple,IPAD-AIR-13-INCH-M3-512GBWI-FIPLUSCELLULAR-PURPLE-FAIR,600,,deny,manual,642.99,1249.00,TRUE,TRUE,
ipad-air-13-inch-m3,iPad Air 13-inch (M3),,,,,,Condition,Fair,Storage,512GB Wi-Fi + Cellular,Color,Starlight,IPAD-AIR-13-INCH-M3-512GBWI-FIPLUSCELLULAR-STARLIGHT-FAIR,600,,deny,manual,642.99,1249.00,TRUE,TRUE,
ipad-air-13-inch-m3,iPad Air 13-inch (M3),,,,,,Condition,Fair,Storage,1TB Wi-Fi,Color,Space Gray,IPAD-AIR-13-INCH-M3-1TBWI-FI-SPACEGRAY-FAIR,600,,deny,manual,664.99,1299.00,TRUE,TRUE,
ipad-air-13-inch-m3,iPad Air 13-inch (M3),,,,,,Condition,Fair,Storage,1TB Wi-Fi,Color,Blue,IPAD-AIR-13-INCH-M3-1TBWI-FI-BLUE-FAIR,600,,deny,manual,664.99,1299.00,TRUE,TRUE,
ipad-air-13-inch-m3,iPad Air 13-inch (M3),,,,,,Condition,Fair,Storage,1TB Wi-Fi,Color,Purple,IPAD-AIR-13-INCH-M3-1TBWI-FI-PURPLE-FAIR,600,,deny,manual,664.99,1299.00,TRUE,TRUE,
ipad-air-13-inch-m3,iPad Air 13-inch (M3),,,,,,Condition,Fair,Storage,1TB Wi-Fi,Color,Starlight,IPAD-AIR-13-INCH-M3-1TBWI-FI-STARLIGHT-FAIR,600,,deny,manual,664.99,1299.00,TRUE,TRUE,
ipad-air-13-inch-m3,iPad Air 13-inch (M3),,,,,,Condition,Fair,Storage,1TB Wi-Fi + Cellular,Color,Space Gray,IPAD-AIR-13-INCH-M3-1TBWI-FIPLUSCELLULAR-SPACEGRAY-FAIR,600,,deny,manual,732.99,1449.00,TRUE,TRUE,
ipad-air-13-inch-m3,iPad Air 13-inch (M3),,,,,,Condition,Fair,Storage,1TB Wi-Fi + Cellular,Color,Blue,IPAD-AIR-13-INCH-M3-1TBWI-FIPLUSCELLULAR-BLUE-FAIR,600,,deny,manual,732.99,1449.00,TRUE,TRUE,
ipad-air-13-inch-m3,iPad Air 13-inch (M3),,,,,,Condition,Fair,Storage,1TB Wi-Fi + Cellular,Color,Purple,IPAD-AIR-13-INCH-M3-1TBWI-FIPLUSCELLULAR-PURPLE-FAIR,600,,deny,manual,732.99,1449.00,TRUE,TRUE,
ipad-air-13-inch-m3,iPad Air 13-inch (M3),,,,,,Condition,Fair,Storage,1TB Wi-Fi + Cellular,Color,Starlight,IPAD-AIR-13-INCH-M3-1TBWI-FIPLUSCELLULAR-STARLIGHT-FAIR,600,,deny,manual,732.99,1449.00,TRUE,TRUE,
ipad-air-13-inch-m3,iPad Air 13-inch (M3),,,,,,Condition,Good,Storage,128GB Wi-Fi,Color,Space Gray,IPAD-AIR-13-INCH-M3-128GBWI-FI-SPACEGRAY-GOOD,600,,deny,manual,488.99,799.00,TRUE,TRUE,
ipad-air-13-inch-m3,iPad Air 13-inch (M3),,,,,,Condition,Good,Storage,128GB Wi-Fi,Color,Blue,IPAD-AIR-13-INCH-M3-128GBWI-FI-BLUE-GOOD,600,,deny,manual,488.99,799.00,TRUE,TRUE,
ipad-air-13-inch-m3,iPad Air 13-inch (M3),,,,,,Condition,Good,Storage,128GB Wi-Fi,Color,Purple,IPAD-AIR-13-INCH-M3-128GBWI-FI-PURPLE-GOOD,600,,deny,manual,488.99,799.00,TRUE,TRUE,
ipad-air-13-inch-m3,iPad Air 13-inch (M3),,,,,,Condition,Good,Storage,128GB Wi-Fi,Color,Starlight,IPAD-AIR-13-INCH-M3-128GBWI-FI-STARLIGHT-GOOD,600,,deny,manual,488.99,799.00,TRUE,TRUE,
ipad-air-13-inch-m3,iPad Air 13-inch (M3),,,,,,Condition,Good,Storage,128GB Wi-Fi + Cellular,Color,Space Gray,IPAD-AIR-13-INCH-M3-128GBWI-FIPLUSCELLULAR-SPACEGRAY-GOOD,600,,deny,manual,555.99,949.00,TRUE,TRUE,
ipad-air-13-inch-m3,iPad Air 13-inch (M3),,,,,,Condition,Good,Storage,128GB Wi-Fi + Cellular,Color,Blue,IPAD-AIR-13-INCH-M3-128GBWI-FIPLUSCELLULAR-BLUE-GOOD,600,,deny,manual,555.99,949.00,TRUE,TRUE,
ipad-air-13-inch-m3,iPad Air 13-inch (M3),,,,,,Condition,Good,Storage,128GB Wi-Fi + Cellular,Color,Purple,IPAD-AIR-13-INCH-M3-128GBWI-FIPLUSCELLULAR-PURPLE-GOOD,600,,deny,manual,555.99,949.00,TRUE,TRUE,
ipad-air-13-inch-m3,iPad Air 13-inch (M3),,,,,,Condition,Good,Storage,128GB Wi-Fi + Cellular,Color,Starlight,IPAD-AIR-13-INCH-M3-128GBWI-FIPLUSCELLULAR-STARLIGHT-GOOD,600,,deny,manual,555.99,949.00,TRUE,TRUE,
ipad-air-13-inch-m3,iPad Air 13-inch (M3),,,,,,Condition,Good,Storage,256GB Wi-Fi,Color,Space Gray,IPAD-AIR-13-INCH-M3-256GBWI-FI-SPACEGRAY-GOOD,600,,deny,manual,533.99,899.00,TRUE,TRUE,
ipad-air-13-inch-m3,iPad Air 13-inch (M3),,,,,,Condition,Good,Storage,256GB Wi-Fi,Color,Blue,IPAD-AIR-13-INCH-M3-256GBWI-FI-BLUE-GOOD,600,,deny,manual,533.99,899.00,TRUE,TRUE,
ipad-air-13-inch-m3,iPad Air 13-inch (M3),,,,,,Condition,Good,Storage,256GB Wi-Fi,Color,Purple,IPAD-AIR-13-INCH-M3-256GBWI-FI-PURPLE-GOOD,600,,deny,manual,533.99,899.00,TRUE,TRUE,
ipad-air-13-inch-m3,iPad Air 13-inch (M3),,,,,,Condition,Good,Storage,256GB Wi-Fi,Color,Starlight,IPAD-AIR-13-INCH-M3-256GBWI-FI-STARLIGHT-GOOD,600,,deny,manual,533.99,899.00,TRUE,TRUE,
ipad-air-13-inch-m3,iPad Air 13-inch (M3),,,,,,Condition,Good,Storage,256GB Wi-Fi + Cellular,Color,Space Gray,IPAD-AIR-13-INCH-M3-256GBWI-FIPLUSCELLULAR-SPACEGRAY-GOOD,600,,deny,manual,600.99,1049.00,TRUE,TRUE,
ipad-air-13-inch-m3,iPad Air 13-inch (M3),,,,,,Condition,Good,Storage,256GB Wi-Fi + Cellular,Color,Blue,IPAD-AIR-13-INCH-M3-256GBWI-FIPLUSCELLULAR-BLUE-GOOD,600,,deny,manual,600.99,1049.00,TRUE,TRUE,
ipad-air-13-inch-m3,iPad Air 13-inch (M3),,,,,,Condition,Good,Storage,256GB Wi-Fi + Cellular,Color,Purple,IPAD-AIR-13-INCH-M3-256GBWI-FIPLUSCELLULAR-PURPLE-GOOD,600,,deny,manual,600.99,1049.00,TRUE,TRUE,
ipad-air-13-inch-m3,iPad Air 13-inch (M3),,,,,,Condition,Good,Storage,256GB Wi-Fi + Cellular,Color,Starlight,IPAD-AIR-13-INCH-M3-256GBWI-FIPLUSCELLULAR-STARLIGHT-GOOD,600,,deny,manual,600.99,1049.00,TRUE,TRUE,
ipad-air-13-inch-m3,iPad Air 13-inch (M3),,,,,,Condition,Good,Storage,512GB Wi-Fi,Color,Space Gray,IPAD-AIR-13-INCH-M3-512GBWI-FI-SPACEGRAY-GOOD,600,,deny,manual,623.99,1099.00,TRUE,TRUE,
ipad-air-13-inch-m3,iPad Air 13-inch (M3),,,,,,Condition,Good,Storage,512GB Wi-Fi,Color,Blue,IPAD-AIR-13-INCH-M3-512GBWI-FI-BLUE-GOOD,600,,deny,manual,623.99,1099.00,TRUE,TRUE,
ipad-air-13-inch-m3,iPad Air 13-inch (M3),,,,,,Condition,Good,Storage,512GB Wi-Fi,Color,Purple,IPAD-AIR-13-INCH-M3-512GBWI-FI-PURPLE-GOOD,600,,deny,manual,623.99,1099.00,TRUE,TRUE,
ipad-air-13-inch-m3,iPad Air 13-inch (M3),,,,,,Condition,Good,Storage,512GB Wi-Fi,Color,Starlight,IPAD-AIR-13-INCH-M3-512GBWI-FI-STARLIGHT-GOOD,600,,deny,manual,623.99,1099.00,TRUE,TRUE,
ipad-air-13-inch-m3,iPad Air 13-inch (M3),,,,,,Condition,Good,Storage,512GB Wi-Fi + Cellular,Color,Space Gray,IPAD-AIR-13-INCH-M3-512GBWI-FIPLUSCELLULAR-SPACEGRAY-GOOD,600,,deny,manual,690.99,1249.00,TRUE,TRUE,
ipad-air-13-inch-m3,iPad Air 13-inch (M3),,,,,,Condition,Good,Storage,512GB Wi-Fi + Cellular,Color,Blue,IPAD-AIR-13-INCH-M3-512GBWI-FIPLUSCELLULAR-BLUE-GOOD,600,,deny,manual,690.99,1249.00,TRUE,TRUE,
ipad-air-13-inch-m3,iPad Air 13-inch (M3),,,,,,Condition,Good,Storage,512GB Wi-Fi + Cellular,Color,Purple,IPAD-AIR-13-INCH-M3-512GBWI-FIPLUSCELLULAR-PURPLE-GOOD,600,,deny,manual,690.99,1249.00,TRUE,TRUE,
ipad-air-13-inch-m3,iPad Air 13-inch (M3),,,,,,Condition,Good,Storage,512GB Wi-Fi + Cellular,Color,Starlight,IPAD-AIR-13-INCH-M3-512GBWI-FIPLUSCELLULAR-STARLIGHT-GOOD,600,,deny,manual,690.99,1249.00,TRUE,TRUE,
ipad-air-13-inch-m3,iPad Air 13-inch (M3),,,,,,Condition,Good,Storage,1TB Wi-Fi,Color,Space Gray,IPAD-AIR-13-INCH-M3-1TBWI-FI-SPACEGRAY-GOOD,600,,deny,manual,713.99,1299.00,TRUE,TRUE,
ipad-air-13-inch-m3,iPad Air 13-inch (M3),,,,,,Condition,Good,Storage,1TB Wi-Fi,Color,Blue,IPAD-AIR-13-INCH-M3-1TBWI-FI-BLUE-GOOD,600,,deny,manual,713.99,1299.00,TRUE,TRUE,
ipad-air-13-inch-m3,iPad Air 13-inch (M3),,,,,,Condition,Good,Storage,1TB Wi-Fi,Color,Purple,IPAD-AIR-13-INCH-M3-1TBWI-FI-PURPLE-GOOD,600,,deny,manual,713.99,1299.00,TRUE,TRUE,
ipad-air-13-inch-m3,iPad Air 13-inch (M3),,,,,,Condition,Good,Storage,1TB Wi-Fi,Color,Starlight,IPAD-AIR-13-INCH-M3-1TBWI-FI-STARLIGHT-GOOD,600,,deny,manual,713.99,1299.00,TRUE,TRUE,
ipad-air-13-inch-m3,iPad Air 13-inch (M3),,,,,,Condition,Good,Storage,1TB Wi-Fi + Cellular,Color,Space Gray,IPAD-AIR-13-INCH-M3-1TBWI-FIPLUSCELLULAR-SPACEGRAY-GOOD,600,,deny,manual,780.99,1449.00,TRUE,TRUE,
ipad-air-13-inch-m3,iPad Air 13-inch (M3),,,,,,Condition,Good,Storage,1TB Wi-Fi + Cellular,Color,Blue,IPAD-AIR-13-INCH-M3-1TBWI-FIPLUSCELLULAR-BLUE-GOOD,600,,deny,manual,780.99,1449.00,TRUE,TRUE,
ipad-air-13-inch-m3,iPad Air 13-inch (M3),,,,,,Condition,Good,Storage,1TB Wi-Fi + Cellular,Color,Purple,IPAD-AIR-13-INCH-M3-1TBWI-FIPLUSCELLULAR-PURPLE-GOOD,600,,deny,manual,780.99,1449.00,TRUE,TRUE,
ipad-air-13-inch-m3,iPad Air 13-inch (M3),,,,,,Condition,Good,Storage,1TB Wi-Fi + Cellular,Color,Starlight,IPAD-AIR-13-INCH-M3-1TBWI-FIPLUSCELLULAR-STARLIGHT-GOOD,600,,deny,manual,780.99,1449.00,TRUE,TRUE,
ipad-air-13-inch-m3,iPad Air 13-inch (M3),,,,,,Condition,Excellent,Storage,128GB Wi-Fi,Color,Space Gray,IPAD-AIR-13-INCH-M3-128GBWI-FI-SPACEGRAY-EXCELLENT,600,,deny,manual,547.99,799.00,TRUE,TRUE,
ipad-air-13-inch-m3,iPad Air 13-inch (M3),,,,,,Condition,Excellent,Storage,128GB Wi-Fi,Color,Blue,IPAD-AIR-13-INCH-M3-128GBWI-FI-BLUE-EXCELLENT,600,,deny,manual,547.99,799.00,TRUE,TRUE,
ipad-air-13-inch-m3,iPad Air 13-inch (M3),,,,,,Condition,Excellent,Storage,128GB Wi-Fi,Color,Purple,IPAD-AIR-13-INCH-M3-128GBWI-FI-PURPLE-EXCELLENT,600,,deny,manual,547.99,799.00,TRUE,TRUE,
ipad-air-13-inch-m3,iPad Air 13-inch (M3),,,,,,Condition,Excellent,Storage,128GB Wi-Fi,Color,Starlight,IPAD-AIR-13-INCH-M3-128GBWI-FI-STARLIGHT-EXCELLENT,600,,deny,manual,547.99,799.00,TRUE,TRUE,
ipad-air-13-inch-m3,iPad Air 13-inch (M3),,,,,,Condition,Excellent,Storage,128GB Wi-Fi + Cellular,Color,Space Gray,IPAD-AIR-13-INCH-M3-128GBWI-FIPLUSCELLULAR-SPACEGRAY-EXCELLENT,600,,deny,manual,614.99,949.00,TRUE,TRUE,
ipad-air-13-inch-m3,iPad Air 13-inch (M3),,,,,,Condition,Excellent,Storage,128GB Wi-Fi + Cellular,Color,Blue,IPAD-AIR-13-INCH-M3-128GBWI-FIPLUSCELLULAR-BLUE-EXCELLENT,600,,deny,manual,614.99,949.00,TRUE,TRUE,
ipad-air-13-inch-m3,iPad Air 13-inch (M3),,,,,,Condition,Excellent,Storage,128GB Wi-Fi + Cellular,Color,Purple,IPAD-AIR-13-INCH-M3-128GBWI-FIPLUSCELLULAR-PURPLE-EXCELLENT,600,,deny,manual,614.99,949.00,TRUE,TRUE,
ipad-air-13-inch-m3,iPad Air 13-inch (M3),,,,,,Condition,Excellent,Storage,128GB Wi-Fi + Cellular,Color,Starlight,IPAD-AIR-13-INCH-M3-128GBWI-FIPLUSCELLULAR-STARLIGHT-EXCELLENT,600,,deny,manual,614.99,949.00,TRUE,TRUE,
ipad-air-13-inch-m3,iPad Air 13-inch (M3),,,,,,Condition,Excellent,Storage,256GB Wi-Fi,Color,Space Gray,IPAD-AIR-13-INCH-M3-256GBWI-FI-SPACEGRAY-EXCELLENT,600,,deny,manual,592.99,899.00,TRUE,TRUE,
ipad-air-13-inch-m3,iPad Air 13-inch (M3),,,,,,Condition,Excellent,Storage,256GB Wi-Fi,Color,Blue,IPAD-AIR-13-INCH-M3-256GBWI-FI-BLUE-EXCELLENT,600,,deny,manual,592.99,899.00,TRUE,TRUE,
ipad-air-13-inch-m3,iPad Air 13-inch (M3),,,,,,Condition,Excellent,Storage,256GB Wi-Fi,Color,Purple,IPAD-AIR-13-INCH-M3-256GBWI-FI-PURPLE-EXCELLENT,600,,deny,manual,592.99,899.00,TRUE,TRUE,
ipad-air-13-inch-m3,iPad Air 13-inch (M3),,,,,,Condition,Excellent,Storage,256GB Wi-Fi,Color,Starlight,IPAD-AIR-13-INCH-M3-256GBWI-FI-STARLIGHT-EXCELLENT,600,,deny,manual,592.99,899.00,TRUE,TRUE,
ipad-air-13-inch-m3,iPad Air 13-inch (M3),,,,,,Condition,Excellent,Storage,256GB Wi-Fi + Cellular,Color,Space Gray,IPAD-AIR-13-INCH-M3-256GBWI-FIPLUSCELLULAR-SPACEGRAY-EXCELLENT,600,,deny,manual,659.99,1049.00,TRUE,TRUE,
ipad-air-13-inch-m3,iPad Air 13-inch (M3),,,,,,Condition,Excellent,Storage,256GB Wi-Fi + Cellular,Color,Blue,IPAD-AIR-13-INCH-M3-256GBWI-FIPLUSCELLULAR-BLUE-EXCELLENT,600,,deny,manual,659.99,1049.00,TRUE,TRUE,
ipad-air-13-inch-m3,iPad Air 13-inch (M3),,,,,,Condition,Excellent,Storage,256GB Wi-Fi + Cellular,Color,Purple,IPAD-AIR-13-INCH-M3-256GBWI-FIPLUSCELLULAR-PURPLE-EXCELLENT,600,,deny,manual,659.99,1049.00,TRUE,TRUE,
ipad-air-13-inch-m3,iPad Air 13-inch (M3),,,,,,Condition,Excellent,Storage,256GB Wi-Fi + Cellular,Color,Starlight,IPAD-AIR-13-INCH-M3-256GBWI-FIPLUSCELLULAR-STARLIGHT-EXCELLENT,600,,deny,manual,659.99,1049.00,TRUE,TRUE,
ipad-air-13-inch-m3,iPad Air 13-inch (M3),,,,,,Condition,Excellent,Storage,512GB Wi-Fi,Color,Space Gray,IPAD-AIR-13-INCH-M3-512GBWI-FI-SPACEGRAY-EXCELLENT,600,,deny,manual,682.99,1099.00,TRUE,TRUE,
ipad-air-13-inch-m3,iPad Air 13-inch (M3),,,,,,Condition,Excellent,Storage,512GB Wi-Fi,Color,Blue,IPAD-AIR-13-INCH-M3-512GBWI-FI-BLUE-EXCELLENT,600,,deny,manual,682.99,1099.00,TRUE,TRUE,
ipad-air-13-inch-m3,iPad Air 13-inch (M3),,,,,,Condition,Excellent,Storage,512GB Wi-Fi,Color,Purple,IPAD-AIR-13-INCH-M3-512GBWI-FI-PURPLE-EXCELLENT,600,,deny,manual,682.99,1099.00,TRUE,TRUE,
ipad-air-13-inch-m3,iPad Air 13-inch (M3),,,,,,Condition,Excellent,Storage,512GB Wi-Fi,Color,Starlight,IPAD-AIR-13-INCH-M3-512GBWI-FI-STARLIGHT-EXCELLENT,600,,deny,manual,682.99,1099.00,TRUE,TRUE,
ipad-air-13-inch-m3,iPad Air 13-inch (M3),,,,,,Condition,Excellent,Storage,512GB Wi-Fi + Cellular,Color,Space Gray,IPAD-AIR-13-INCH-M3-512GBWI-FIPLUSCELLULAR-SPACEGRAY-EXCELLENT,600,,deny,manual,749.99,1249.00,TRUE,TRUE,
ipad-air-13-inch-m3,iPad Air 13-inch (M3),,,,,,Condition,Excellent,Storage,512GB Wi-Fi + Cellular,Color,Blue,IPAD-AIR-13-INCH-M3-512GBWI-FIPLUSCELLULAR-BLUE-EXCELLENT,600,,deny,manual,749.99,1249.00,TRUE,TRUE,
ipad-air-13-inch-m3,iPad Air 13-inch (M3),,,,,,Condition,Excellent,Storage,512GB Wi-Fi + Cellular,Color,Purple,IPAD-AIR-13-INCH-M3-512GBWI-FIPLUSCELLULAR-PURPLE-EXCELLENT,600,,deny,manual,749.99,1249.00,TRUE,TRUE,
ipad-air-13-inch-m3,iPad Air 13-inch (M3),,,,,,Condition,Excellent,Storage,512GB Wi-Fi + Cellular,Color,Starlight,IPAD-AIR-13-INCH-M3-512GBWI-FIPLUSCELLULAR-STARLIGHT-EXCELLENT,600,,deny,manual,749.99,1249.00,TRUE,TRUE,
ipad-air-13-inch-m3,iPad Air 13-inch (M3),,,,,,Condition,Excellent,Storage,1TB Wi-Fi,Color,Space Gray,IPAD-AIR-13-INCH-M3-1TBWI-FI-SPACEGRAY-EXCELLENT,600,,deny,manual,772.99,1299.00,TRUE,TRUE,
ipad-air-13-inch-m3,iPad Air 13-inch (M3),,,,,,Condition,Excellent,Storage,1TB Wi-Fi,Color,Blue,IPAD-AIR-13-INCH-M3-1TBWI-FI-BLUE-EXCELLENT,600,,deny,manual,772.99,1299.00,TRUE,TRUE,
ipad-air-13-inch-m3,iPad Air 13-inch (M3),,,,,,Condition,Excellent,Storage,1TB Wi-Fi,Color,Purple,IPAD-AIR-13-INCH-M3-1TBWI-FI-PURPLE-EXCELLENT,600,,deny,manual,772.99,1299.00,TRUE,TRUE,
ipad-air-13-inch-m3,iPad Air 13-inch (M3),,,,,,Condition,Excellent,Storage,1TB Wi-Fi,Color,Starlight,IPAD-AIR-13-INCH-M3-1TBWI-FI-STARLIGHT-EXCELLENT,600,,deny,manual,772.99,1299.00,TRUE,TRUE,
ipad-air-13-inch-m3,iPad Air 13-inch (M3),,,,,,Condition,Excellent,Storage,1TB Wi-Fi + Cellular,Color,Space Gray,IPAD-AIR-13-INCH-M3-1TBWI-FIPLUSCELLULAR-SPACEGRAY-EXCELLENT,600,,deny,manual,839.99,1449.00,TRUE,TRUE,
ipad-air-13-inch-m3,iPad Air 13-inch (M3),,,,,,Condition,Excellent,Storage,1TB Wi-Fi + Cellular,Color,Blue,IPAD-AIR-13-INCH-M3-1TBWI-FIPLUSCELLULAR-BLUE-EXCELLENT,600,,deny,manual,839.99,1449.00,TRUE,TRUE,
ipad-air-13-inch-m3,iPad Air 13-inch (M3),,,,,,Condition,Excellent,Storage,1TB Wi-Fi + Cellular,Color,Purple,IPAD-AIR-13-INCH-M3-1TBWI-FIPLUSCELLULAR-PURPLE-EXCELLENT,600,,deny,manual,839.99,1449.00,TRUE,TRUE,
ipad-air-13-inch-m3,iPad Air 13-inch (M3),,,,,,Condition,Excellent,Storage,1TB Wi-Fi + Cellular,Color,Starlight,IPAD-AIR-13-INCH-M3-1TBWI-FIPLUSCELLULAR-STARLIGHT-EXCELLENT,600,,deny,manual,839.99,1449.00,TRUE,TRUE,
ipad-air-13-inch-m3,iPad Air 13-inch (M3),,,,,,Condition,Premium,Storage,128GB Wi-Fi,Color,Space Gray,IPAD-AIR-13-INCH-M3-128GBWI-FI-SPACEGRAY-PREMIUM,600,,deny,manual,610.99,799.00,TRUE,TRUE,
ipad-air-13-inch-m3,iPad Air 13-inch (M3),,,,,,Condition,Premium,Storage,128GB Wi-Fi,Color,Blue,IPAD-AIR-13-INCH-M3-128GBWI-FI-BLUE-PREMIUM,600,,deny,manual,610.99,799.00,TRUE,TRUE,
ipad-air-13-inch-m3,iPad Air 13-inch (M3),,,,,,Condition,Premium,Storage,128GB Wi-Fi,Color,Purple,IPAD-AIR-13-INCH-M3-128GBWI-FI-PURPLE-PREMIUM,600,,deny,manual,610.99,799.00,TRUE,TRUE,
ipad-air-13-inch-m3,iPad Air 13-inch (M3),,,,,,Condition,Premium,Storage,128GB Wi-Fi,Color,Starlight,IPAD-AIR-13-INCH-M3-128GBWI-FI-STARLIGHT-PREMIUM,600,,deny,manual,610.99,799.00,TRUE,TRUE,
ipad-air-13-inch-m3,iPad Air 13-inch (M3),,,,,,Condition,Premium,Storage,128GB Wi-Fi + Cellular,Color,Space Gray,IPAD-AIR-13-INCH-M3-128GBWI-FIPLUSCELLULAR-SPACEGRAY-PREMIUM,600,,deny,manual,678.99,949.00,TRUE,TRUE,
ipad-air-13-inch-m3,iPad Air 13-inch (M3),,,,,,Condition,Premium,Storage,128GB Wi-Fi + Cellular,Color,Blue,IPAD-AIR-13-INCH-M3-128GBWI-FIPLUSCELLULAR-BLUE-PREMIUM,600,,deny,manual,678.99,949.00,TRUE,TRUE,
ipad-air-13-inch-m3,iPad Air 13-inch (M3),,,,,,Condition,Premium,Storage,128GB Wi-Fi + Cellular,Color,Purple,IPAD-AIR-13-INCH-M3-128GBWI-FIPLUSCELLULAR-PURPLE-PREMIUM,600,,deny,manual,678.99,949.00,TRUE,TRUE,
ipad-air-13-inch-m3,iPad Air 13-inch (M3),,,,,,Condition,Premium,Storage,128GB Wi-Fi + Cellular,Color,Starlight,IPAD-AIR-13-INCH-M3-128GBWI-FIPLUSCELLULAR-STARLIGHT-PREMIUM,600,,deny,manual,678.99,949.00,TRUE,TRUE,
ipad-air-13-inch-m3,iPad Air 13-inch (M3),,,,,,Condition,Premium,Storage,256GB Wi-Fi,Color,Space Gray,IPAD-AIR-13-INCH-M3-256GBWI-FI-SPACEGRAY-PREMIUM,600,,deny,manual,655.99,899.00,TRUE,TRUE,
ipad-air-13-inch-m3,iPad Air 13-inch (M3),,,,,,Condition,Premium,Storage,256GB Wi-Fi,Color,Blue,IPAD-AIR-13-INCH-M3-256GBWI-FI-BLUE-PREMIUM,600,,deny,manual,655.99,899.00,TRUE,TRUE,
ipad-air-13-inch-m3,iPad Air 13-inch (M3),,,,,,Condition,Premium,Storage,256GB Wi-Fi,Color,Purple,IPAD-AIR-13-INCH-M3-256GBWI-FI-PURPLE-PREMIUM,600,,deny,manual,655.99,899.00,TRUE,TRUE,
ipad-air-13-inch-m3,iPad Air 13-inch (M3),,,,,,Condition,Premium,Storage,256GB Wi-Fi,Color,Starlight,IPAD-AIR-13-INCH-M3-256GBWI-FI-STARLIGHT-PREMIUM,600,,deny,manual,655.99,899.00,TRUE,TRUE,
ipad-air-13-inch-m3,iPad Air 13-inch (M3),,,,,,Condition,Premium,Storage,256GB Wi-Fi + Cellular,Color,Space Gray,IPAD-AIR-13-INCH-M3-256GBWI-FIPLUSCELLULAR-SPACEGRAY-PREMIUM,600,,deny,manual,723.99,1049.00,TRUE,TRUE,
ipad-air-13-inch-m3,iPad Air 13-inch (M3),,,,,,Condition,Premium,Storage,256GB Wi-Fi + Cellular,Color,Blue,IPAD-AIR-13-INCH-M3-256GBWI-FIPLUSCELLULAR-BLUE-PREMIUM,600,,deny,manual,723.99,1049.00,TRUE,TRUE,
ipad-air-13-inch-m3,iPad Air 13-inch (M3),,,,,,Condition,Premium,Storage,256GB Wi-Fi + Cellular,Color,Purple,IPAD-AIR-13-INCH-M3-256GBWI-FIPLUSCELLULAR-PURPLE-PREMIUM,600,,deny,manual,723.99,1049.00,TRUE,TRUE,
ipad-air-13-inch-m3,iPad Air 13-inch (M3),,,,,,Condition,Premium,Storage,256GB Wi-Fi + Cellular,Color,Starlight,IPAD-AIR-13-INCH-M3-256GBWI-FIPLUSCELLULAR-STARLIGHT-PREMIUM,600,,deny,manual,723.99,1049.00,TRUE,TRUE,
ipad-air-13-inch-m3,iPad Air 13-inch (M3),,,,,,Condition,Premium,Storage,512GB Wi-Fi,Color,Space Gray,IPAD-AIR-13-INCH-M3-512GBWI-FI-SPACEGRAY-PREMIUM,600,,deny,manual,745.99,1099.00,TRUE,TRUE,
ipad-air-13-inch-m3,iPad Air 13-inch (M3),,,,,,Condition,Premium,Storage,512GB Wi-Fi,Color,Blue,IPAD-AIR-13-INCH-M3-512GBWI-FI-BLUE-PREMIUM,600,,deny,manual,745.99,1099.00,TRUE,TRUE,
ipad-air-13-inch-m3,iPad Air 13-inch (M3),,,,,,Condition,Premium,Storage,512GB Wi-Fi,Color,Purple,IPAD-AIR-13-INCH-M3-512GBWI-FI-PURPLE-PREMIUM,600,,deny,manual,745.99,1099.00,TRUE,TRUE,
ipad-air-13-inch-m3,iPad Air 13-inch (M3),,,,,,Condition,Premium,Storage,512GB Wi-Fi,Color,Starlight,IPAD-AIR-13-INCH-M3-512GBWI-FI-STARLIGHT-PREMIUM,600,,deny,manual,745.99,1099.00,TRUE,TRUE,
ipad-air-13-inch-m3,iPad Air 13-inch (M3),,,,,,Condition,Premium,Storage,512GB Wi-Fi + Cellular,Color,Space Gray,IPAD-AIR-13-INCH-M3-512GBWI-FIPLUSCELLULAR-SPACEGRAY-PREMIUM,600,,deny,manual,813.99,1249.00,TRUE,TRUE,
ipad-air-13-inch-m3,iPad Air 13-inch (M3),,,,,,Condition,Premium,Storage,512GB Wi-Fi + Cellular,Color,Blue,IPAD-AIR-13-INCH-M3-512GBWI-FIPLUSCELLULAR-BLUE-PREMIUM,600,,deny,manual,813.99,1249.00,TRUE,TRUE,
ipad-air-13-inch-m3,iPad Air 13-inch (M3),,,,,,Condition,Premium,Storage,512GB Wi-Fi + Cellular,Color,Purple,IPAD-AIR-13-INCH-M3-512GBWI-FIPLUSCELLULAR-PURPLE-PREMIUM,600,,deny,manual,813.99,1249.00,TRUE,TRUE,
ipad-air-13-inch-m3,iPad Air 13-inch (M3),,,,,,Condition,Premium,Storage,512GB Wi-Fi + Cellular,Color,Starlight,IPAD-AIR-13-INCH-M3-512GBWI-FIPLUSCELLULAR-STARLIGHT-PREMIUM,600,,deny,manual,813.99,1249.00,TRUE,TRUE,
ipad-air-13-inch-m3,iPad Air 13-inch (M3),,,,,,Condition,Premium,Storage,1TB Wi-Fi,Color,Space Gray,IPAD-AIR-13-INCH-M3-1TBWI-FI-SPACEGRAY-PREMIUM,600,,deny,manual,835.99,1299.00,TRUE,TRUE,
ipad-air-13-inch-m3,iPad Air 13-inch (M3),,,,,,Condition,Premium,Storage,1TB Wi-Fi,Color,Blue,IPAD-AIR-13-INCH-M3-1TBWI-FI-BLUE-PREMIUM,600,,deny,manual,835.99,1299.00,TRUE,TRUE,
ipad-air-13-inch-m3,iPad Air 13-inch (M3),,,,,,Condition,Premium,Storage,1TB Wi-Fi,Color,Purple,IPAD-AIR-13-INCH-M3-1TBWI-FI-PURPLE-PREMIUM,600,,deny,manual,835.99,1299.00,TRUE,TRUE,
ipad-air-13-inch-m3,iPad Air 13-inch (M3),,,,,,Condition,Premium,Storage,1TB Wi-Fi,Color,Starlight,IPAD-AIR-13-INCH-M3-1TBWI-FI-STARLIGHT-PREMIUM,600,,deny,manual,835.99,1299.00,TRUE,TRUE,
ipad-air-13-inch-m3,iPad Air 13-inch (M3),,,,,,Condition,Premium,Storage,1TB Wi-Fi + Cellular,Color,Space Gray,IPAD-AIR-13-INCH-M3-1TBWI-FIPLUSCELLULAR-SPACEGRAY-PREMIUM,600,,deny,manual,903.99,1449.00,TRUE,TRUE,
ipad-air-13-inch-m3,iPad Air 13-inch (M3),,,,,,Condition,Premium,Storage,1TB Wi-Fi + Cellular,Color,Blue,IPAD-AIR-13-INCH-M3-1TBWI-FIPLUSCELLULAR-BLUE-PREMIUM,600,,deny,manual,903.99,1449.00,TRUE,TRUE,
ipad-air-13-inch-m3,iPad Air 13-inch (M3),,,,,,Condition,Premium,Storage,1TB Wi-Fi + Cellular,Color,Purple,IPAD-AIR-13-INCH-M3-1TBWI-FIPLUSCELLULAR-PURPLE-PREMIUM,600,,deny,manual,903.99,1449.00,TRUE,TRUE,
ipad-air-13-inch-m3,iPad Air 13-inch (M3),,,,,,Condition,Premium,Storage,1TB Wi-Fi + Cellular,Color,Starlight,IPAD-AIR-13-INCH-M3-1TBWI-FIPLUSCELLULAR-STARLIGHT-PREMIUM,600,,deny,manual,903.99,1449.00,TRUE,TRUE,
ipad-pro-11-inch-4th-gen-m2,"iPad Pro 11-inch (4th gen, M2)","<p>iPad Pro 11-inch (4th gen, M2). Professionally refurbished, tested on up to 100 points, wiped and reset. Cellular models are unlocked. 1-year warranty and free 30-day returns.</p><p><strong>Premium</strong> grade includes a brand-new battery.</p>",Apple,Tablet,"condition:refurbished, iPad, Apple, Tablets",TRUE,Condition,Fair,Storage,128GB Wi-Fi,Color,Space Gray,IPAD-PRO-11-INCH-4TH-GEN-M2-128GBWI-FI-SPACEGRAY-FAIR,600,,deny,manual,256.99,799.00,TRUE,TRUE,draft
ipad-pro-11-inch-4th-gen-m2,"iPad Pro 11-inch (4th gen, M2)",,,,,,Condition,Fair,Storage,128GB Wi-Fi,Color,Silver,IPAD-PRO-11-INCH-4TH-GEN-M2-128GBWI-FI-SILVER-FAIR,600,,deny,manual,256.99,799.00,TRUE,TRUE,
ipad-pro-11-inch-4th-gen-m2,"iPad Pro 11-inch (4th gen, M2)",,,,,,Condition,Fair,Storage,128GB Wi-Fi + Cellular,Color,Space Gray,IPAD-PRO-11-INCH-4TH-GEN-M2-128GBWI-FIPLUSCELLULAR-SPACEGRAY-FAIR,600,,deny,manual,346.99,999.00,TRUE,TRUE,
ipad-pro-11-inch-4th-gen-m2,"iPad Pro 11-inch (4th gen, M2)",,,,,,Condition,Fair,Storage,128GB Wi-Fi + Cellular,Color,Silver,IPAD-PRO-11-INCH-4TH-GEN-M2-128GBWI-FIPLUSCELLULAR-SILVER-FAIR,600,,deny,manual,346.99,999.00,TRUE,TRUE,
ipad-pro-11-inch-4th-gen-m2,"iPad Pro 11-inch (4th gen, M2)",,,,,,Condition,Fair,Storage,256GB Wi-Fi,Color,Space Gray,IPAD-PRO-11-INCH-4TH-GEN-M2-256GBWI-FI-SPACEGRAY-FAIR,600,,deny,manual,301.99,899.00,TRUE,TRUE,
ipad-pro-11-inch-4th-gen-m2,"iPad Pro 11-inch (4th gen, M2)",,,,,,Condition,Fair,Storage,256GB Wi-Fi,Color,Silver,IPAD-PRO-11-INCH-4TH-GEN-M2-256GBWI-FI-SILVER-FAIR,600,,deny,manual,301.99,899.00,TRUE,TRUE,
ipad-pro-11-inch-4th-gen-m2,"iPad Pro 11-inch (4th gen, M2)",,,,,,Condition,Fair,Storage,256GB Wi-Fi + Cellular,Color,Space Gray,IPAD-PRO-11-INCH-4TH-GEN-M2-256GBWI-FIPLUSCELLULAR-SPACEGRAY-FAIR,600,,deny,manual,391.99,1099.00,TRUE,TRUE,
ipad-pro-11-inch-4th-gen-m2,"iPad Pro 11-inch (4th gen, M2)",,,,,,Condition,Fair,Storage,256GB Wi-Fi + Cellular,Color,Silver,IPAD-PRO-11-INCH-4TH-GEN-M2-256GBWI-FIPLUSCELLULAR-SILVER-FAIR,600,,deny,manual,391.99,1099.00,TRUE,TRUE,
ipad-pro-11-inch-4th-gen-m2,"iPad Pro 11-inch (4th gen, M2)",,,,,,Condition,Fair,Storage,512GB Wi-Fi,Color,Space Gray,IPAD-PRO-11-INCH-4TH-GEN-M2-512GBWI-FI-SPACEGRAY-FAIR,600,,deny,manual,391.99,1099.00,TRUE,TRUE,
ipad-pro-11-inch-4th-gen-m2,"iPad Pro 11-inch (4th gen, M2)",,,,,,Condition,Fair,Storage,512GB Wi-Fi,Color,Silver,IPAD-PRO-11-INCH-4TH-GEN-M2-512GBWI-FI-SILVER-FAIR,600,,deny,manual,391.99,1099.00,TRUE,TRUE,
ipad-pro-11-inch-4th-gen-m2,"iPad Pro 11-inch (4th gen, M2)",,,,,,Condition,Fair,Storage,512GB Wi-Fi + Cellular,Color,Space Gray,IPAD-PRO-11-INCH-4TH-GEN-M2-512GBWI-FIPLUSCELLULAR-SPACEGRAY-FAIR,600,,deny,manual,481.99,1299.00,TRUE,TRUE,
ipad-pro-11-inch-4th-gen-m2,"iPad Pro 11-inch (4th gen, M2)",,,,,,Condition,Fair,Storage,512GB Wi-Fi + Cellular,Color,Silver,IPAD-PRO-11-INCH-4TH-GEN-M2-512GBWI-FIPLUSCELLULAR-SILVER-FAIR,600,,deny,manual,481.99,1299.00,TRUE,TRUE,
ipad-pro-11-inch-4th-gen-m2,"iPad Pro 11-inch (4th gen, M2)",,,,,,Condition,Fair,Storage,1TB Wi-Fi,Color,Space Gray,IPAD-PRO-11-INCH-4TH-GEN-M2-1TBWI-FI-SPACEGRAY-FAIR,600,,deny,manual,571.99,1499.00,TRUE,TRUE,
ipad-pro-11-inch-4th-gen-m2,"iPad Pro 11-inch (4th gen, M2)",,,,,,Condition,Fair,Storage,1TB Wi-Fi,Color,Silver,IPAD-PRO-11-INCH-4TH-GEN-M2-1TBWI-FI-SILVER-FAIR,600,,deny,manual,571.99,1499.00,TRUE,TRUE,
ipad-pro-11-inch-4th-gen-m2,"iPad Pro 11-inch (4th gen, M2)",,,,,,Condition,Fair,Storage,1TB Wi-Fi + Cellular,Color,Space Gray,IPAD-PRO-11-INCH-4TH-GEN-M2-1TBWI-FIPLUSCELLULAR-SPACEGRAY-FAIR,600,,deny,manual,661.99,1699.00,TRUE,TRUE,
ipad-pro-11-inch-4th-gen-m2,"iPad Pro 11-inch (4th gen, M2)",,,,,,Condition,Fair,Storage,1TB Wi-Fi + Cellular,Color,Silver,IPAD-PRO-11-INCH-4TH-GEN-M2-1TBWI-FIPLUSCELLULAR-SILVER-FAIR,600,,deny,manual,661.99,1699.00,TRUE,TRUE,
ipad-pro-11-inch-4th-gen-m2,"iPad Pro 11-inch (4th gen, M2)",,,,,,Condition,Fair,Storage,2TB Wi-Fi,Color,Space Gray,IPAD-PRO-11-INCH-4TH-GEN-M2-2TBWI-FI-SPACEGRAY-FAIR,600,,deny,manual,751.99,1899.00,TRUE,TRUE,
ipad-pro-11-inch-4th-gen-m2,"iPad Pro 11-inch (4th gen, M2)",,,,,,Condition,Fair,Storage,2TB Wi-Fi,Color,Silver,IPAD-PRO-11-INCH-4TH-GEN-M2-2TBWI-FI-SILVER-FAIR,600,,deny,manual,751.99,1899.00,TRUE,TRUE,
ipad-pro-11-inch-4th-gen-m2,"iPad Pro 11-inch (4th gen, M2)",,,,,,Condition,Fair,Storage,2TB Wi-Fi + Cellular,Color,Space Gray,IPAD-PRO-11-INCH-4TH-GEN-M2-2TBWI-FIPLUSCELLULAR-SPACEGRAY-FAIR,600,,deny,manual,841.99,2099.00,TRUE,TRUE,
ipad-pro-11-inch-4th-gen-m2,"iPad Pro 11-inch (4th gen, M2)",,,,,,Condition,Fair,Storage,2TB Wi-Fi + Cellular,Color,Silver,IPAD-PRO-11-INCH-4TH-GEN-M2-2TBWI-FIPLUSCELLULAR-SILVER-FAIR,600,,deny,manual,841.99,2099.00,TRUE,TRUE,
ipad-pro-11-inch-4th-gen-m2,"iPad Pro 11-inch (4th gen, M2)",,,,,,Condition,Good,Storage,128GB Wi-Fi,Color,Space Gray,IPAD-PRO-11-INCH-4TH-GEN-M2-128GBWI-FI-SPACEGRAY-GOOD,600,,deny,manual,284.99,799.00,TRUE,TRUE,
ipad-pro-11-inch-4th-gen-m2,"iPad Pro 11-inch (4th gen, M2)",,,,,,Condition,Good,Storage,128GB Wi-Fi,Color,Silver,IPAD-PRO-11-INCH-4TH-GEN-M2-128GBWI-FI-SILVER-GOOD,600,,deny,manual,284.99,799.00,TRUE,TRUE,
ipad-pro-11-inch-4th-gen-m2,"iPad Pro 11-inch (4th gen, M2)",,,,,,Condition,Good,Storage,128GB Wi-Fi + Cellular,Color,Space Gray,IPAD-PRO-11-INCH-4TH-GEN-M2-128GBWI-FIPLUSCELLULAR-SPACEGRAY-GOOD,600,,deny,manual,374.99,999.00,TRUE,TRUE,
ipad-pro-11-inch-4th-gen-m2,"iPad Pro 11-inch (4th gen, M2)",,,,,,Condition,Good,Storage,128GB Wi-Fi + Cellular,Color,Silver,IPAD-PRO-11-INCH-4TH-GEN-M2-128GBWI-FIPLUSCELLULAR-SILVER-GOOD,600,,deny,manual,374.99,999.00,TRUE,TRUE,
ipad-pro-11-inch-4th-gen-m2,"iPad Pro 11-inch (4th gen, M2)",,,,,,Condition,Good,Storage,256GB Wi-Fi,Color,Space Gray,IPAD-PRO-11-INCH-4TH-GEN-M2-256GBWI-FI-SPACEGRAY-GOOD,600,,deny,manual,329.99,899.00,TRUE,TRUE,
ipad-pro-11-inch-4th-gen-m2,"iPad Pro 11-inch (4th gen, M2)",,,,,,Condition,Good,Storage,256GB Wi-Fi,Color,Silver,IPAD-PRO-11-INCH-4TH-GEN-M2-256GBWI-FI-SILVER-GOOD,600,,deny,manual,329.99,899.00,TRUE,TRUE,
ipad-pro-11-inch-4th-gen-m2,"iPad Pro 11-inch (4th gen, M2)",,,,,,Condition,Good,Storage,256GB Wi-Fi + Cellular,Color,Space Gray,IPAD-PRO-11-INCH-4TH-GEN-M2-256GBWI-FIPLUSCELLULAR-SPACEGRAY-GOOD,600,,deny,manual,419.99,1099.00,TRUE,TRUE,
ipad-pro-11-inch-4th-gen-m2,"iPad Pro 11-inch (4th gen, M2)",,,,,,Condition,Good,Storage,256GB Wi-Fi + Cellular,Color,Silver,IPAD-PRO-11-INCH-4TH-GEN-M2-256GBWI-FIPLUSCELLULAR-SILVER-GOOD,600,,deny,manual,419.99,1099.00,TRUE,TRUE,
ipad-pro-11-inch-4th-gen-m2,"iPad Pro 11-inch (4th gen, M2)",,,,,,Condition,Good,Storage,512GB Wi-Fi,Color,Space Gray,IPAD-PRO-11-INCH-4TH-GEN-M2-512GBWI-FI-SPACEGRAY-GOOD,600,,deny,manual,419.99,1099.00,TRUE,TRUE,
ipad-pro-11-inch-4th-gen-m2,"iPad Pro 11-inch (4th gen, M2)",,,,,,Condition,Good,Storage,512GB Wi-Fi,Color,Silver,IPAD-PRO-11-INCH-4TH-GEN-M2-512GBWI-FI-SILVER-GOOD,600,,deny,manual,419.99,1099.00,TRUE,TRUE,
ipad-pro-11-inch-4th-gen-m2,"iPad Pro 11-inch (4th gen, M2)",,,,,,Condition,Good,Storage,512GB Wi-Fi + Cellular,Color,Space Gray,IPAD-PRO-11-INCH-4TH-GEN-M2-512GBWI-FIPLUSCELLULAR-SPACEGRAY-GOOD,600,,deny,manual,509.99,1299.00,TRUE,TRUE,
ipad-pro-11-inch-4th-gen-m2,"iPad Pro 11-inch (4th gen, M2)",,,,,,Condition,Good,Storage,512GB Wi-Fi + Cellular,Color,Silver,IPAD-PRO-11-INCH-4TH-GEN-M2-512GBWI-FIPLUSCELLULAR-SILVER-GOOD,600,,deny,manual,509.99,1299.00,TRUE,TRUE,
ipad-pro-11-inch-4th-gen-m2,"iPad Pro 11-inch (4th gen, M2)",,,,,,Condition,Good,Storage,1TB Wi-Fi,Color,Space Gray,IPAD-PRO-11-INCH-4TH-GEN-M2-1TBWI-FI-SPACEGRAY-GOOD,600,,deny,manual,599.99,1499.00,TRUE,TRUE,
ipad-pro-11-inch-4th-gen-m2,"iPad Pro 11-inch (4th gen, M2)",,,,,,Condition,Good,Storage,1TB Wi-Fi,Color,Silver,IPAD-PRO-11-INCH-4TH-GEN-M2-1TBWI-FI-SILVER-GOOD,600,,deny,manual,599.99,1499.00,TRUE,TRUE,
ipad-pro-11-inch-4th-gen-m2,"iPad Pro 11-inch (4th gen, M2)",,,,,,Condition,Good,Storage,1TB Wi-Fi + Cellular,Color,Space Gray,IPAD-PRO-11-INCH-4TH-GEN-M2-1TBWI-FIPLUSCELLULAR-SPACEGRAY-GOOD,600,,deny,manual,689.99,1699.00,TRUE,TRUE,
ipad-pro-11-inch-4th-gen-m2,"iPad Pro 11-inch (4th gen, M2)",,,,,,Condition,Good,Storage,1TB Wi-Fi + Cellular,Color,Silver,IPAD-PRO-11-INCH-4TH-GEN-M2-1TBWI-FIPLUSCELLULAR-SILVER-GOOD,600,,deny,manual,689.99,1699.00,TRUE,TRUE,
ipad-pro-11-inch-4th-gen-m2,"iPad Pro 11-inch (4th gen, M2)",,,,,,Condition,Good,Storage,2TB Wi-Fi,Color,Space Gray,IPAD-PRO-11-INCH-4TH-GEN-M2-2TBWI-FI-SPACEGRAY-GOOD,600,,deny,manual,779.99,1899.00,TRUE,TRUE,
ipad-pro-11-inch-4th-gen-m2,"iPad Pro 11-inch (4th gen, M2)",,,,,,Condition,Good,Storage,2TB Wi-Fi,Color,Silver,IPAD-PRO-11-INCH-4TH-GEN-M2-2TBWI-FI-SILVER-GOOD,600,,deny,manual,779.99,1899.00,TRUE,TRUE,
ipad-pro-11-inch-4th-gen-m2,"iPad Pro 11-inch (4th gen, M2)",,,,,,Condition,Good,Storage,2TB Wi-Fi + Cellular,Color,Space Gray,IPAD-PRO-11-INCH-4TH-GEN-M2-2TBWI-FIPLUSCELLULAR-SPACEGRAY-GOOD,600,,deny,manual,869.99,2099.00,TRUE,TRUE,
ipad-pro-11-inch-4th-gen-m2,"iPad Pro 11-inch (4th gen, M2)",,,,,,Condition,Good,Storage,2TB Wi-Fi + Cellular,Color,Silver,IPAD-PRO-11-INCH-4TH-GEN-M2-2TBWI-FIPLUSCELLULAR-SILVER-GOOD,600,,deny,manual,869.99,2099.00,TRUE,TRUE,
ipad-pro-11-inch-4th-gen-m2,"iPad Pro 11-inch (4th gen, M2)",,,,,,Condition,Excellent,Storage,128GB Wi-Fi,Color,Space Gray,IPAD-PRO-11-INCH-4TH-GEN-M2-128GBWI-FI-SPACEGRAY-EXCELLENT,600,,deny,manual,318.99,799.00,TRUE,TRUE,
ipad-pro-11-inch-4th-gen-m2,"iPad Pro 11-inch (4th gen, M2)",,,,,,Condition,Excellent,Storage,128GB Wi-Fi,Color,Silver,IPAD-PRO-11-INCH-4TH-GEN-M2-128GBWI-FI-SILVER-EXCELLENT,600,,deny,manual,318.99,799.00,TRUE,TRUE,
ipad-pro-11-inch-4th-gen-m2,"iPad Pro 11-inch (4th gen, M2)",,,,,,Condition,Excellent,Storage,128GB Wi-Fi + Cellular,Color,Space Gray,IPAD-PRO-11-INCH-4TH-GEN-M2-128GBWI-FIPLUSCELLULAR-SPACEGRAY-EXCELLENT,600,,deny,manual,408.99,999.00,TRUE,TRUE,
ipad-pro-11-inch-4th-gen-m2,"iPad Pro 11-inch (4th gen, M2)",,,,,,Condition,Excellent,Storage,128GB Wi-Fi + Cellular,Color,Silver,IPAD-PRO-11-INCH-4TH-GEN-M2-128GBWI-FIPLUSCELLULAR-SILVER-EXCELLENT,600,,deny,manual,408.99,999.00,TRUE,TRUE,
ipad-pro-11-inch-4th-gen-m2,"iPad Pro 11-inch (4th gen, M2)",,,,,,Condition,Excellent,Storage,256GB Wi-Fi,Color,Space Gray,IPAD-PRO-11-INCH-4TH-GEN-M2-256GBWI-FI-SPACEGRAY-EXCELLENT,600,,deny,manual,363.99,899.00,TRUE,TRUE,
ipad-pro-11-inch-4th-gen-m2,"iPad Pro 11-inch (4th gen, M2)",,,,,,Condition,Excellent,Storage,256GB Wi-Fi,Color,Silver,IPAD-PRO-11-INCH-4TH-GEN-M2-256GBWI-FI-SILVER-EXCELLENT,600,,deny,manual,363.99,899.00,TRUE,TRUE,
ipad-pro-11-inch-4th-gen-m2,"iPad Pro 11-inch (4th gen, M2)",,,,,,Condition,Excellent,Storage,256GB Wi-Fi + Cellular,Color,Space Gray,IPAD-PRO-11-INCH-4TH-GEN-M2-256GBWI-FIPLUSCELLULAR-SPACEGRAY-EXCELLENT,600,,deny,manual,453.99,1099.00,TRUE,TRUE,
ipad-pro-11-inch-4th-gen-m2,"iPad Pro 11-inch (4th gen, M2)",,,,,,Condition,Excellent,Storage,256GB Wi-Fi + Cellular,Color,Silver,IPAD-PRO-11-INCH-4TH-GEN-M2-256GBWI-FIPLUSCELLULAR-SILVER-EXCELLENT,600,,deny,manual,453.99,1099.00,TRUE,TRUE,
ipad-pro-11-inch-4th-gen-m2,"iPad Pro 11-inch (4th gen, M2)",,,,,,Condition,Excellent,Storage,512GB Wi-Fi,Color,Space Gray,IPAD-PRO-11-INCH-4TH-GEN-M2-512GBWI-FI-SPACEGRAY-EXCELLENT,600,,deny,manual,453.99,1099.00,TRUE,TRUE,
ipad-pro-11-inch-4th-gen-m2,"iPad Pro 11-inch (4th gen, M2)",,,,,,Condition,Excellent,Storage,512GB Wi-Fi,Color,Silver,IPAD-PRO-11-INCH-4TH-GEN-M2-512GBWI-FI-SILVER-EXCELLENT,600,,deny,manual,453.99,1099.00,TRUE,TRUE,
ipad-pro-11-inch-4th-gen-m2,"iPad Pro 11-inch (4th gen, M2)",,,,,,Condition,Excellent,Storage,512GB Wi-Fi + Cellular,Color,Space Gray,IPAD-PRO-11-INCH-4TH-GEN-M2-512GBWI-FIPLUSCELLULAR-SPACEGRAY-EXCELLENT,600,,deny,manual,543.99,1299.00,TRUE,TRUE,
ipad-pro-11-inch-4th-gen-m2,"iPad Pro 11-inch (4th gen, M2)",,,,,,Condition,Excellent,Storage,512GB Wi-Fi + Cellular,Color,Silver,IPAD-PRO-11-INCH-4TH-GEN-M2-512GBWI-FIPLUSCELLULAR-SILVER-EXCELLENT,600,,deny,manual,543.99,1299.00,TRUE,TRUE,
ipad-pro-11-inch-4th-gen-m2,"iPad Pro 11-inch (4th gen, M2)",,,,,,Condition,Excellent,Storage,1TB Wi-Fi,Color,Space Gray,IPAD-PRO-11-INCH-4TH-GEN-M2-1TBWI-FI-SPACEGRAY-EXCELLENT,600,,deny,manual,633.99,1499.00,TRUE,TRUE,
ipad-pro-11-inch-4th-gen-m2,"iPad Pro 11-inch (4th gen, M2)",,,,,,Condition,Excellent,Storage,1TB Wi-Fi,Color,Silver,IPAD-PRO-11-INCH-4TH-GEN-M2-1TBWI-FI-SILVER-EXCELLENT,600,,deny,manual,633.99,1499.00,TRUE,TRUE,
ipad-pro-11-inch-4th-gen-m2,"iPad Pro 11-inch (4th gen, M2)",,,,,,Condition,Excellent,Storage,1TB Wi-Fi + Cellular,Color,Space Gray,IPAD-PRO-11-INCH-4TH-GEN-M2-1TBWI-FIPLUSCELLULAR-SPACEGRAY-EXCELLENT,600,,deny,manual,723.99,1699.00,TRUE,TRUE,
ipad-pro-11-inch-4th-gen-m2,"iPad Pro 11-inch (4th gen, M2)",,,,,,Condition,Excellent,Storage,1TB Wi-Fi + Cellular,Color,Silver,IPAD-PRO-11-INCH-4TH-GEN-M2-1TBWI-FIPLUSCELLULAR-SILVER-EXCELLENT,600,,deny,manual,723.99,1699.00,TRUE,TRUE,
ipad-pro-11-inch-4th-gen-m2,"iPad Pro 11-inch (4th gen, M2)",,,,,,Condition,Excellent,Storage,2TB Wi-Fi,Color,Space Gray,IPAD-PRO-11-INCH-4TH-GEN-M2-2TBWI-FI-SPACEGRAY-EXCELLENT,600,,deny,manual,813.99,1899.00,TRUE,TRUE,
ipad-pro-11-inch-4th-gen-m2,"iPad Pro 11-inch (4th gen, M2)",,,,,,Condition,Excellent,Storage,2TB Wi-Fi,Color,Silver,IPAD-PRO-11-INCH-4TH-GEN-M2-2TBWI-FI-SILVER-EXCELLENT,600,,deny,manual,813.99,1899.00,TRUE,TRUE,
ipad-pro-11-inch-4th-gen-m2,"iPad Pro 11-inch (4th gen, M2)",,,,,,Condition,Excellent,Storage,2TB Wi-Fi + Cellular,Color,Space Gray,IPAD-PRO-11-INCH-4TH-GEN-M2-2TBWI-FIPLUSCELLULAR-SPACEGRAY-EXCELLENT,600,,deny,manual,903.99,2099.00,TRUE,TRUE,
ipad-pro-11-inch-4th-gen-m2,"iPad Pro 11-inch (4th gen, M2)",,,,,,Condition,Excellent,Storage,2TB Wi-Fi + Cellular,Color,Silver,IPAD-PRO-11-INCH-4TH-GEN-M2-2TBWI-FIPLUSCELLULAR-SILVER-EXCELLENT,600,,deny,manual,903.99,2099.00,TRUE,TRUE,
ipad-pro-11-inch-4th-gen-m2,"iPad Pro 11-inch (4th gen, M2)",,,,,,Condition,Premium,Storage,128GB Wi-Fi,Color,Space Gray,IPAD-PRO-11-INCH-4TH-GEN-M2-128GBWI-FI-SPACEGRAY-PREMIUM,600,,deny,manual,356.99,799.00,TRUE,TRUE,
ipad-pro-11-inch-4th-gen-m2,"iPad Pro 11-inch (4th gen, M2)",,,,,,Condition,Premium,Storage,128GB Wi-Fi,Color,Silver,IPAD-PRO-11-INCH-4TH-GEN-M2-128GBWI-FI-SILVER-PREMIUM,600,,deny,manual,356.99,799.00,TRUE,TRUE,
ipad-pro-11-inch-4th-gen-m2,"iPad Pro 11-inch (4th gen, M2)",,,,,,Condition,Premium,Storage,128GB Wi-Fi + Cellular,Color,Space Gray,IPAD-PRO-11-INCH-4TH-GEN-M2-128GBWI-FIPLUSCELLULAR-SPACEGRAY-PREMIUM,600,,deny,manual,446.99,999.00,TRUE,TRUE,
ipad-pro-11-inch-4th-gen-m2,"iPad Pro 11-inch (4th gen, M2)",,,,,,Condition,Premium,Storage,128GB Wi-Fi + Cellular,Color,Silver,IPAD-PRO-11-INCH-4TH-GEN-M2-128GBWI-FIPLUSCELLULAR-SILVER-PREMIUM,600,,deny,manual,446.99,999.00,TRUE,TRUE,
ipad-pro-11-inch-4th-gen-m2,"iPad Pro 11-inch (4th gen, M2)",,,,,,Condition,Premium,Storage,256GB Wi-Fi,Color,Space Gray,IPAD-PRO-11-INCH-4TH-GEN-M2-256GBWI-FI-SPACEGRAY-PREMIUM,600,,deny,manual,401.99,899.00,TRUE,TRUE,
ipad-pro-11-inch-4th-gen-m2,"iPad Pro 11-inch (4th gen, M2)",,,,,,Condition,Premium,Storage,256GB Wi-Fi,Color,Silver,IPAD-PRO-11-INCH-4TH-GEN-M2-256GBWI-FI-SILVER-PREMIUM,600,,deny,manual,401.99,899.00,TRUE,TRUE,
ipad-pro-11-inch-4th-gen-m2,"iPad Pro 11-inch (4th gen, M2)",,,,,,Condition,Premium,Storage,256GB Wi-Fi + Cellular,Color,Space Gray,IPAD-PRO-11-INCH-4TH-GEN-M2-256GBWI-FIPLUSCELLULAR-SPACEGRAY-PREMIUM,600,,deny,manual,491.99,1099.00,TRUE,TRUE,
ipad-pro-11-inch-4th-gen-m2,"iPad Pro 11-inch (4th gen, M2)",,,,,,Condition,Premium,Storage,256GB Wi-Fi + Cellular,Color,Silver,IPAD-PRO-11-INCH-4TH-GEN-M2-256GBWI-FIPLUSCELLULAR-SILVER-PREMIUM,600,,deny,manual,491.99,1099.00,TRUE,TRUE,
ipad-pro-11-inch-4th-gen-m2,"iPad Pro 11-inch (4th gen, M2)",,,,,,Condition,Premium,Storage,512GB Wi-Fi,Color,Space Gray,IPAD-PRO-11-INCH-4TH-GEN-M2-512GBWI-FI-SPACEGRAY-PREMIUM,600,,deny,manual,491.99,1099.00,TRUE,TRUE,
ipad-pro-11-inch-4th-gen-m2,"iPad Pro 11-inch (4th gen, M2)",,,,,,Condition,Premium,Storage,512GB Wi-Fi,Color,Silver,IPAD-PRO-11-INCH-4TH-GEN-M2-512GBWI-FI-SILVER-PREMIUM,600,,deny,manual,491.99,1099.00,TRUE,TRUE,
ipad-pro-11-inch-4th-gen-m2,"iPad Pro 11-inch (4th gen, M2)",,,,,,Condition,Premium,Storage,512GB Wi-Fi + Cellular,Color,Space Gray,IPAD-PRO-11-INCH-4TH-GEN-M2-512GBWI-FIPLUSCELLULAR-SPACEGRAY-PREMIUM,600,,deny,manual,581.99,1299.00,TRUE,TRUE,
ipad-pro-11-inch-4th-gen-m2,"iPad Pro 11-inch (4th gen, M2)",,,,,,Condition,Premium,Storage,512GB Wi-Fi + Cellular,Color,Silver,IPAD-PRO-11-INCH-4TH-GEN-M2-512GBWI-FIPLUSCELLULAR-SILVER-PREMIUM,600,,deny,manual,581.99,1299.00,TRUE,TRUE,
ipad-pro-11-inch-4th-gen-m2,"iPad Pro 11-inch (4th gen, M2)",,,,,,Condition,Premium,Storage,1TB Wi-Fi,Color,Space Gray,IPAD-PRO-11-INCH-4TH-GEN-M2-1TBWI-FI-SPACEGRAY-PREMIUM,600,,deny,manual,671.99,1499.00,TRUE,TRUE,
ipad-pro-11-inch-4th-gen-m2,"iPad Pro 11-inch (4th gen, M2)",,,,,,Condition,Premium,Storage,1TB Wi-Fi,Color,Silver,IPAD-PRO-11-INCH-4TH-GEN-M2-1TBWI-FI-SILVER-PREMIUM,600,,deny,manual,671.99,1499.00,TRUE,TRUE,
ipad-pro-11-inch-4th-gen-m2,"iPad Pro 11-inch (4th gen, M2)",,,,,,Condition,Premium,Storage,1TB Wi-Fi + Cellular,Color,Space Gray,IPAD-PRO-11-INCH-4TH-GEN-M2-1TBWI-FIPLUSCELLULAR-SPACEGRAY-PREMIUM,600,,deny,manual,761.99,1699.00,TRUE,TRUE,
ipad-pro-11-inch-4th-gen-m2,"iPad Pro 11-inch (4th gen, M2)",,,,,,Condition,Premium,Storage,1TB Wi-Fi + Cellular,Color,Silver,IPAD-PRO-11-INCH-4TH-GEN-M2-1TBWI-FIPLUSCELLULAR-SILVER-PREMIUM,600,,deny,manual,761.99,1699.00,TRUE,TRUE,
ipad-pro-11-inch-4th-gen-m2,"iPad Pro 11-inch (4th gen, M2)",,,,,,Condition,Premium,Storage,2TB Wi-Fi,Color,Space Gray,IPAD-PRO-11-INCH-4TH-GEN-M2-2TBWI-FI-SPACEGRAY-PREMIUM,600,,deny,manual,851.99,1899.00,TRUE,TRUE,
ipad-pro-11-inch-4th-gen-m2,"iPad Pro 11-inch (4th gen, M2)",,,,,,Condition,Premium,Storage,2TB Wi-Fi,Color,Silver,IPAD-PRO-11-INCH-4TH-GEN-M2-2TBWI-FI-SILVER-PREMIUM,600,,deny,manual,851.99,1899.00,TRUE,TRUE,
ipad-pro-11-inch-4th-gen-m2,"iPad Pro 11-inch (4th gen, M2)",,,,,,Condition,Premium,Storage,2TB Wi-Fi + Cellular,Color,Space Gray,IPAD-PRO-11-INCH-4TH-GEN-M2-2TBWI-FIPLUSCELLULAR-SPACEGRAY-PREMIUM,600,,deny,manual,941.99,2099.00,TRUE,TRUE,
ipad-pro-11-inch-4th-gen-m2,"iPad Pro 11-inch (4th gen, M2)",,,,,,Condition,Premium,Storage,2TB Wi-Fi + Cellular,Color,Silver,IPAD-PRO-11-INCH-4TH-GEN-M2-2TBWI-FIPLUSCELLULAR-SILVER-PREMIUM,600,,deny,manual,941.99,2099.00,TRUE,TRUE,
ipad-pro-12-9-inch-6th-gen-m2,"iPad Pro 12.9-inch (6th gen, M2)","<p>iPad Pro 12.9-inch (6th gen, M2). Professionally refurbished, tested on up to 100 points, wiped and reset. Cellular models are unlocked. 1-year warranty and free 30-day returns.</p><p><strong>Premium</strong> grade includes a brand-new battery.</p>",Apple,Tablet,"condition:refurbished, iPad, Apple, Tablets",TRUE,Condition,Fair,Storage,128GB Wi-Fi,Color,Space Gray,IPAD-PRO-12-9-INCH-6TH-GEN-M2-128GBWI-FI-SPACEGRAY-FAIR,600,,deny,manual,352.99,1099.00,TRUE,TRUE,draft
ipad-pro-12-9-inch-6th-gen-m2,"iPad Pro 12.9-inch (6th gen, M2)",,,,,,Condition,Fair,Storage,128GB Wi-Fi,Color,Silver,IPAD-PRO-12-9-INCH-6TH-GEN-M2-128GBWI-FI-SILVER-FAIR,600,,deny,manual,352.99,1099.00,TRUE,TRUE,
ipad-pro-12-9-inch-6th-gen-m2,"iPad Pro 12.9-inch (6th gen, M2)",,,,,,Condition,Fair,Storage,128GB Wi-Fi + Cellular,Color,Space Gray,IPAD-PRO-12-9-INCH-6TH-GEN-M2-128GBWI-FIPLUSCELLULAR-SPACEGRAY-FAIR,600,,deny,manual,442.99,1299.00,TRUE,TRUE,
ipad-pro-12-9-inch-6th-gen-m2,"iPad Pro 12.9-inch (6th gen, M2)",,,,,,Condition,Fair,Storage,128GB Wi-Fi + Cellular,Color,Silver,IPAD-PRO-12-9-INCH-6TH-GEN-M2-128GBWI-FIPLUSCELLULAR-SILVER-FAIR,600,,deny,manual,442.99,1299.00,TRUE,TRUE,
ipad-pro-12-9-inch-6th-gen-m2,"iPad Pro 12.9-inch (6th gen, M2)",,,,,,Condition,Fair,Storage,256GB Wi-Fi,Color,Space Gray,IPAD-PRO-12-9-INCH-6TH-GEN-M2-256GBWI-FI-SPACEGRAY-FAIR,600,,deny,manual,397.99,1199.00,TRUE,TRUE,
ipad-pro-12-9-inch-6th-gen-m2,"iPad Pro 12.9-inch (6th gen, M2)",,,,,,Condition,Fair,Storage,256GB Wi-Fi,Color,Silver,IPAD-PRO-12-9-INCH-6TH-GEN-M2-256GBWI-FI-SILVER-FAIR,600,,deny,manual,397.99,1199.00,TRUE,TRUE,
ipad-pro-12-9-inch-6th-gen-m2,"iPad Pro 12.9-inch (6th gen, M2)",,,,,,Condition,Fair,Storage,256GB Wi-Fi + Cellular,Color,Space Gray,IPAD-PRO-12-9-INCH-6TH-GEN-M2-256GBWI-FIPLUSCELLULAR-SPACEGRAY-FAIR,600,,deny,manual,487.99,1399.00,TRUE,TRUE,
ipad-pro-12-9-inch-6th-gen-m2,"iPad Pro 12.9-inch (6th gen, M2)",,,,,,Condition,Fair,Storage,256GB Wi-Fi + Cellular,Color,Silver,IPAD-PRO-12-9-INCH-6TH-GEN-M2-256GBWI-FIPLUSCELLULAR-SILVER-FAIR,600,,deny,manual,487.99,1399.00,TRUE,TRUE,
ipad-pro-12-9-inch-6th-gen-m2,"iPad Pro 12.9-inch (6th gen, M2)",,,,,,Condition,Fair,Storage,512GB Wi-Fi,Color,Space Gray,IPAD-PRO-12-9-INCH-6TH-GEN-M2-512GBWI-FI-SPACEGRAY-FAIR,600,,deny,manual,487.99,1399.00,TRUE,TRUE,
ipad-pro-12-9-inch-6th-gen-m2,"iPad Pro 12.9-inch (6th gen, M2)",,,,,,Condition,Fair,Storage,512GB Wi-Fi,Color,Silver,IPAD-PRO-12-9-INCH-6TH-GEN-M2-512GBWI-FI-SILVER-FAIR,600,,deny,manual,487.99,1399.00,TRUE,TRUE,
ipad-pro-12-9-inch-6th-gen-m2,"iPad Pro 12.9-inch (6th gen, M2)",,,,,,Condition,Fair,Storage,512GB Wi-Fi + Cellular,Color,Space Gray,IPAD-PRO-12-9-INCH-6TH-GEN-M2-512GBWI-FIPLUSCELLULAR-SPACEGRAY-FAIR,600,,deny,manual,577.99,1599.00,TRUE,TRUE,
ipad-pro-12-9-inch-6th-gen-m2,"iPad Pro 12.9-inch (6th gen, M2)",,,,,,Condition,Fair,Storage,512GB Wi-Fi + Cellular,Color,Silver,IPAD-PRO-12-9-INCH-6TH-GEN-M2-512GBWI-FIPLUSCELLULAR-SILVER-FAIR,600,,deny,manual,577.99,1599.00,TRUE,TRUE,
ipad-pro-12-9-inch-6th-gen-m2,"iPad Pro 12.9-inch (6th gen, M2)",,,,,,Condition,Fair,Storage,1TB Wi-Fi,Color,Space Gray,IPAD-PRO-12-9-INCH-6TH-GEN-M2-1TBWI-FI-SPACEGRAY-FAIR,600,,deny,manual,667.99,1799.00,TRUE,TRUE,
ipad-pro-12-9-inch-6th-gen-m2,"iPad Pro 12.9-inch (6th gen, M2)",,,,,,Condition,Fair,Storage,1TB Wi-Fi,Color,Silver,IPAD-PRO-12-9-INCH-6TH-GEN-M2-1TBWI-FI-SILVER-FAIR,600,,deny,manual,667.99,1799.00,TRUE,TRUE,
ipad-pro-12-9-inch-6th-gen-m2,"iPad Pro 12.9-inch (6th gen, M2)",,,,,,Condition,Fair,Storage,1TB Wi-Fi + Cellular,Color,Space Gray,IPAD-PRO-12-9-INCH-6TH-GEN-M2-1TBWI-FIPLUSCELLULAR-SPACEGRAY-FAIR,600,,deny,manual,757.99,1999.00,TRUE,TRUE,
ipad-pro-12-9-inch-6th-gen-m2,"iPad Pro 12.9-inch (6th gen, M2)",,,,,,Condition,Fair,Storage,1TB Wi-Fi + Cellular,Color,Silver,IPAD-PRO-12-9-INCH-6TH-GEN-M2-1TBWI-FIPLUSCELLULAR-SILVER-FAIR,600,,deny,manual,757.99,1999.00,TRUE,TRUE,
ipad-pro-12-9-inch-6th-gen-m2,"iPad Pro 12.9-inch (6th gen, M2)",,,,,,Condition,Fair,Storage,2TB Wi-Fi,Color,Space Gray,IPAD-PRO-12-9-INCH-6TH-GEN-M2-2TBWI-FI-SPACEGRAY-FAIR,600,,deny,manual,847.99,2199.00,TRUE,TRUE,
ipad-pro-12-9-inch-6th-gen-m2,"iPad Pro 12.9-inch (6th gen, M2)",,,,,,Condition,Fair,Storage,2TB Wi-Fi,Color,Silver,IPAD-PRO-12-9-INCH-6TH-GEN-M2-2TBWI-FI-SILVER-FAIR,600,,deny,manual,847.99,2199.00,TRUE,TRUE,
ipad-pro-12-9-inch-6th-gen-m2,"iPad Pro 12.9-inch (6th gen, M2)",,,,,,Condition,Fair,Storage,2TB Wi-Fi + Cellular,Color,Space Gray,IPAD-PRO-12-9-INCH-6TH-GEN-M2-2TBWI-FIPLUSCELLULAR-SPACEGRAY-FAIR,600,,deny,manual,937.99,2399.00,TRUE,TRUE,
ipad-pro-12-9-inch-6th-gen-m2,"iPad Pro 12.9-inch (6th gen, M2)",,,,,,Condition,Fair,Storage,2TB Wi-Fi + Cellular,Color,Silver,IPAD-PRO-12-9-INCH-6TH-GEN-M2-2TBWI-FIPLUSCELLULAR-SILVER-FAIR,600,,deny,manual,937.99,2399.00,TRUE,TRUE,
ipad-pro-12-9-inch-6th-gen-m2,"iPad Pro 12.9-inch (6th gen, M2)",,,,,,Condition,Good,Storage,128GB Wi-Fi,Color,Space Gray,IPAD-PRO-12-9-INCH-6TH-GEN-M2-128GBWI-FI-SPACEGRAY-GOOD,600,,deny,manual,391.99,1099.00,TRUE,TRUE,
ipad-pro-12-9-inch-6th-gen-m2,"iPad Pro 12.9-inch (6th gen, M2)",,,,,,Condition,Good,Storage,128GB Wi-Fi,Color,Silver,IPAD-PRO-12-9-INCH-6TH-GEN-M2-128GBWI-FI-SILVER-GOOD,600,,deny,manual,391.99,1099.00,TRUE,TRUE,
ipad-pro-12-9-inch-6th-gen-m2,"iPad Pro 12.9-inch (6th gen, M2)",,,,,,Condition,Good,Storage,128GB Wi-Fi + Cellular,Color,Space Gray,IPAD-PRO-12-9-INCH-6TH-GEN-M2-128GBWI-FIPLUSCELLULAR-SPACEGRAY-GOOD,600,,deny,manual,481.99,1299.00,TRUE,TRUE,
ipad-pro-12-9-inch-6th-gen-m2,"iPad Pro 12.9-inch (6th gen, M2)",,,,,,Condition,Good,Storage,128GB Wi-Fi + Cellular,Color,Silver,IPAD-PRO-12-9-INCH-6TH-GEN-M2-128GBWI-FIPLUSCELLULAR-SILVER-GOOD,600,,deny,manual,481.99,1299.00,TRUE,TRUE,
ipad-pro-12-9-inch-6th-gen-m2,"iPad Pro 12.9-inch (6th gen, M2)",,,,,,Condition,Good,Storage,256GB Wi-Fi,Color,Space Gray,IPAD-PRO-12-9-INCH-6TH-GEN-M2-256GBWI-FI-SPACEGRAY-GOOD,600,,deny,manual,436.99,1199.00,TRUE,TRUE,
ipad-pro-12-9-inch-6th-gen-m2,"iPad Pro 12.9-inch (6th gen, M2)",,,,,,Condition,Good,Storage,256GB Wi-Fi,Color,Silver,IPAD-PRO-12-9-INCH-6TH-GEN-M2-256GBWI-FI-SILVER-GOOD,600,,deny,manual,436.99,1199.00,TRUE,TRUE,
ipad-pro-12-9-inch-6th-gen-m2,"iPad Pro 12.9-inch (6th gen, M2)",,,,,,Condition,Good,Storage,256GB Wi-Fi + Cellular,Color,Space Gray,IPAD-PRO-12-9-INCH-6TH-GEN-M2-256GBWI-FIPLUSCELLULAR-SPACEGRAY-GOOD,600,,deny,manual,526.99,1399.00,TRUE,TRUE,
ipad-pro-12-9-inch-6th-gen-m2,"iPad Pro 12.9-inch (6th gen, M2)",,,,,,Condition,Good,Storage,256GB Wi-Fi + Cellular,Color,Silver,IPAD-PRO-12-9-INCH-6TH-GEN-M2-256GBWI-FIPLUSCELLULAR-SILVER-GOOD,600,,deny,manual,526.99,1399.00,TRUE,TRUE,
ipad-pro-12-9-inch-6th-gen-m2,"iPad Pro 12.9-inch (6th gen, M2)",,,,,,Condition,Good,Storage,512GB Wi-Fi,Color,Space Gray,IPAD-PRO-12-9-INCH-6TH-GEN-M2-512GBWI-FI-SPACEGRAY-GOOD,600,,deny,manual,526.99,1399.00,TRUE,TRUE,
ipad-pro-12-9-inch-6th-gen-m2,"iPad Pro 12.9-inch (6th gen, M2)",,,,,,Condition,Good,Storage,512GB Wi-Fi,Color,Silver,IPAD-PRO-12-9-INCH-6TH-GEN-M2-512GBWI-FI-SILVER-GOOD,600,,deny,manual,526.99,1399.00,TRUE,TRUE,
ipad-pro-12-9-inch-6th-gen-m2,"iPad Pro 12.9-inch (6th gen, M2)",,,,,,Condition,Good,Storage,512GB Wi-Fi + Cellular,Color,Space Gray,IPAD-PRO-12-9-INCH-6TH-GEN-M2-512GBWI-FIPLUSCELLULAR-SPACEGRAY-GOOD,600,,deny,manual,616.99,1599.00,TRUE,TRUE,
ipad-pro-12-9-inch-6th-gen-m2,"iPad Pro 12.9-inch (6th gen, M2)",,,,,,Condition,Good,Storage,512GB Wi-Fi + Cellular,Color,Silver,IPAD-PRO-12-9-INCH-6TH-GEN-M2-512GBWI-FIPLUSCELLULAR-SILVER-GOOD,600,,deny,manual,616.99,1599.00,TRUE,TRUE,
ipad-pro-12-9-inch-6th-gen-m2,"iPad Pro 12.9-inch (6th gen, M2)",,,,,,Condition,Good,Storage,1TB Wi-Fi,Color,Space Gray,IPAD-PRO-12-9-INCH-6TH-GEN-M2-1TBWI-FI-SPACEGRAY-GOOD,600,,deny,manual,706.99,1799.00,TRUE,TRUE,
ipad-pro-12-9-inch-6th-gen-m2,"iPad Pro 12.9-inch (6th gen, M2)",,,,,,Condition,Good,Storage,1TB Wi-Fi,Color,Silver,IPAD-PRO-12-9-INCH-6TH-GEN-M2-1TBWI-FI-SILVER-GOOD,600,,deny,manual,706.99,1799.00,TRUE,TRUE,
ipad-pro-12-9-inch-6th-gen-m2,"iPad Pro 12.9-inch (6th gen, M2)",,,,,,Condition,Good,Storage,1TB Wi-Fi + Cellular,Color,Space Gray,IPAD-PRO-12-9-INCH-6TH-GEN-M2-1TBWI-FIPLUSCELLULAR-SPACEGRAY-GOOD,600,,deny,manual,796.99,1999.00,TRUE,TRUE,
ipad-pro-12-9-inch-6th-gen-m2,"iPad Pro 12.9-inch (6th gen, M2)",,,,,,Condition,Good,Storage,1TB Wi-Fi + Cellular,Color,Silver,IPAD-PRO-12-9-INCH-6TH-GEN-M2-1TBWI-FIPLUSCELLULAR-SILVER-GOOD,600,,deny,manual,796.99,1999.00,TRUE,TRUE,
ipad-pro-12-9-inch-6th-gen-m2,"iPad Pro 12.9-inch (6th gen, M2)",,,,,,Condition,Good,Storage,2TB Wi-Fi,Color,Space Gray,IPAD-PRO-12-9-INCH-6TH-GEN-M2-2TBWI-FI-SPACEGRAY-GOOD,600,,deny,manual,886.99,2199.00,TRUE,TRUE,
ipad-pro-12-9-inch-6th-gen-m2,"iPad Pro 12.9-inch (6th gen, M2)",,,,,,Condition,Good,Storage,2TB Wi-Fi,Color,Silver,IPAD-PRO-12-9-INCH-6TH-GEN-M2-2TBWI-FI-SILVER-GOOD,600,,deny,manual,886.99,2199.00,TRUE,TRUE,
ipad-pro-12-9-inch-6th-gen-m2,"iPad Pro 12.9-inch (6th gen, M2)",,,,,,Condition,Good,Storage,2TB Wi-Fi + Cellular,Color,Space Gray,IPAD-PRO-12-9-INCH-6TH-GEN-M2-2TBWI-FIPLUSCELLULAR-SPACEGRAY-GOOD,600,,deny,manual,976.99,2399.00,TRUE,TRUE,
ipad-pro-12-9-inch-6th-gen-m2,"iPad Pro 12.9-inch (6th gen, M2)",,,,,,Condition,Good,Storage,2TB Wi-Fi + Cellular,Color,Silver,IPAD-PRO-12-9-INCH-6TH-GEN-M2-2TBWI-FIPLUSCELLULAR-SILVER-GOOD,600,,deny,manual,976.99,2399.00,TRUE,TRUE,
ipad-pro-12-9-inch-6th-gen-m2,"iPad Pro 12.9-inch (6th gen, M2)",,,,,,Condition,Excellent,Storage,128GB Wi-Fi,Color,Space Gray,IPAD-PRO-12-9-INCH-6TH-GEN-M2-128GBWI-FI-SPACEGRAY-EXCELLENT,600,,deny,manual,438.99,1099.00,TRUE,TRUE,
ipad-pro-12-9-inch-6th-gen-m2,"iPad Pro 12.9-inch (6th gen, M2)",,,,,,Condition,Excellent,Storage,128GB Wi-Fi,Color,Silver,IPAD-PRO-12-9-INCH-6TH-GEN-M2-128GBWI-FI-SILVER-EXCELLENT,600,,deny,manual,438.99,1099.00,TRUE,TRUE,
ipad-pro-12-9-inch-6th-gen-m2,"iPad Pro 12.9-inch (6th gen, M2)",,,,,,Condition,Excellent,Storage,128GB Wi-Fi + Cellular,Color,Space Gray,IPAD-PRO-12-9-INCH-6TH-GEN-M2-128GBWI-FIPLUSCELLULAR-SPACEGRAY-EXCELLENT,600,,deny,manual,528.99,1299.00,TRUE,TRUE,
ipad-pro-12-9-inch-6th-gen-m2,"iPad Pro 12.9-inch (6th gen, M2)",,,,,,Condition,Excellent,Storage,128GB Wi-Fi + Cellular,Color,Silver,IPAD-PRO-12-9-INCH-6TH-GEN-M2-128GBWI-FIPLUSCELLULAR-SILVER-EXCELLENT,600,,deny,manual,528.99,1299.00,TRUE,TRUE,
ipad-pro-12-9-inch-6th-gen-m2,"iPad Pro 12.9-inch (6th gen, M2)",,,,,,Condition,Excellent,Storage,256GB Wi-Fi,Color,Space Gray,IPAD-PRO-12-9-INCH-6TH-GEN-M2-256GBWI-FI-SPACEGRAY-EXCELLENT,600,,deny,manual,483.99,1199.00,TRUE,TRUE,
ipad-pro-12-9-inch-6th-gen-m2,"iPad Pro 12.9-inch (6th gen, M2)",,,,,,Condition,Excellent,Storage,256GB Wi-Fi,Color,Silver,IPAD-PRO-12-9-INCH-6TH-GEN-M2-256GBWI-FI-SILVER-EXCELLENT,600,,deny,manual,483.99,1199.00,TRUE,TRUE,
ipad-pro-12-9-inch-6th-gen-m2,"iPad Pro 12.9-inch (6th gen, M2)",,,,,,Condition,Excellent,Storage,256GB Wi-Fi + Cellular,Color,Space Gray,IPAD-PRO-12-9-INCH-6TH-GEN-M2-256GBWI-FIPLUSCELLULAR-SPACEGRAY-EXCELLENT,600,,deny,manual,573.99,1399.00,TRUE,TRUE,
ipad-pro-12-9-inch-6th-gen-m2,"iPad Pro 12.9-inch (6th gen, M2)",,,,,,Condition,Excellent,Storage,256GB Wi-Fi + Cellular,Color,Silver,IPAD-PRO-12-9-INCH-6TH-GEN-M2-256GBWI-FIPLUSCELLULAR-SILVER-EXCELLENT,600,,deny,manual,573.99,1399.00,TRUE,TRUE,
ipad-pro-12-9-inch-6th-gen-m2,"iPad Pro 12.9-inch (6th gen, M2)",,,,,,Condition,Excellent,Storage,512GB Wi-Fi,Color,Space Gray,IPAD-PRO-12-9-INCH-6TH-GEN-M2-512GBWI-FI-SPACEGRAY-EXCELLENT,600,,deny,manual,573.99,1399.00,TRUE,TRUE,
ipad-pro-12-9-inch-6th-gen-m2,"iPad Pro 12.9-inch (6th gen, M2)",,,,,,Condition,Excellent,Storage,512GB Wi-Fi,Color,Silver,IPAD-PRO-12-9-INCH-6TH-GEN-M2-512GBWI-FI-SILVER-EXCELLENT,600,,deny,manual,573.99,1399.00,TRUE,TRUE,
ipad-pro-12-9-inch-6th-gen-m2,"iPad Pro 12.9-inch (6th gen, M2)",,,,,,Condition,Excellent,Storage,512GB Wi-Fi + Cellular,Color,Space Gray,IPAD-PRO-12-9-INCH-6TH-GEN-M2-512GBWI-FIPLUSCELLULAR-SPACEGRAY-EXCELLENT,600,,deny,manual,663.99,1599.00,TRUE,TRUE,
ipad-pro-12-9-inch-6th-gen-m2,"iPad Pro 12.9-inch (6th gen, M2)",,,,,,Condition,Excellent,Storage,512GB Wi-Fi + Cellular,Color,Silver,IPAD-PRO-12-9-INCH-6TH-GEN-M2-512GBWI-FIPLUSCELLULAR-SILVER-EXCELLENT,600,,deny,manual,663.99,1599.00,TRUE,TRUE,
ipad-pro-12-9-inch-6th-gen-m2,"iPad Pro 12.9-inch (6th gen, M2)",,,,,,Condition,Excellent,Storage,1TB Wi-Fi,Color,Space Gray,IPAD-PRO-12-9-INCH-6TH-GEN-M2-1TBWI-FI-SPACEGRAY-EXCELLENT,600,,deny,manual,753.99,1799.00,TRUE,TRUE,
ipad-pro-12-9-inch-6th-gen-m2,"iPad Pro 12.9-inch (6th gen, M2)",,,,,,Condition,Excellent,Storage,1TB Wi-Fi,Color,Silver,IPAD-PRO-12-9-INCH-6TH-GEN-M2-1TBWI-FI-SILVER-EXCELLENT,600,,deny,manual,753.99,1799.00,TRUE,TRUE,
ipad-pro-12-9-inch-6th-gen-m2,"iPad Pro 12.9-inch (6th gen, M2)",,,,,,Condition,Excellent,Storage,1TB Wi-Fi + Cellular,Color,Space Gray,IPAD-PRO-12-9-INCH-6TH-GEN-M2-1TBWI-FIPLUSCELLULAR-SPACEGRAY-EXCELLENT,600,,deny,manual,843.99,1999.00,TRUE,TRUE,
ipad-pro-12-9-inch-6th-gen-m2,"iPad Pro 12.9-inch (6th gen, M2)",,,,,,Condition,Excellent,Storage,1TB Wi-Fi + Cellular,Color,Silver,IPAD-PRO-12-9-INCH-6TH-GEN-M2-1TBWI-FIPLUSCELLULAR-SILVER-EXCELLENT,600,,deny,manual,843.99,1999.00,TRUE,TRUE,
ipad-pro-12-9-inch-6th-gen-m2,"iPad Pro 12.9-inch (6th gen, M2)",,,,,,Condition,Excellent,Storage,2TB Wi-Fi,Color,Space Gray,IPAD-PRO-12-9-INCH-6TH-GEN-M2-2TBWI-FI-SPACEGRAY-EXCELLENT,600,,deny,manual,933.99,2199.00,TRUE,TRUE,
ipad-pro-12-9-inch-6th-gen-m2,"iPad Pro 12.9-inch (6th gen, M2)",,,,,,Condition,Excellent,Storage,2TB Wi-Fi,Color,Silver,IPAD-PRO-12-9-INCH-6TH-GEN-M2-2TBWI-FI-SILVER-EXCELLENT,600,,deny,manual,933.99,2199.00,TRUE,TRUE,
ipad-pro-12-9-inch-6th-gen-m2,"iPad Pro 12.9-inch (6th gen, M2)",,,,,,Condition,Excellent,Storage,2TB Wi-Fi + Cellular,Color,Space Gray,IPAD-PRO-12-9-INCH-6TH-GEN-M2-2TBWI-FIPLUSCELLULAR-SPACEGRAY-EXCELLENT,600,,deny,manual,1023.99,2399.00,TRUE,TRUE,
ipad-pro-12-9-inch-6th-gen-m2,"iPad Pro 12.9-inch (6th gen, M2)",,,,,,Condition,Excellent,Storage,2TB Wi-Fi + Cellular,Color,Silver,IPAD-PRO-12-9-INCH-6TH-GEN-M2-2TBWI-FIPLUSCELLULAR-SILVER-EXCELLENT,600,,deny,manual,1023.99,2399.00,TRUE,TRUE,
ipad-pro-12-9-inch-6th-gen-m2,"iPad Pro 12.9-inch (6th gen, M2)",,,,,,Condition,Premium,Storage,128GB Wi-Fi,Color,Space Gray,IPAD-PRO-12-9-INCH-6TH-GEN-M2-128GBWI-FI-SPACEGRAY-PREMIUM,600,,deny,manual,489.99,1099.00,TRUE,TRUE,
ipad-pro-12-9-inch-6th-gen-m2,"iPad Pro 12.9-inch (6th gen, M2)",,,,,,Condition,Premium,Storage,128GB Wi-Fi,Color,Silver,IPAD-PRO-12-9-INCH-6TH-GEN-M2-128GBWI-FI-SILVER-PREMIUM,600,,deny,manual,489.99,1099.00,TRUE,TRUE,
ipad-pro-12-9-inch-6th-gen-m2,"iPad Pro 12.9-inch (6th gen, M2)",,,,,,Condition,Premium,Storage,128GB Wi-Fi + Cellular,Color,Space Gray,IPAD-PRO-12-9-INCH-6TH-GEN-M2-128GBWI-FIPLUSCELLULAR-SPACEGRAY-PREMIUM,600,,deny,manual,579.99,1299.00,TRUE,TRUE,
ipad-pro-12-9-inch-6th-gen-m2,"iPad Pro 12.9-inch (6th gen, M2)",,,,,,Condition,Premium,Storage,128GB Wi-Fi + Cellular,Color,Silver,IPAD-PRO-12-9-INCH-6TH-GEN-M2-128GBWI-FIPLUSCELLULAR-SILVER-PREMIUM,600,,deny,manual,579.99,1299.00,TRUE,TRUE,
ipad-pro-12-9-inch-6th-gen-m2,"iPad Pro 12.9-inch (6th gen, M2)",,,,,,Condition,Premium,Storage,256GB Wi-Fi,Color,Space Gray,IPAD-PRO-12-9-INCH-6TH-GEN-M2-256GBWI-FI-SPACEGRAY-PREMIUM,600,,deny,manual,534.99,1199.00,TRUE,TRUE,
ipad-pro-12-9-inch-6th-gen-m2,"iPad Pro 12.9-inch (6th gen, M2)",,,,,,Condition,Premium,Storage,256GB Wi-Fi,Color,Silver,IPAD-PRO-12-9-INCH-6TH-GEN-M2-256GBWI-FI-SILVER-PREMIUM,600,,deny,manual,534.99,1199.00,TRUE,TRUE,
ipad-pro-12-9-inch-6th-gen-m2,"iPad Pro 12.9-inch (6th gen, M2)",,,,,,Condition,Premium,Storage,256GB Wi-Fi + Cellular,Color,Space Gray,IPAD-PRO-12-9-INCH-6TH-GEN-M2-256GBWI-FIPLUSCELLULAR-SPACEGRAY-PREMIUM,600,,deny,manual,624.99,1399.00,TRUE,TRUE,
ipad-pro-12-9-inch-6th-gen-m2,"iPad Pro 12.9-inch (6th gen, M2)",,,,,,Condition,Premium,Storage,256GB Wi-Fi + Cellular,Color,Silver,IPAD-PRO-12-9-INCH-6TH-GEN-M2-256GBWI-FIPLUSCELLULAR-SILVER-PREMIUM,600,,deny,manual,624.99,1399.00,TRUE,TRUE,
ipad-pro-12-9-inch-6th-gen-m2,"iPad Pro 12.9-inch (6th gen, M2)",,,,,,Condition,Premium,Storage,512GB Wi-Fi,Color,Space Gray,IPAD-PRO-12-9-INCH-6TH-GEN-M2-512GBWI-FI-SPACEGRAY-PREMIUM,600,,deny,manual,624.99,1399.00,TRUE,TRUE,
ipad-pro-12-9-inch-6th-gen-m2,"iPad Pro 12.9-inch (6th gen, M2)",,,,,,Condition,Premium,Storage,512GB Wi-Fi,Color,Silver,IPAD-PRO-12-9-INCH-6TH-GEN-M2-512GBWI-FI-SILVER-PREMIUM,600,,deny,manual,624.99,1399.00,TRUE,TRUE,
ipad-pro-12-9-inch-6th-gen-m2,"iPad Pro 12.9-inch (6th gen, M2)",,,,,,Condition,Premium,Storage,512GB Wi-Fi + Cellular,Color,Space Gray,IPAD-PRO-12-9-INCH-6TH-GEN-M2-512GBWI-FIPLUSCELLULAR-SPACEGRAY-PREMIUM,600,,deny,manual,714.99,1599.00,TRUE,TRUE,
ipad-pro-12-9-inch-6th-gen-m2,"iPad Pro 12.9-inch (6th gen, M2)",,,,,,Condition,Premium,Storage,512GB Wi-Fi + Cellular,Color,Silver,IPAD-PRO-12-9-INCH-6TH-GEN-M2-512GBWI-FIPLUSCELLULAR-SILVER-PREMIUM,600,,deny,manual,714.99,1599.00,TRUE,TRUE,
ipad-pro-12-9-inch-6th-gen-m2,"iPad Pro 12.9-inch (6th gen, M2)",,,,,,Condition,Premium,Storage,1TB Wi-Fi,Color,Space Gray,IPAD-PRO-12-9-INCH-6TH-GEN-M2-1TBWI-FI-SPACEGRAY-PREMIUM,600,,deny,manual,804.99,1799.00,TRUE,TRUE,
ipad-pro-12-9-inch-6th-gen-m2,"iPad Pro 12.9-inch (6th gen, M2)",,,,,,Condition,Premium,Storage,1TB Wi-Fi,Color,Silver,IPAD-PRO-12-9-INCH-6TH-GEN-M2-1TBWI-FI-SILVER-PREMIUM,600,,deny,manual,804.99,1799.00,TRUE,TRUE,
ipad-pro-12-9-inch-6th-gen-m2,"iPad Pro 12.9-inch (6th gen, M2)",,,,,,Condition,Premium,Storage,1TB Wi-Fi + Cellular,Color,Space Gray,IPAD-PRO-12-9-INCH-6TH-GEN-M2-1TBWI-FIPLUSCELLULAR-SPACEGRAY-PREMIUM,600,,deny,manual,894.99,1999.00,TRUE,TRUE,
ipad-pro-12-9-inch-6th-gen-m2,"iPad Pro 12.9-inch (6th gen, M2)",,,,,,Condition,Premium,Storage,1TB Wi-Fi + Cellular,Color,Silver,IPAD-PRO-12-9-INCH-6TH-GEN-M2-1TBWI-FIPLUSCELLULAR-SILVER-PREMIUM,600,,deny,manual,894.99,1999.00,TRUE,TRUE,
ipad-pro-12-9-inch-6th-gen-m2,"iPad Pro 12.9-inch (6th gen, M2)",,,,,,Condition,Premium,Storage,2TB Wi-Fi,Color,Space Gray,IPAD-PRO-12-9-INCH-6TH-GEN-M2-2TBWI-FI-SPACEGRAY-PREMIUM,600,,deny,manual,984.99,2199.00,TRUE,TRUE,
ipad-pro-12-9-inch-6th-gen-m2,"iPad Pro 12.9-inch (6th gen, M2)",,,,,,Condition,Premium,Storage,2TB Wi-Fi,Color,Silver,IPAD-PRO-12-9-INCH-6TH-GEN-M2-2TBWI-FI-SILVER-PREMIUM,600,,deny,manual,984.99,2199.00,TRUE,TRUE,
ipad-pro-12-9-inch-6th-gen-m2,"iPad Pro 12.9-inch (6th gen, M2)",,,,,,Condition,Premium,Storage,2TB Wi-Fi + Cellular,Color,Space Gray,IPAD-PRO-12-9-INCH-6TH-GEN-M2-2TBWI-FIPLUSCELLULAR-SPACEGRAY-PREMIUM,600,,deny,manual,1074.99,2399.00,TRUE,TRUE,
ipad-pro-12-9-inch-6th-gen-m2,"iPad Pro 12.9-inch (6th gen, M2)",,,,,,Condition,Premium,Storage,2TB Wi-Fi + Cellular,Color,Silver,IPAD-PRO-12-9-INCH-6TH-GEN-M2-2TBWI-FIPLUSCELLULAR-SILVER-PREMIUM,600,,deny,manual,1074.99,2399.00,TRUE,TRUE,
ipad-pro-11-inch-m4,iPad Pro 11-inch (M4),"<p>iPad Pro 11-inch (M4). Professionally refurbished, tested on up to 100 points, wiped and reset. Cellular models are unlocked. 1-year warranty and free 30-day returns.</p><p><strong>Premium</strong> grade includes a brand-new battery.</p>",Apple,Tablet,"condition:refurbished, iPad, Apple, Tablets",TRUE,Condition,Fair,Storage,256GB Wi-Fi,Color,Space Black,IPAD-PRO-11-INCH-M4-256GBWI-FI-SPACEBLACK-FAIR,600,,deny,manual,458.99,999.00,TRUE,TRUE,draft
ipad-pro-11-inch-m4,iPad Pro 11-inch (M4),,,,,,Condition,Fair,Storage,256GB Wi-Fi,Color,Silver,IPAD-PRO-11-INCH-M4-256GBWI-FI-SILVER-FAIR,600,,deny,manual,458.99,999.00,TRUE,TRUE,
ipad-pro-11-inch-m4,iPad Pro 11-inch (M4),,,,,,Condition,Fair,Storage,256GB Wi-Fi + Cellular,Color,Space Black,IPAD-PRO-11-INCH-M4-256GBWI-FIPLUSCELLULAR-SPACEBLACK-FAIR,600,,deny,manual,548.99,1199.00,TRUE,TRUE,
ipad-pro-11-inch-m4,iPad Pro 11-inch (M4),,,,,,Condition,Fair,Storage,256GB Wi-Fi + Cellular,Color,Silver,IPAD-PRO-11-INCH-M4-256GBWI-FIPLUSCELLULAR-SILVER-FAIR,600,,deny,manual,548.99,1199.00,TRUE,TRUE,
ipad-pro-11-inch-m4,iPad Pro 11-inch (M4),,,,,,Condition,Fair,Storage,512GB Wi-Fi,Color,Space Black,IPAD-PRO-11-INCH-M4-512GBWI-FI-SPACEBLACK-FAIR,600,,deny,manual,548.99,1199.00,TRUE,TRUE,
ipad-pro-11-inch-m4,iPad Pro 11-inch (M4),,,,,,Condition,Fair,Storage,512GB Wi-Fi,Color,Silver,IPAD-PRO-11-INCH-M4-512GBWI-FI-SILVER-FAIR,600,,deny,manual,548.99,1199.00,TRUE,TRUE,
ipad-pro-11-inch-m4,iPad Pro 11-inch (M4),,,,,,Condition,Fair,Storage,512GB Wi-Fi + Cellular,Color,Space Black,IPAD-PRO-11-INCH-M4-512GBWI-FIPLUSCELLULAR-SPACEBLACK-FAIR,600,,deny,manual,638.99,1399.00,TRUE,TRUE,
ipad-pro-11-inch-m4,iPad Pro 11-inch (M4),,,,,,Condition,Fair,Storage,512GB Wi-Fi + Cellular,Color,Silver,IPAD-PRO-11-INCH-M4-512GBWI-FIPLUSCELLULAR-SILVER-FAIR,600,,deny,manual,638.99,1399.00,TRUE,TRUE,
ipad-pro-11-inch-m4,iPad Pro 11-inch (M4),,,,,,Condition,Fair,Storage,1TB Wi-Fi,Color,Space Black,IPAD-PRO-11-INCH-M4-1TBWI-FI-SPACEBLACK-FAIR,600,,deny,manual,728.99,1599.00,TRUE,TRUE,
ipad-pro-11-inch-m4,iPad Pro 11-inch (M4),,,,,,Condition,Fair,Storage,1TB Wi-Fi,Color,Silver,IPAD-PRO-11-INCH-M4-1TBWI-FI-SILVER-FAIR,600,,deny,manual,728.99,1599.00,TRUE,TRUE,
ipad-pro-11-inch-m4,iPad Pro 11-inch (M4),,,,,,Condition,Fair,Storage,1TB Wi-Fi + Cellular,Color,Space Black,IPAD-PRO-11-INCH-M4-1TBWI-FIPLUSCELLULAR-SPACEBLACK-FAIR,600,,deny,manual,818.99,1799.00,TRUE,TRUE,
ipad-pro-11-inch-m4,iPad Pro 11-inch (M4),,,,,,Condition,Fair,Storage,1TB Wi-Fi + Cellular,Color,Silver,IPAD-PRO-11-INCH-M4-1TBWI-FIPLUSCELLULAR-SILVER-FAIR,600,,deny,manual,818.99,1799.00,TRUE,TRUE,
ipad-pro-11-inch-m4,iPad Pro 11-inch (M4),,,,,,Condition,Fair,Storage,2TB Wi-Fi,Color,Space Black,IPAD-PRO-11-INCH-M4-2TBWI-FI-SPACEBLACK-FAIR,600,,deny,manual,908.99,1999.00,TRUE,TRUE,
ipad-pro-11-inch-m4,iPad Pro 11-inch (M4),,,,,,Condition,Fair,Storage,2TB Wi-Fi,Color,Silver,IPAD-PRO-11-INCH-M4-2TBWI-FI-SILVER-FAIR,600,,deny,manual,908.99,1999.00,TRUE,TRUE,
ipad-pro-11-inch-m4,iPad Pro 11-inch (M4),,,,,,Condition,Fair,Storage,2TB Wi-Fi + Cellular,Color,Space Black,IPAD-PRO-11-INCH-M4-2TBWI-FIPLUSCELLULAR-SPACEBLACK-FAIR,600,,deny,manual,998.99,2199.00,TRUE,TRUE,
ipad-pro-11-inch-m4,iPad Pro 11-inch (M4),,,,,,Condition,Fair,Storage,2TB Wi-Fi + Cellular,Color,Silver,IPAD-PRO-11-INCH-M4-2TBWI-FIPLUSCELLULAR-SILVER-FAIR,600,,deny,manual,998.99,2199.00,TRUE,TRUE,
ipad-pro-11-inch-m4,iPad Pro 11-inch (M4),,,,,,Condition,Good,Storage,256GB Wi-Fi,Color,Space Black,IPAD-PRO-11-INCH-M4-256GBWI-FI-SPACEBLACK-GOOD,600,,deny,manual,508.99,999.00,TRUE,TRUE,
ipad-pro-11-inch-m4,iPad Pro 11-inch (M4),,,,,,Condition,Good,Storage,256GB Wi-Fi,Color,Silver,IPAD-PRO-11-INCH-M4-256GBWI-FI-SILVER-GOOD,600,,deny,manual,508.99,999.00,TRUE,TRUE,
ipad-pro-11-inch-m4,iPad Pro 11-inch (M4),,,,,,Condition,Good,Storage,256GB Wi-Fi + Cellular,Color,Space Black,IPAD-PRO-11-INCH-M4-256GBWI-FIPLUSCELLULAR-SPACEBLACK-GOOD,600,,deny,manual,598.99,1199.00,TRUE,TRUE,
ipad-pro-11-inch-m4,iPad Pro 11-inch (M4),,,,,,Condition,Good,Storage,256GB Wi-Fi + Cellular,Color,Silver,IPAD-PRO-11-INCH-M4-256GBWI-FIPLUSCELLULAR-SILVER-GOOD,600,,deny,manual,598.99,1199.00,TRUE,TRUE,
ipad-pro-11-inch-m4,iPad Pro 11-inch (M4),,,,,,Condition,Good,Storage,512GB Wi-Fi,Color,Space Black,IPAD-PRO-11-INCH-M4-512GBWI-FI-SPACEBLACK-GOOD,600,,deny,manual,598.99,1199.00,TRUE,TRUE,
ipad-pro-11-inch-m4,iPad Pro 11-inch (M4),,,,,,Condition,Good,Storage,512GB Wi-Fi,Color,Silver,IPAD-PRO-11-INCH-M4-512GBWI-FI-SILVER-GOOD,600,,deny,manual,598.99,1199.00,TRUE,TRUE,
ipad-pro-11-inch-m4,iPad Pro 11-inch (M4),,,,,,Condition,Good,Storage,512GB Wi-Fi + Cellular,Color,Space Black,IPAD-PRO-11-INCH-M4-512GBWI-FIPLUSCELLULAR-SPACEBLACK-GOOD,600,,deny,manual,688.99,1399.00,TRUE,TRUE,
ipad-pro-11-inch-m4,iPad Pro 11-inch (M4),,,,,,Condition,Good,Storage,512GB Wi-Fi + Cellular,Color,Silver,IPAD-PRO-11-INCH-M4-512GBWI-FIPLUSCELLULAR-SILVER-GOOD,600,,deny,manual,688.99,1399.00,TRUE,TRUE,
ipad-pro-11-inch-m4,iPad Pro 11-inch (M4),,,,,,Condition,Good,Storage,1TB Wi-Fi,Color,Space Black,IPAD-PRO-11-INCH-M4-1TBWI-FI-SPACEBLACK-GOOD,600,,deny,manual,778.99,1599.00,TRUE,TRUE,
ipad-pro-11-inch-m4,iPad Pro 11-inch (M4),,,,,,Condition,Good,Storage,1TB Wi-Fi,Color,Silver,IPAD-PRO-11-INCH-M4-1TBWI-FI-SILVER-GOOD,600,,deny,manual,778.99,1599.00,TRUE,TRUE,
ipad-pro-11-inch-m4,iPad Pro 11-inch (M4),,,,,,Condition,Good,Storage,1TB Wi-Fi + Cellular,Color,Space Black,IPAD-PRO-11-INCH-M4-1TBWI-FIPLUSCELLULAR-SPACEBLACK-GOOD,600,,deny,manual,868.99,1799.00,TRUE,TRUE,
ipad-pro-11-inch-m4,iPad Pro 11-inch (M4),,,,,,Condition,Good,Storage,1TB Wi-Fi + Cellular,Color,Silver,IPAD-PRO-11-INCH-M4-1TBWI-FIPLUSCELLULAR-SILVER-GOOD,600,,deny,manual,868.99,1799.00,TRUE,TRUE,
ipad-pro-11-inch-m4,iPad Pro 11-inch (M4),,,,,,Condition,Good,Storage,2TB Wi-Fi,Color,Space Black,IPAD-PRO-11-INCH-M4-2TBWI-FI-SPACEBLACK-GOOD,600,,deny,manual,958.99,1999.00,TRUE,TRUE,
ipad-pro-11-inch-m4,iPad Pro 11-inch (M4),,,,,,Condition,Good,Storage,2TB Wi-Fi,Color,Silver,IPAD-PRO-11-INCH-M4-2TBWI-FI-SILVER-GOOD,600,,deny,manual,958.99,1999.00,TRUE,TRUE,
ipad-pro-11-inch-m4,iPad Pro 11-inch (M4),,,,,,Condition,Good,Storage,2TB Wi-Fi + Cellular,Color,Space Black,IPAD-PRO-11-INCH-M4-2TBWI-FIPLUSCELLULAR-SPACEBLACK-GOOD,600,,deny,manual,1048.99,2199.00,TRUE,TRUE,
ipad-pro-11-inch-m4,iPad Pro 11-inch (M4),,,,,,Condition,Good,Storage,2TB Wi-Fi + Cellular,Color,Silver,IPAD-PRO-11-INCH-M4-2TBWI-FIPLUSCELLULAR-SILVER-GOOD,600,,deny,manual,1048.99,2199.00,TRUE,TRUE,
ipad-pro-11-inch-m4,iPad Pro 11-inch (M4),,,,,,Condition,Excellent,Storage,256GB Wi-Fi,Color,Space Black,IPAD-PRO-11-INCH-M4-256GBWI-FI-SPACEBLACK-EXCELLENT,600,,deny,manual,570.99,999.00,TRUE,TRUE,
ipad-pro-11-inch-m4,iPad Pro 11-inch (M4),,,,,,Condition,Excellent,Storage,256GB Wi-Fi,Color,Silver,IPAD-PRO-11-INCH-M4-256GBWI-FI-SILVER-EXCELLENT,600,,deny,manual,570.99,999.00,TRUE,TRUE,
ipad-pro-11-inch-m4,iPad Pro 11-inch (M4),,,,,,Condition,Excellent,Storage,256GB Wi-Fi + Cellular,Color,Space Black,IPAD-PRO-11-INCH-M4-256GBWI-FIPLUSCELLULAR-SPACEBLACK-EXCELLENT,600,,deny,manual,660.99,1199.00,TRUE,TRUE,
ipad-pro-11-inch-m4,iPad Pro 11-inch (M4),,,,,,Condition,Excellent,Storage,256GB Wi-Fi + Cellular,Color,Silver,IPAD-PRO-11-INCH-M4-256GBWI-FIPLUSCELLULAR-SILVER-EXCELLENT,600,,deny,manual,660.99,1199.00,TRUE,TRUE,
ipad-pro-11-inch-m4,iPad Pro 11-inch (M4),,,,,,Condition,Excellent,Storage,512GB Wi-Fi,Color,Space Black,IPAD-PRO-11-INCH-M4-512GBWI-FI-SPACEBLACK-EXCELLENT,600,,deny,manual,660.99,1199.00,TRUE,TRUE,
ipad-pro-11-inch-m4,iPad Pro 11-inch (M4),,,,,,Condition,Excellent,Storage,512GB Wi-Fi,Color,Silver,IPAD-PRO-11-INCH-M4-512GBWI-FI-SILVER-EXCELLENT,600,,deny,manual,660.99,1199.00,TRUE,TRUE,
ipad-pro-11-inch-m4,iPad Pro 11-inch (M4),,,,,,Condition,Excellent,Storage,512GB Wi-Fi + Cellular,Color,Space Black,IPAD-PRO-11-INCH-M4-512GBWI-FIPLUSCELLULAR-SPACEBLACK-EXCELLENT,600,,deny,manual,750.99,1399.00,TRUE,TRUE,
ipad-pro-11-inch-m4,iPad Pro 11-inch (M4),,,,,,Condition,Excellent,Storage,512GB Wi-Fi + Cellular,Color,Silver,IPAD-PRO-11-INCH-M4-512GBWI-FIPLUSCELLULAR-SILVER-EXCELLENT,600,,deny,manual,750.99,1399.00,TRUE,TRUE,
ipad-pro-11-inch-m4,iPad Pro 11-inch (M4),,,,,,Condition,Excellent,Storage,1TB Wi-Fi,Color,Space Black,IPAD-PRO-11-INCH-M4-1TBWI-FI-SPACEBLACK-EXCELLENT,600,,deny,manual,840.99,1599.00,TRUE,TRUE,
ipad-pro-11-inch-m4,iPad Pro 11-inch (M4),,,,,,Condition,Excellent,Storage,1TB Wi-Fi,Color,Silver,IPAD-PRO-11-INCH-M4-1TBWI-FI-SILVER-EXCELLENT,600,,deny,manual,840.99,1599.00,TRUE,TRUE,
ipad-pro-11-inch-m4,iPad Pro 11-inch (M4),,,,,,Condition,Excellent,Storage,1TB Wi-Fi + Cellular,Color,Space Black,IPAD-PRO-11-INCH-M4-1TBWI-FIPLUSCELLULAR-SPACEBLACK-EXCELLENT,600,,deny,manual,930.99,1799.00,TRUE,TRUE,
ipad-pro-11-inch-m4,iPad Pro 11-inch (M4),,,,,,Condition,Excellent,Storage,1TB Wi-Fi + Cellular,Color,Silver,IPAD-PRO-11-INCH-M4-1TBWI-FIPLUSCELLULAR-SILVER-EXCELLENT,600,,deny,manual,930.99,1799.00,TRUE,TRUE,
ipad-pro-11-inch-m4,iPad Pro 11-inch (M4),,,,,,Condition,Excellent,Storage,2TB Wi-Fi,Color,Space Black,IPAD-PRO-11-INCH-M4-2TBWI-FI-SPACEBLACK-EXCELLENT,600,,deny,manual,1020.99,1999.00,TRUE,TRUE,
ipad-pro-11-inch-m4,iPad Pro 11-inch (M4),,,,,,Condition,Excellent,Storage,2TB Wi-Fi,Color,Silver,IPAD-PRO-11-INCH-M4-2TBWI-FI-SILVER-EXCELLENT,600,,deny,manual,1020.99,1999.00,TRUE,TRUE,
ipad-pro-11-inch-m4,iPad Pro 11-inch (M4),,,,,,Condition,Excellent,Storage,2TB Wi-Fi + Cellular,Color,Space Black,IPAD-PRO-11-INCH-M4-2TBWI-FIPLUSCELLULAR-SPACEBLACK-EXCELLENT,600,,deny,manual,1110.99,2199.00,TRUE,TRUE,
ipad-pro-11-inch-m4,iPad Pro 11-inch (M4),,,,,,Condition,Excellent,Storage,2TB Wi-Fi + Cellular,Color,Silver,IPAD-PRO-11-INCH-M4-2TBWI-FIPLUSCELLULAR-SILVER-EXCELLENT,600,,deny,manual,1110.99,2199.00,TRUE,TRUE,
ipad-pro-11-inch-m4,iPad Pro 11-inch (M4),,,,,,Condition,Premium,Storage,256GB Wi-Fi,Color,Space Black,IPAD-PRO-11-INCH-M4-256GBWI-FI-SPACEBLACK-PREMIUM,600,,deny,manual,636.99,999.00,TRUE,TRUE,
ipad-pro-11-inch-m4,iPad Pro 11-inch (M4),,,,,,Condition,Premium,Storage,256GB Wi-Fi,Color,Silver,IPAD-PRO-11-INCH-M4-256GBWI-FI-SILVER-PREMIUM,600,,deny,manual,636.99,999.00,TRUE,TRUE,
ipad-pro-11-inch-m4,iPad Pro 11-inch (M4),,,,,,Condition,Premium,Storage,256GB Wi-Fi + Cellular,Color,Space Black,IPAD-PRO-11-INCH-M4-256GBWI-FIPLUSCELLULAR-SPACEBLACK-PREMIUM,600,,deny,manual,726.99,1199.00,TRUE,TRUE,
ipad-pro-11-inch-m4,iPad Pro 11-inch (M4),,,,,,Condition,Premium,Storage,256GB Wi-Fi + Cellular,Color,Silver,IPAD-PRO-11-INCH-M4-256GBWI-FIPLUSCELLULAR-SILVER-PREMIUM,600,,deny,manual,726.99,1199.00,TRUE,TRUE,
ipad-pro-11-inch-m4,iPad Pro 11-inch (M4),,,,,,Condition,Premium,Storage,512GB Wi-Fi,Color,Space Black,IPAD-PRO-11-INCH-M4-512GBWI-FI-SPACEBLACK-PREMIUM,600,,deny,manual,726.99,1199.00,TRUE,TRUE,
ipad-pro-11-inch-m4,iPad Pro 11-inch (M4),,,,,,Condition,Premium,Storage,512GB Wi-Fi,Color,Silver,IPAD-PRO-11-INCH-M4-512GBWI-FI-SILVER-PREMIUM,600,,deny,manual,726.99,1199.00,TRUE,TRUE,
ipad-pro-11-inch-m4,iPad Pro 11-inch (M4),,,,,,Condition,Premium,Storage,512GB Wi-Fi + Cellular,Color,Space Black,IPAD-PRO-11-INCH-M4-512GBWI-FIPLUSCELLULAR-SPACEBLACK-PREMIUM,600,,deny,manual,816.99,1399.00,TRUE,TRUE,
ipad-pro-11-inch-m4,iPad Pro 11-inch (M4),,,,,,Condition,Premium,Storage,512GB Wi-Fi + Cellular,Color,Silver,IPAD-PRO-11-INCH-M4-512GBWI-FIPLUSCELLULAR-SILVER-PREMIUM,600,,deny,manual,816.99,1399.00,TRUE,TRUE,
ipad-pro-11-inch-m4,iPad Pro 11-inch (M4),,,,,,Condition,Premium,Storage,1TB Wi-Fi,Color,Space Black,IPAD-PRO-11-INCH-M4-1TBWI-FI-SPACEBLACK-PREMIUM,600,,deny,manual,906.99,1599.00,TRUE,TRUE,
ipad-pro-11-inch-m4,iPad Pro 11-inch (M4),,,,,,Condition,Premium,Storage,1TB Wi-Fi,Color,Silver,IPAD-PRO-11-INCH-M4-1TBWI-FI-SILVER-PREMIUM,600,,deny,manual,906.99,1599.00,TRUE,TRUE,
ipad-pro-11-inch-m4,iPad Pro 11-inch (M4),,,,,,Condition,Premium,Storage,1TB Wi-Fi + Cellular,Color,Space Black,IPAD-PRO-11-INCH-M4-1TBWI-FIPLUSCELLULAR-SPACEBLACK-PREMIUM,600,,deny,manual,996.99,1799.00,TRUE,TRUE,
ipad-pro-11-inch-m4,iPad Pro 11-inch (M4),,,,,,Condition,Premium,Storage,1TB Wi-Fi + Cellular,Color,Silver,IPAD-PRO-11-INCH-M4-1TBWI-FIPLUSCELLULAR-SILVER-PREMIUM,600,,deny,manual,996.99,1799.00,TRUE,TRUE,
ipad-pro-11-inch-m4,iPad Pro 11-inch (M4),,,,,,Condition,Premium,Storage,2TB Wi-Fi,Color,Space Black,IPAD-PRO-11-INCH-M4-2TBWI-FI-SPACEBLACK-PREMIUM,600,,deny,manual,1086.99,1999.00,TRUE,TRUE,
ipad-pro-11-inch-m4,iPad Pro 11-inch (M4),,,,,,Condition,Premium,Storage,2TB Wi-Fi,Color,Silver,IPAD-PRO-11-INCH-M4-2TBWI-FI-SILVER-PREMIUM,600,,deny,manual,1086.99,1999.00,TRUE,TRUE,
ipad-pro-11-inch-m4,iPad Pro 11-inch (M4),,,,,,Condition,Premium,Storage,2TB Wi-Fi + Cellular,Color,Space Black,IPAD-PRO-11-INCH-M4-2TBWI-FIPLUSCELLULAR-SPACEBLACK-PREMIUM,600,,deny,manual,1176.99,2199.00,TRUE,TRUE,
ipad-pro-11-inch-m4,iPad Pro 11-inch (M4),,,,,,Condition,Premium,Storage,2TB Wi-Fi + Cellular,Color,Silver,IPAD-PRO-11-INCH-M4-2TBWI-FIPLUSCELLULAR-SILVER-PREMIUM,600,,deny,manual,1176.99,2199.00,TRUE,TRUE,
ipad-pro-13-inch-m4,iPad Pro 13-inch (M4),"<p>iPad Pro 13-inch (M4). Professionally refurbished, tested on up to 100 points, wiped and reset. Cellular models are unlocked. 1-year warranty and free 30-day returns.</p><p><strong>Premium</strong> grade includes a brand-new battery.</p>",Apple,Tablet,"condition:refurbished, iPad, Apple, Tablets",TRUE,Condition,Fair,Storage,256GB Wi-Fi,Color,Space Black,IPAD-PRO-13-INCH-M4-256GBWI-FI-SPACEBLACK-FAIR,600,,deny,manual,595.99,1299.00,TRUE,TRUE,draft
ipad-pro-13-inch-m4,iPad Pro 13-inch (M4),,,,,,Condition,Fair,Storage,256GB Wi-Fi,Color,Silver,IPAD-PRO-13-INCH-M4-256GBWI-FI-SILVER-FAIR,600,,deny,manual,595.99,1299.00,TRUE,TRUE,
ipad-pro-13-inch-m4,iPad Pro 13-inch (M4),,,,,,Condition,Fair,Storage,256GB Wi-Fi + Cellular,Color,Space Black,IPAD-PRO-13-INCH-M4-256GBWI-FIPLUSCELLULAR-SPACEBLACK-FAIR,600,,deny,manual,685.99,1499.00,TRUE,TRUE,
ipad-pro-13-inch-m4,iPad Pro 13-inch (M4),,,,,,Condition,Fair,Storage,256GB Wi-Fi + Cellular,Color,Silver,IPAD-PRO-13-INCH-M4-256GBWI-FIPLUSCELLULAR-SILVER-FAIR,600,,deny,manual,685.99,1499.00,TRUE,TRUE,
ipad-pro-13-inch-m4,iPad Pro 13-inch (M4),,,,,,Condition,Fair,Storage,512GB Wi-Fi,Color,Space Black,IPAD-PRO-13-INCH-M4-512GBWI-FI-SPACEBLACK-FAIR,600,,deny,manual,685.99,1499.00,TRUE,TRUE,
ipad-pro-13-inch-m4,iPad Pro 13-inch (M4),,,,,,Condition,Fair,Storage,512GB Wi-Fi,Color,Silver,IPAD-PRO-13-INCH-M4-512GBWI-FI-SILVER-FAIR,600,,deny,manual,685.99,1499.00,TRUE,TRUE,
ipad-pro-13-inch-m4,iPad Pro 13-inch (M4),,,,,,Condition,Fair,Storage,512GB Wi-Fi + Cellular,Color,Space Black,IPAD-PRO-13-INCH-M4-512GBWI-FIPLUSCELLULAR-SPACEBLACK-FAIR,600,,deny,manual,775.99,1699.00,TRUE,TRUE,
ipad-pro-13-inch-m4,iPad Pro 13-inch (M4),,,,,,Condition,Fair,Storage,512GB Wi-Fi + Cellular,Color,Silver,IPAD-PRO-13-INCH-M4-512GBWI-FIPLUSCELLULAR-SILVER-FAIR,600,,deny,manual,775.99,1699.00,TRUE,TRUE,
ipad-pro-13-inch-m4,iPad Pro 13-inch (M4),,,,,,Condition,Fair,Storage,1TB Wi-Fi,Color,Space Black,IPAD-PRO-13-INCH-M4-1TBWI-FI-SPACEBLACK-FAIR,600,,deny,manual,865.99,1899.00,TRUE,TRUE,
ipad-pro-13-inch-m4,iPad Pro 13-inch (M4),,,,,,Condition,Fair,Storage,1TB Wi-Fi,Color,Silver,IPAD-PRO-13-INCH-M4-1TBWI-FI-SILVER-FAIR,600,,deny,manual,865.99,1899.00,TRUE,TRUE,
ipad-pro-13-inch-m4,iPad Pro 13-inch (M4),,,,,,Condition,Fair,Storage,1TB Wi-Fi + Cellular,Color,Space Black,IPAD-PRO-13-INCH-M4-1TBWI-FIPLUSCELLULAR-SPACEBLACK-FAIR,600,,deny,manual,955.99,2099.00,TRUE,TRUE,
ipad-pro-13-inch-m4,iPad Pro 13-inch (M4),,,,,,Condition,Fair,Storage,1TB Wi-Fi + Cellular,Color,Silver,IPAD-PRO-13-INCH-M4-1TBWI-FIPLUSCELLULAR-SILVER-FAIR,600,,deny,manual,955.99,2099.00,TRUE,TRUE,
ipad-pro-13-inch-m4,iPad Pro 13-inch (M4),,,,,,Condition,Fair,Storage,2TB Wi-Fi,Color,Space Black,IPAD-PRO-13-INCH-M4-2TBWI-FI-SPACEBLACK-FAIR,600,,deny,manual,1045.99,2299.00,TRUE,TRUE,
ipad-pro-13-inch-m4,iPad Pro 13-inch (M4),,,,,,Condition,Fair,Storage,2TB Wi-Fi,Color,Silver,IPAD-PRO-13-INCH-M4-2TBWI-FI-SILVER-FAIR,600,,deny,manual,1045.99,2299.00,TRUE,TRUE,
ipad-pro-13-inch-m4,iPad Pro 13-inch (M4),,,,,,Condition,Fair,Storage,2TB Wi-Fi + Cellular,Color,Space Black,IPAD-PRO-13-INCH-M4-2TBWI-FIPLUSCELLULAR-SPACEBLACK-FAIR,600,,deny,manual,1135.99,2499.00,TRUE,TRUE,
ipad-pro-13-inch-m4,iPad Pro 13-inch (M4),,,,,,Condition,Fair,Storage,2TB Wi-Fi + Cellular,Color,Silver,IPAD-PRO-13-INCH-M4-2TBWI-FIPLUSCELLULAR-SILVER-FAIR,600,,deny,manual,1135.99,2499.00,TRUE,TRUE,
ipad-pro-13-inch-m4,iPad Pro 13-inch (M4),,,,,,Condition,Good,Storage,256GB Wi-Fi,Color,Space Black,IPAD-PRO-13-INCH-M4-256GBWI-FI-SPACEBLACK-GOOD,600,,deny,manual,661.99,1299.00,TRUE,TRUE,
ipad-pro-13-inch-m4,iPad Pro 13-inch (M4),,,,,,Condition,Good,Storage,256GB Wi-Fi,Color,Silver,IPAD-PRO-13-INCH-M4-256GBWI-FI-SILVER-GOOD,600,,deny,manual,661.99,1299.00,TRUE,TRUE,
ipad-pro-13-inch-m4,iPad Pro 13-inch (M4),,,,,,Condition,Good,Storage,256GB Wi-Fi + Cellular,Color,Space Black,IPAD-PRO-13-INCH-M4-256GBWI-FIPLUSCELLULAR-SPACEBLACK-GOOD,600,,deny,manual,751.99,1499.00,TRUE,TRUE,
ipad-pro-13-inch-m4,iPad Pro 13-inch (M4),,,,,,Condition,Good,Storage,256GB Wi-Fi + Cellular,Color,Silver,IPAD-PRO-13-INCH-M4-256GBWI-FIPLUSCELLULAR-SILVER-GOOD,600,,deny,manual,751.99,1499.00,TRUE,TRUE,
ipad-pro-13-inch-m4,iPad Pro 13-inch (M4),,,,,,Condition,Good,Storage,512GB Wi-Fi,Color,Space Black,IPAD-PRO-13-INCH-M4-512GBWI-FI-SPACEBLACK-GOOD,600,,deny,manual,751.99,1499.00,TRUE,TRUE,
ipad-pro-13-inch-m4,iPad Pro 13-inch (M4),,,,,,Condition,Good,Storage,512GB Wi-Fi,Color,Silver,IPAD-PRO-13-INCH-M4-512GBWI-FI-SILVER-GOOD,600,,deny,manual,751.99,1499.00,TRUE,TRUE,
ipad-pro-13-inch-m4,iPad Pro 13-inch (M4),,,,,,Condition,Good,Storage,512GB Wi-Fi + Cellular,Color,Space Black,IPAD-PRO-13-INCH-M4-512GBWI-FIPLUSCELLULAR-SPACEBLACK-GOOD,600,,deny,manual,841.99,1699.00,TRUE,TRUE,
ipad-pro-13-inch-m4,iPad Pro 13-inch (M4),,,,,,Condition,Good,Storage,512GB Wi-Fi + Cellular,Color,Silver,IPAD-PRO-13-INCH-M4-512GBWI-FIPLUSCELLULAR-SILVER-GOOD,600,,deny,manual,841.99,1699.00,TRUE,TRUE,
ipad-pro-13-inch-m4,iPad Pro 13-inch (M4),,,,,,Condition,Good,Storage,1TB Wi-Fi,Color,Space Black,IPAD-PRO-13-INCH-M4-1TBWI-FI-SPACEBLACK-GOOD,600,,deny,manual,931.99,1899.00,TRUE,TRUE,
ipad-pro-13-inch-m4,iPad Pro 13-inch (M4),,,,,,Condition,Good,Storage,1TB Wi-Fi,Color,Silver,IPAD-PRO-13-INCH-M4-1TBWI-FI-SILVER-GOOD,600,,deny,manual,931.99,1899.00,TRUE,TRUE,
ipad-pro-13-inch-m4,iPad Pro 13-inch (M4),,,,,,Condition,Good,Storage,1TB Wi-Fi + Cellular,Color,Space Black,IPAD-PRO-13-INCH-M4-1TBWI-FIPLUSCELLULAR-SPACEBLACK-GOOD,600,,deny,manual,1021.99,2099.00,TRUE,TRUE,
ipad-pro-13-inch-m4,iPad Pro 13-inch (M4),,,,,,Condition,Good,Storage,1TB Wi-Fi + Cellular,Color,Silver,IPAD-PRO-13-INCH-M4-1TBWI-FIPLUSCELLULAR-SILVER-GOOD,600,,deny,manual,1021.99,2099.00,TRUE,TRUE,
ipad-pro-13-inch-m4,iPad Pro 13-inch (M4),,,,,,Condition,Good,Storage,2TB Wi-Fi,Color,Space Black,IPAD-PRO-13-INCH-M4-2TBWI-FI-SPACEBLACK-GOOD,600,,deny,manual,1111.99,2299.00,TRUE,TRUE,
ipad-pro-13-inch-m4,iPad Pro 13-inch (M4),,,,,,Condition,Good,Storage,2TB Wi-Fi,Color,Silver,IPAD-PRO-13-INCH-M4-2TBWI-FI-SILVER-GOOD,600,,deny,manual,1111.99,2299.00,TRUE,TRUE,
ipad-pro-13-inch-m4,iPad Pro 13-inch (M4),,,,,,Condition,Good,Storage,2TB Wi-Fi + Cellular,Color,Space Black,IPAD-PRO-13-INCH-M4-2TBWI-FIPLUSCELLULAR-SPACEBLACK-GOOD,600,,deny,manual,1201.99,2499.00,TRUE,TRUE,
ipad-pro-13-inch-m4,iPad Pro 13-inch (M4),,,,,,Condition,Good,Storage,2TB Wi-Fi + Cellular,Color,Silver,IPAD-PRO-13-INCH-M4-2TBWI-FIPLUSCELLULAR-SILVER-GOOD,600,,deny,manual,1201.99,2499.00,TRUE,TRUE,
ipad-pro-13-inch-m4,iPad Pro 13-inch (M4),,,,,,Condition,Excellent,Storage,256GB Wi-Fi,Color,Space Black,IPAD-PRO-13-INCH-M4-256GBWI-FI-SPACEBLACK-EXCELLENT,600,,deny,manual,741.99,1299.00,TRUE,TRUE,
ipad-pro-13-inch-m4,iPad Pro 13-inch (M4),,,,,,Condition,Excellent,Storage,256GB Wi-Fi,Color,Silver,IPAD-PRO-13-INCH-M4-256GBWI-FI-SILVER-EXCELLENT,600,,deny,manual,741.99,1299.00,TRUE,TRUE,
ipad-pro-13-inch-m4,iPad Pro 13-inch (M4),,,,,,Condition,Excellent,Storage,256GB Wi-Fi + Cellular,Color,Space Black,IPAD-PRO-13-INCH-M4-256GBWI-FIPLUSCELLULAR-SPACEBLACK-EXCELLENT,600,,deny,manual,831.99,1499.00,TRUE,TRUE,
ipad-pro-13-inch-m4,iPad Pro 13-inch (M4),,,,,,Condition,Excellent,Storage,256GB Wi-Fi + Cellular,Color,Silver,IPAD-PRO-13-INCH-M4-256GBWI-FIPLUSCELLULAR-SILVER-EXCELLENT,600,,deny,manual,831.99,1499.00,TRUE,TRUE,
ipad-pro-13-inch-m4,iPad Pro 13-inch (M4),,,,,,Condition,Excellent,Storage,512GB Wi-Fi,Color,Space Black,IPAD-PRO-13-INCH-M4-512GBWI-FI-SPACEBLACK-EXCELLENT,600,,deny,manual,831.99,1499.00,TRUE,TRUE,
ipad-pro-13-inch-m4,iPad Pro 13-inch (M4),,,,,,Condition,Excellent,Storage,512GB Wi-Fi,Color,Silver,IPAD-PRO-13-INCH-M4-512GBWI-FI-SILVER-EXCELLENT,600,,deny,manual,831.99,1499.00,TRUE,TRUE,
ipad-pro-13-inch-m4,iPad Pro 13-inch (M4),,,,,,Condition,Excellent,Storage,512GB Wi-Fi + Cellular,Color,Space Black,IPAD-PRO-13-INCH-M4-512GBWI-FIPLUSCELLULAR-SPACEBLACK-EXCELLENT,600,,deny,manual,921.99,1699.00,TRUE,TRUE,
ipad-pro-13-inch-m4,iPad Pro 13-inch (M4),,,,,,Condition,Excellent,Storage,512GB Wi-Fi + Cellular,Color,Silver,IPAD-PRO-13-INCH-M4-512GBWI-FIPLUSCELLULAR-SILVER-EXCELLENT,600,,deny,manual,921.99,1699.00,TRUE,TRUE,
ipad-pro-13-inch-m4,iPad Pro 13-inch (M4),,,,,,Condition,Excellent,Storage,1TB Wi-Fi,Color,Space Black,IPAD-PRO-13-INCH-M4-1TBWI-FI-SPACEBLACK-EXCELLENT,600,,deny,manual,1011.99,1899.00,TRUE,TRUE,
ipad-pro-13-inch-m4,iPad Pro 13-inch (M4),,,,,,Condition,Excellent,Storage,1TB Wi-Fi,Color,Silver,IPAD-PRO-13-INCH-M4-1TBWI-FI-SILVER-EXCELLENT,600,,deny,manual,1011.99,1899.00,TRUE,TRUE,
ipad-pro-13-inch-m4,iPad Pro 13-inch (M4),,,,,,Condition,Excellent,Storage,1TB Wi-Fi + Cellular,Color,Space Black,IPAD-PRO-13-INCH-M4-1TBWI-FIPLUSCELLULAR-SPACEBLACK-EXCELLENT,600,,deny,manual,1101.99,2099.00,TRUE,TRUE,
ipad-pro-13-inch-m4,iPad Pro 13-inch (M4),,,,,,Condition,Excellent,Storage,1TB Wi-Fi + Cellular,Color,Silver,IPAD-PRO-13-INCH-M4-1TBWI-FIPLUSCELLULAR-SILVER-EXCELLENT,600,,deny,manual,1101.99,2099.00,TRUE,TRUE,
ipad-pro-13-inch-m4,iPad Pro 13-inch (M4),,,,,,Condition,Excellent,Storage,2TB Wi-Fi,Color,Space Black,IPAD-PRO-13-INCH-M4-2TBWI-FI-SPACEBLACK-EXCELLENT,600,,deny,manual,1191.99,2299.00,TRUE,TRUE,
ipad-pro-13-inch-m4,iPad Pro 13-inch (M4),,,,,,Condition,Excellent,Storage,2TB Wi-Fi,Color,Silver,IPAD-PRO-13-INCH-M4-2TBWI-FI-SILVER-EXCELLENT,600,,deny,manual,1191.99,2299.00,TRUE,TRUE,
ipad-pro-13-inch-m4,iPad Pro 13-inch (M4),,,,,,Condition,Excellent,Storage,2TB Wi-Fi + Cellular,Color,Space Black,IPAD-PRO-13-INCH-M4-2TBWI-FIPLUSCELLULAR-SPACEBLACK-EXCELLENT,600,,deny,manual,1281.99,2499.00,TRUE,TRUE,
ipad-pro-13-inch-m4,iPad Pro 13-inch (M4),,,,,,Condition,Excellent,Storage,2TB Wi-Fi + Cellular,Color,Silver,IPAD-PRO-13-INCH-M4-2TBWI-FIPLUSCELLULAR-SILVER-EXCELLENT,600,,deny,manual,1281.99,2499.00,TRUE,TRUE,
ipad-pro-13-inch-m4,iPad Pro 13-inch (M4),,,,,,Condition,Premium,Storage,256GB Wi-Fi,Color,Space Black,IPAD-PRO-13-INCH-M4-256GBWI-FI-SPACEBLACK-PREMIUM,600,,deny,manual,827.99,1299.00,TRUE,TRUE,
ipad-pro-13-inch-m4,iPad Pro 13-inch (M4),,,,,,Condition,Premium,Storage,256GB Wi-Fi,Color,Silver,IPAD-PRO-13-INCH-M4-256GBWI-FI-SILVER-PREMIUM,600,,deny,manual,827.99,1299.00,TRUE,TRUE,
ipad-pro-13-inch-m4,iPad Pro 13-inch (M4),,,,,,Condition,Premium,Storage,256GB Wi-Fi + Cellular,Color,Space Black,IPAD-PRO-13-INCH-M4-256GBWI-FIPLUSCELLULAR-SPACEBLACK-PREMIUM,600,,deny,manual,917.99,1499.00,TRUE,TRUE,
ipad-pro-13-inch-m4,iPad Pro 13-inch (M4),,,,,,Condition,Premium,Storage,256GB Wi-Fi + Cellular,Color,Silver,IPAD-PRO-13-INCH-M4-256GBWI-FIPLUSCELLULAR-SILVER-PREMIUM,600,,deny,manual,917.99,1499.00,TRUE,TRUE,
ipad-pro-13-inch-m4,iPad Pro 13-inch (M4),,,,,,Condition,Premium,Storage,512GB Wi-Fi,Color,Space Black,IPAD-PRO-13-INCH-M4-512GBWI-FI-SPACEBLACK-PREMIUM,600,,deny,manual,917.99,1499.00,TRUE,TRUE,
ipad-pro-13-inch-m4,iPad Pro 13-inch (M4),,,,,,Condition,Premium,Storage,512GB Wi-Fi,Color,Silver,IPAD-PRO-13-INCH-M4-512GBWI-FI-SILVER-PREMIUM,600,,deny,manual,917.99,1499.00,TRUE,TRUE,
ipad-pro-13-inch-m4,iPad Pro 13-inch (M4),,,,,,Condition,Premium,Storage,512GB Wi-Fi + Cellular,Color,Space Black,IPAD-PRO-13-INCH-M4-512GBWI-FIPLUSCELLULAR-SPACEBLACK-PREMIUM,600,,deny,manual,1007.99,1699.00,TRUE,TRUE,
ipad-pro-13-inch-m4,iPad Pro 13-inch (M4),,,,,,Condition,Premium,Storage,512GB Wi-Fi + Cellular,Color,Silver,IPAD-PRO-13-INCH-M4-512GBWI-FIPLUSCELLULAR-SILVER-PREMIUM,600,,deny,manual,1007.99,1699.00,TRUE,TRUE,
ipad-pro-13-inch-m4,iPad Pro 13-inch (M4),,,,,,Condition,Premium,Storage,1TB Wi-Fi,Color,Space Black,IPAD-PRO-13-INCH-M4-1TBWI-FI-SPACEBLACK-PREMIUM,600,,deny,manual,1097.99,1899.00,TRUE,TRUE,
ipad-pro-13-inch-m4,iPad Pro 13-inch (M4),,,,,,Condition,Premium,Storage,1TB Wi-Fi,Color,Silver,IPAD-PRO-13-INCH-M4-1TBWI-FI-SILVER-PREMIUM,600,,deny,manual,1097.99,1899.00,TRUE,TRUE,
ipad-pro-13-inch-m4,iPad Pro 13-inch (M4),,,,,,Condition,Premium,Storage,1TB Wi-Fi + Cellular,Color,Space Black,IPAD-PRO-13-INCH-M4-1TBWI-FIPLUSCELLULAR-SPACEBLACK-PREMIUM,600,,deny,manual,1187.99,2099.00,TRUE,TRUE,
ipad-pro-13-inch-m4,iPad Pro 13-inch (M4),,,,,,Condition,Premium,Storage,1TB Wi-Fi + Cellular,Color,Silver,IPAD-PRO-13-INCH-M4-1TBWI-FIPLUSCELLULAR-SILVER-PREMIUM,600,,deny,manual,1187.99,2099.00,TRUE,TRUE,
ipad-pro-13-inch-m4,iPad Pro 13-inch (M4),,,,,,Condition,Premium,Storage,2TB Wi-Fi,Color,Space Black,IPAD-PRO-13-INCH-M4-2TBWI-FI-SPACEBLACK-PREMIUM,600,,deny,manual,1277.99,2299.00,TRUE,TRUE,
ipad-pro-13-inch-m4,iPad Pro 13-inch (M4),,,,,,Condition,Premium,Storage,2TB Wi-Fi,Color,Silver,IPAD-PRO-13-INCH-M4-2TBWI-FI-SILVER-PREMIUM,600,,deny,manual,1277.99,2299.00,TRUE,TRUE,
ipad-pro-13-inch-m4,iPad Pro 13-inch (M4),,,,,,Condition,Premium,Storage,2TB Wi-Fi + Cellular,Color,Space Black,IPAD-PRO-13-INCH-M4-2TBWI-FIPLUSCELLULAR-SPACEBLACK-PREMIUM,600,,deny,manual,1367.99,2499.00,TRUE,TRUE,
ipad-pro-13-inch-m4,iPad Pro 13-inch (M4),,,,,,Condition,Premium,Storage,2TB Wi-Fi + Cellular,Color,Silver,IPAD-PRO-13-INCH-M4-2TBWI-FIPLUSCELLULAR-SILVER-PREMIUM,600,,deny,manual,1367.99,2499.00,TRUE,TRUE,
