Handle,Title,Body (HTML),Vendor,Type,Tags,Published,Option1 Name,Option1 Value,Option2 Name,Option2 Value,Option3 Name,Option3 Value,Variant SKU,Variant Grams,Variant Inventory Tracker,Variant Inventory Policy,Variant Fulfillment Service,Variant Price,Variant Compare At Price,Variant Requires Shipping,Variant Taxable,Status
samsung-galaxy-s21,Samsung Galaxy S21,"<p>Samsung Galaxy S21, unlocked. Professionally refurbished, tested on up to 100 points, wiped and reset. 1-year warranty and free 30-day returns.</p><p><strong>Premium</strong> grade includes a brand-new battery.</p>",Samsung,Smartphone,"condition:refurbished, Samsung, Samsung Galaxy, Android, Smartphones, unlocked",TRUE,Condition,Fair,Storage,128GB,Color,Phantom Gray,SAMSUNG-GALAXY-S21-128GB-PHANTOMGRAY-FAIR,200,,deny,manual,193.99,799.00,TRUE,TRUE,draft
samsung-galaxy-s21,Samsung Galaxy S21,,,,,,Condition,Fair,Storage,128GB,Color,Phantom White,SAMSUNG-GALAXY-S21-128GB-PHANTOMWHITE-FAIR,200,,deny,manual,193.99,799.00,TRUE,TRUE,
samsung-galaxy-s21,Samsung Galaxy S21,,,,,,Condition,Fair,Storage,128GB,Color,Phantom Violet,SAMSUNG-GALAXY-S21-128GB-PHANTOMVIOLET-FAIR,200,,deny,manual,193.99,799.00,TRUE,TRUE,
samsung-galaxy-s21,Samsung Galaxy S21,,,,,,Condition,Fair,Storage,128GB,Color,Phantom Pink,SAMSUNG-GALAXY-S21-128GB-PHANTOMPINK-FAIR,200,,deny,manual,193.99,799.00,TRUE,TRUE,
samsung-galaxy-s21,Samsung Galaxy S21,,,,,,Condition,Fair,Storage,256GB,Color,Phantom Gray,SAMSUNG-GALAXY-S21-256GB-PHANTOMGRAY-FAIR,200,,deny,manual,216.99,849.00,TRUE,TRUE,
samsung-galaxy-s21,Samsung Galaxy S21,,,,,,Condition,Fair,Storage,256GB,Color,Phantom White,SAMSUNG-GALAXY-S21-256GB-PHANTOMWHITE-FAIR,200,,deny,manual,216.99,849.00,TRUE,TRUE,
samsung-galaxy-s21,Samsung Galaxy S21,,,,,,Condition,Fair,Storage,256GB,Color,Phantom Violet,SAMSUNG-GALAXY-S21-256GB-PHANTOMVIOLET-FAIR,200,,deny,manual,216.99,849.00,TRUE,TRUE,
samsung-galaxy-s21,Samsung Galaxy S21,,,,,,Condition,Fair,Storage,256GB,Color,Phantom Pink,SAMSUNG-GALAXY-S21-256GB-PHANTOMPINK-FAIR,200,,deny,manual,216.99,849.00,TRUE,TRUE,
samsung-galaxy-s21,Samsung Galaxy S21,,,,,,Condition,Good,Storage,128GB,Color,Phantom Gray,SAMSUNG-GALAXY-S21-128GB-PHANTOMGRAY-GOOD,200,,deny,manual,215.99,799.00,TRUE,TRUE,
samsung-galaxy-s21,Samsung Galaxy S21,,,,,,Condition,Good,Storage,128GB,Color,Phantom White,SAMSUNG-GALAXY-S21-128GB-PHANTOMWHITE-GOOD,200,,deny,manual,215.99,799.00,TRUE,TRUE,
samsung-galaxy-s21,Samsung Galaxy S21,,,,,,Condition,Good,Storage,128GB,Color,Phantom Violet,SAMSUNG-GALAXY-S21-128GB-PHANTOMVIOLET-GOOD,200,,deny,manual,215.99,799.00,TRUE,TRUE,
samsung-galaxy-s21,Samsung Galaxy S21,,,,,,Condition,Good,Storage,128GB,Color,Phantom Pink,SAMSUNG-GALAXY-S21-128GB-PHANTOMPINK-GOOD,200,,deny,manual,215.99,799.00,TRUE,TRUE,
samsung-galaxy-s21,Samsung Galaxy S21,,,,,,Condition,Good,Storage,256GB,Color,Phantom Gray,SAMSUNG-GALAXY-S21-256GB-PHANTOMGRAY-GOOD,200,,deny,manual,237.99,849.00,TRUE,TRUE,
samsung-galaxy-s21,Samsung Galaxy S21,,,,,,Condition,Good,Storage,256GB,Color,Phantom White,SAMSUNG-GALAXY-S21-256GB-PHANTOMWHITE-GOOD,200,,deny,manual,237.99,849.00,TRUE,TRUE,
samsung-galaxy-s21,Samsung Galaxy S21,,,,,,Condition,Good,Storage,256GB,Color,Phantom Violet,SAMSUNG-GALAXY-S21-256GB-PHANTOMVIOLET-GOOD,200,,deny,manual,237.99,849.00,TRUE,TRUE,
samsung-galaxy-s21,Samsung Galaxy S21,,,,,,Condition,Good,Storage,256GB,Color,Phantom Pink,SAMSUNG-GALAXY-S21-256GB-PHANTOMPINK-GOOD,200,,deny,manual,237.99,849.00,TRUE,TRUE,
samsung-galaxy-s21,Samsung Galaxy S21,,,,,,Condition,Excellent,Storage,128GB,Color,Phantom Gray,SAMSUNG-GALAXY-S21-128GB-PHANTOMGRAY-EXCELLENT,200,,deny,manual,241.99,799.00,TRUE,TRUE,
samsung-galaxy-s21,Samsung Galaxy S21,,,,,,Condition,Excellent,Storage,128GB,Color,Phantom White,SAMSUNG-GALAXY-S21-128GB-PHANTOMWHITE-EXCELLENT,200,,deny,manual,241.99,799.00,TRUE,TRUE,
samsung-galaxy-s21,Samsung Galaxy S21,,,,,,Condition,Excellent,Storage,128GB,Color,Phantom Violet,SAMSUNG-GALAXY-S21-128GB-PHANTOMVIOLET-EXCELLENT,200,,deny,manual,241.99,799.00,TRUE,TRUE,
samsung-galaxy-s21,Samsung Galaxy S21,,,,,,Condition,Excellent,Storage,128GB,Color,Phantom Pink,SAMSUNG-GALAXY-S21-128GB-PHANTOMPINK-EXCELLENT,200,,deny,manual,241.99,799.00,TRUE,TRUE,
samsung-galaxy-s21,Samsung Galaxy S21,,,,,,Condition,Excellent,Storage,256GB,Color,Phantom Gray,SAMSUNG-GALAXY-S21-256GB-PHANTOMGRAY-EXCELLENT,200,,deny,manual,263.99,849.00,TRUE,TRUE,
samsung-galaxy-s21,Samsung Galaxy S21,,,,,,Condition,Excellent,Storage,256GB,Color,Phantom White,SAMSUNG-GALAXY-S21-256GB-PHANTOMWHITE-EXCELLENT,200,,deny,manual,263.99,849.00,TRUE,TRUE,
samsung-galaxy-s21,Samsung Galaxy S21,,,,,,Condition,Excellent,Storage,256GB,Color,Phantom Violet,SAMSUNG-GALAXY-S21-256GB-PHANTOMVIOLET-EXCELLENT,200,,deny,manual,263.99,849.00,TRUE,TRUE,
samsung-galaxy-s21,Samsung Galaxy S21,,,,,,Condition,Excellent,Storage,256GB,Color,Phantom Pink,SAMSUNG-GALAXY-S21-256GB-PHANTOMPINK-EXCELLENT,200,,deny,manual,263.99,849.00,TRUE,TRUE,
samsung-galaxy-s21,Samsung Galaxy S21,,,,,,Condition,Premium,Storage,128GB,Color,Phantom Gray,SAMSUNG-GALAXY-S21-128GB-PHANTOMGRAY-PREMIUM,200,,deny,manual,269.99,799.00,TRUE,TRUE,
samsung-galaxy-s21,Samsung Galaxy S21,,,,,,Condition,Premium,Storage,128GB,Color,Phantom White,SAMSUNG-GALAXY-S21-128GB-PHANTOMWHITE-PREMIUM,200,,deny,manual,269.99,799.00,TRUE,TRUE,
samsung-galaxy-s21,Samsung Galaxy S21,,,,,,Condition,Premium,Storage,128GB,Color,Phantom Violet,SAMSUNG-GALAXY-S21-128GB-PHANTOMVIOLET-PREMIUM,200,,deny,manual,269.99,799.00,TRUE,TRUE,
samsung-galaxy-s21,Samsung Galaxy S21,,,,,,Condition,Premium,Storage,128GB,Color,Phantom Pink,SAMSUNG-GALAXY-S21-128GB-PHANTOMPINK-PREMIUM,200,,deny,manual,269.99,799.00,TRUE,TRUE,
samsung-galaxy-s21,Samsung Galaxy S21,,,,,,Condition,Premium,Storage,256GB,Color,Phantom Gray,SAMSUNG-GALAXY-S21-256GB-PHANTOMGRAY-PREMIUM,200,,deny,manual,291.99,849.00,TRUE,TRUE,
samsung-galaxy-s21,Samsung Galaxy S21,,,,,,Condition,Premium,Storage,256GB,Color,Phantom White,SAMSUNG-GALAXY-S21-256GB-PHANTOMWHITE-PREMIUM,200,,deny,manual,291.99,849.00,TRUE,TRUE,
samsung-galaxy-s21,Samsung Galaxy S21,,,,,,Condition,Premium,Storage,256GB,Color,Phantom Violet,SAMSUNG-GALAXY-S21-256GB-PHANTOMVIOLET-PREMIUM,200,,deny,manual,291.99,849.00,TRUE,TRUE,
samsung-galaxy-s21,Samsung Galaxy S21,,,,,,Condition,Premium,Storage,256GB,Color,Phantom Pink,SAMSUNG-GALAXY-S21-256GB-PHANTOMPINK-PREMIUM,200,,deny,manual,291.99,849.00,TRUE,TRUE,
samsung-galaxy-s21-plus,Samsung Galaxy S21+,"<p>Samsung Galaxy S21+, unlocked. Professionally refurbished, tested on up to 100 points, wiped and reset. 1-year warranty and free 30-day returns.</p><p><strong>Premium</strong> grade includes a brand-new battery.</p>",Samsung,Smartphone,"condition:refurbished, Samsung, Samsung Galaxy, Android, Smartphones, unlocked",TRUE,Condition,Fair,Storage,128GB,Color,Phantom Black,SAMSUNG-GALAXY-S21-PLUS-128GB-PHANTOMBLACK-FAIR,200,,deny,manual,242.99,999.00,TRUE,TRUE,draft
samsung-galaxy-s21-plus,Samsung Galaxy S21+,,,,,,Condition,Fair,Storage,128GB,Color,Phantom Silver,SAMSUNG-GALAXY-S21-PLUS-128GB-PHANTOMSILVER-FAIR,200,,deny,manual,242.99,999.00,TRUE,TRUE,
samsung-galaxy-s21-plus,Samsung Galaxy S21+,,,,,,Condition,Fair,Storage,128GB,Color,Phantom Violet,SAMSUNG-GALAXY-S21-PLUS-128GB-PHANTOMVIOLET-FAIR,200,,deny,manual,242.99,999.00,TRUE,TRUE,
samsung-galaxy-s21-plus,Samsung Galaxy S21+,,,,,,Condition,Fair,Storage,256GB,Color,Phantom Black,SAMSUNG-GALAXY-S21-PLUS-256GB-PHANTOMBLACK-FAIR,200,,deny,manual,264.99,1049.00,TRUE,TRUE,
samsung-galaxy-s21-plus,Samsung Galaxy S21+,,,,,,Condition,Fair,Storage,256GB,Color,Phantom Silver,SAMSUNG-GALAXY-S21-PLUS-256GB-PHANTOMSILVER-FAIR,200,,deny,manual,264.99,1049.00,TRUE,TRUE,
samsung-galaxy-s21-plus,Samsung Galaxy S21+,,,,,,Condition,Fair,Storage,256GB,Color,Phantom Violet,SAMSUNG-GALAXY-S21-PLUS-256GB-PHANTOMVIOLET-FAIR,200,,deny,manual,264.99,1049.00,TRUE,TRUE,
samsung-galaxy-s21-plus,Samsung Galaxy S21+,,,,,,Condition,Good,Storage,128GB,Color,Phantom Black,SAMSUNG-GALAXY-S21-PLUS-128GB-PHANTOMBLACK-GOOD,200,,deny,manual,269.99,999.00,TRUE,TRUE,
samsung-galaxy-s21-plus,Samsung Galaxy S21+,,,,,,Condition,Good,Storage,128GB,Color,Phantom Silver,SAMSUNG-GALAXY-S21-PLUS-128GB-PHANTOMSILVER-GOOD,200,,deny,manual,269.99,999.00,TRUE,TRUE,
samsung-galaxy-s21-plus,Samsung Galaxy S21+,,,,,,Condition,Good,Storage,128GB,Color,Phantom Violet,SAMSUNG-GALAXY-S21-PLUS-128GB-PHANTOMVIOLET-GOOD,200,,deny,manual,269.99,999.00,TRUE,TRUE,
samsung-galaxy-s21-plus,Samsung Galaxy S21+,,,,,,Condition,Good,Storage,256GB,Color,Phantom Black,SAMSUNG-GALAXY-S21-PLUS-256GB-PHANTOMBLACK-GOOD,200,,deny,manual,291.99,1049.00,TRUE,TRUE,
samsung-galaxy-s21-plus,Samsung Galaxy S21+,,,,,,Condition,Good,Storage,256GB,Color,Phantom Silver,SAMSUNG-GALAXY-S21-PLUS-256GB-PHANTOMSILVER-GOOD,200,,deny,manual,291.99,1049.00,TRUE,TRUE,
samsung-galaxy-s21-plus,Samsung Galaxy S21+,,,,,,Condition,Good,Storage,256GB,Color,Phantom Violet,SAMSUNG-GALAXY-S21-PLUS-256GB-PHANTOMVIOLET-GOOD,200,,deny,manual,291.99,1049.00,TRUE,TRUE,
samsung-galaxy-s21-plus,Samsung Galaxy S21+,,,,,,Condition,Excellent,Storage,128GB,Color,Phantom Black,SAMSUNG-GALAXY-S21-PLUS-128GB-PHANTOMBLACK-EXCELLENT,200,,deny,manual,301.99,999.00,TRUE,TRUE,
samsung-galaxy-s21-plus,Samsung Galaxy S21+,,,,,,Condition,Excellent,Storage,128GB,Color,Phantom Silver,SAMSUNG-GALAXY-S21-PLUS-128GB-PHANTOMSILVER-EXCELLENT,200,,deny,manual,301.99,999.00,TRUE,TRUE,
samsung-galaxy-s21-plus,Samsung Galaxy S21+,,,,,,Condition,Excellent,Storage,128GB,Color,Phantom Violet,SAMSUNG-GALAXY-S21-PLUS-128GB-PHANTOMVIOLET-EXCELLENT,200,,deny,manual,301.99,999.00,TRUE,TRUE,
samsung-galaxy-s21-plus,Samsung Galaxy S21+,,,,,,Condition,Excellent,Storage,256GB,Color,Phantom Black,SAMSUNG-GALAXY-S21-PLUS-256GB-PHANTOMBLACK-EXCELLENT,200,,deny,manual,324.99,1049.00,TRUE,TRUE,
samsung-galaxy-s21-plus,Samsung Galaxy S21+,,,,,,Condition,Excellent,Storage,256GB,Color,Phantom Silver,SAMSUNG-GALAXY-S21-PLUS-256GB-PHANTOMSILVER-EXCELLENT,200,,deny,manual,324.99,1049.00,TRUE,TRUE,
samsung-galaxy-s21-plus,Samsung Galaxy S21+,,,,,,Condition,Excellent,Storage,256GB,Color,Phantom Violet,SAMSUNG-GALAXY-S21-PLUS-256GB-PHANTOMVIOLET-EXCELLENT,200,,deny,manual,324.99,1049.00,TRUE,TRUE,
samsung-galaxy-s21-plus,Samsung Galaxy S21+,,,,,,Condition,Premium,Storage,128GB,Color,Phantom Black,SAMSUNG-GALAXY-S21-PLUS-128GB-PHANTOMBLACK-PREMIUM,200,,deny,manual,336.99,999.00,TRUE,TRUE,
samsung-galaxy-s21-plus,Samsung Galaxy S21+,,,,,,Condition,Premium,Storage,128GB,Color,Phantom Silver,SAMSUNG-GALAXY-S21-PLUS-128GB-PHANTOMSILVER-PREMIUM,200,,deny,manual,336.99,999.00,TRUE,TRUE,
samsung-galaxy-s21-plus,Samsung Galaxy S21+,,,,,,Condition,Premium,Storage,128GB,Color,Phantom Violet,SAMSUNG-GALAXY-S21-PLUS-128GB-PHANTOMVIOLET-PREMIUM,200,,deny,manual,336.99,999.00,TRUE,TRUE,
samsung-galaxy-s21-plus,Samsung Galaxy S21+,,,,,,Condition,Premium,Storage,256GB,Color,Phantom Black,SAMSUNG-GALAXY-S21-PLUS-256GB-PHANTOMBLACK-PREMIUM,200,,deny,manual,359.99,1049.00,TRUE,TRUE,
samsung-galaxy-s21-plus,Samsung Galaxy S21+,,,,,,Condition,Premium,Storage,256GB,Color,Phantom Silver,SAMSUNG-GALAXY-S21-PLUS-256GB-PHANTOMSILVER-PREMIUM,200,,deny,manual,359.99,1049.00,TRUE,TRUE,
samsung-galaxy-s21-plus,Samsung Galaxy S21+,,,,,,Condition,Premium,Storage,256GB,Color,Phantom Violet,SAMSUNG-GALAXY-S21-PLUS-256GB-PHANTOMVIOLET-PREMIUM,200,,deny,manual,359.99,1049.00,TRUE,TRUE,
samsung-galaxy-s21-ultra,Samsung Galaxy S21 Ultra,"<p>Samsung Galaxy S21 Ultra, unlocked. Professionally refurbished, tested on up to 100 points, wiped and reset. 1-year warranty and free 30-day returns.</p><p><strong>Premium</strong> grade includes a brand-new battery.</p>",Samsung,Smartphone,"condition:refurbished, Samsung, Samsung Galaxy, Android, Smartphones, unlocked",TRUE,Condition,Fair,Storage,128GB,Color,Phantom Black,SAMSUNG-GALAXY-S21-ULTRA-128GB-PHANTOMBLACK-FAIR,200,,deny,manual,290.99,1199.00,TRUE,TRUE,draft
samsung-galaxy-s21-ultra,Samsung Galaxy S21 Ultra,,,,,,Condition,Fair,Storage,128GB,Color,Phantom Silver,SAMSUNG-GALAXY-S21-ULTRA-128GB-PHANTOMSILVER-FAIR,200,,deny,manual,290.99,1199.00,TRUE,TRUE,
samsung-galaxy-s21-ultra,Samsung Galaxy S21 Ultra,,,,,,Condition,Fair,Storage,256GB,Color,Phantom Black,SAMSUNG-GALAXY-S21-ULTRA-256GB-PHANTOMBLACK-FAIR,200,,deny,manual,313.99,1249.00,TRUE,TRUE,
samsung-galaxy-s21-ultra,Samsung Galaxy S21 Ultra,,,,,,Condition,Fair,Storage,256GB,Color,Phantom Silver,SAMSUNG-GALAXY-S21-ULTRA-256GB-PHANTOMSILVER-FAIR,200,,deny,manual,313.99,1249.00,TRUE,TRUE,
samsung-galaxy-s21-ultra,Samsung Galaxy S21 Ultra,,,,,,Condition,Fair,Storage,512GB,Color,Phantom Black,SAMSUNG-GALAXY-S21-ULTRA-512GB-PHANTOMBLACK-FAIR,200,,deny,manual,371.99,1379.00,TRUE,TRUE,
samsung-galaxy-s21-ultra,Samsung Galaxy S21 Ultra,,,,,,Condition,Fair,Storage,512GB,Color,Phantom Silver,SAMSUNG-GALAXY-S21-ULTRA-512GB-PHANTOMSILVER-FAIR,200,,deny,manual,371.99,1379.00,TRUE,TRUE,
samsung-galaxy-s21-ultra,Samsung Galaxy S21 Ultra,,,,,,Condition,Good,Storage,128GB,Color,Phantom Black,SAMSUNG-GALAXY-S21-ULTRA-128GB-PHANTOMBLACK-GOOD,200,,deny,manual,323.99,1199.00,TRUE,TRUE,
samsung-galaxy-s21-ultra,Samsung Galaxy S21 Ultra,,,,,,Condition,Good,Storage,128GB,Color,Phantom Silver,SAMSUNG-GALAXY-S21-ULTRA-128GB-PHANTOMSILVER-GOOD,200,,deny,manual,323.99,1199.00,TRUE,TRUE,
samsung-galaxy-s21-ultra,Samsung Galaxy S21 Ultra,,,,,,Condition,Good,Storage,256GB,Color,Phantom Black,SAMSUNG-GALAXY-S21-ULTRA-256GB-PHANTOMBLACK-GOOD,200,,deny,manual,345.99,1249.00,TRUE,TRUE,
samsung-galaxy-s21-ultra,Samsung Galaxy S21 Ultra,,,,,,Condition,Good,Storage,256GB,Color,Phantom Silver,SAMSUNG-GALAXY-S21-ULTRA-256GB-PHANTOMSILVER-GOOD,200,,deny,manual,345.99,1249.00,TRUE,TRUE,
samsung-galaxy-s21-ultra,Samsung Galaxy S21 Ultra,,,,,,Condition,Good,Storage,512GB,Color,Phantom Black,SAMSUNG-GALAXY-S21-ULTRA-512GB-PHANTOMBLACK-GOOD,200,,deny,manual,404.99,1379.00,TRUE,TRUE,
samsung-galaxy-s21-ultra,Samsung Galaxy S21 Ultra,,,,,,Condition,Good,Storage,512GB,Color,Phantom Silver,SAMSUNG-GALAXY-S21-ULTRA-512GB-PHANTOMSILVER-GOOD,200,,deny,manual,404.99,1379.00,TRUE,TRUE,
samsung-galaxy-s21-ultra,Samsung Galaxy S21 Ultra,,,,,,Condition,Excellent,Storage,128GB,Color,Phantom Black,SAMSUNG-GALAXY-S21-ULTRA-128GB-PHANTOMBLACK-EXCELLENT,200,,deny,manual,362.99,1199.00,TRUE,TRUE,
samsung-galaxy-s21-ultra,Samsung Galaxy S21 Ultra,,,,,,Condition,Excellent,Storage,128GB,Color,Phantom Silver,SAMSUNG-GALAXY-S21-ULTRA-128GB-PHANTOMSILVER-EXCELLENT,200,,deny,manual,362.99,1199.00,TRUE,TRUE,
samsung-galaxy-s21-ultra,Samsung Galaxy S21 Ultra,,,,,,Condition,Excellent,Storage,256GB,Color,Phantom Black,SAMSUNG-GALAXY-S21-ULTRA-256GB-PHANTOMBLACK-EXCELLENT,200,,deny,manual,384.99,1249.00,TRUE,TRUE,
samsung-galaxy-s21-ultra,Samsung Galaxy S21 Ultra,,,,,,Condition,Excellent,Storage,256GB,Color,Phantom Silver,SAMSUNG-GALAXY-S21-ULTRA-256GB-PHANTOMSILVER-EXCELLENT,200,,deny,manual,384.99,1249.00,TRUE,TRUE,
samsung-galaxy-s21-ultra,Samsung Galaxy S21 Ultra,,,,,,Condition,Excellent,Storage,512GB,Color,Phantom Black,SAMSUNG-GALAXY-S21-ULTRA-512GB-PHANTOMBLACK-EXCELLENT,200,,deny,manual,443.99,1379.00,TRUE,TRUE,
samsung-galaxy-s21-ultra,Samsung Galaxy S21 Ultra,,,,,,Condition,Excellent,Storage,512GB,Color,Phantom Silver,SAMSUNG-GALAXY-S21-ULTRA-512GB-PHANTOMSILVER-EXCELLENT,200,,deny,manual,443.99,1379.00,TRUE,TRUE,
samsung-galaxy-s21-ultra,Samsung Galaxy S21 Ultra,,,,,,Condition,Premium,Storage,128GB,Color,Phantom Black,SAMSUNG-GALAXY-S21-ULTRA-128GB-PHANTOMBLACK-PREMIUM,200,,deny,manual,404.99,1199.00,TRUE,TRUE,
samsung-galaxy-s21-ultra,Samsung Galaxy S21 Ultra,,,,,,Condition,Premium,Storage,128GB,Color,Phantom Silver,SAMSUNG-GALAXY-S21-ULTRA-128GB-PHANTOMSILVER-PREMIUM,200,,deny,manual,404.99,1199.00,TRUE,TRUE,
samsung-galaxy-s21-ultra,Samsung Galaxy S21 Ultra,,,,,,Condition,Premium,Storage,256GB,Color,Phantom Black,SAMSUNG-GALAXY-S21-ULTRA-256GB-PHANTOMBLACK-PREMIUM,200,,deny,manual,426.99,1249.00,TRUE,TRUE,
samsung-galaxy-s21-ultra,Samsung Galaxy S21 Ultra,,,,,,Condition,Premium,Storage,256GB,Color,Phantom Silver,SAMSUNG-GALAXY-S21-ULTRA-256GB-PHANTOMSILVER-PREMIUM,200,,deny,manual,426.99,1249.00,TRUE,TRUE,
samsung-galaxy-s21-ultra,Samsung Galaxy S21 Ultra,,,,,,Condition,Premium,Storage,512GB,Color,Phantom Black,SAMSUNG-GALAXY-S21-ULTRA-512GB-PHANTOMBLACK-PREMIUM,200,,deny,manual,485.99,1379.00,TRUE,TRUE,
samsung-galaxy-s21-ultra,Samsung Galaxy S21 Ultra,,,,,,Condition,Premium,Storage,512GB,Color,Phantom Silver,SAMSUNG-GALAXY-S21-ULTRA-512GB-PHANTOMSILVER-PREMIUM,200,,deny,manual,485.99,1379.00,TRUE,TRUE,
samsung-galaxy-s21-fe,Samsung Galaxy S21 FE,"<p>Samsung Galaxy S21 FE, unlocked. Professionally refurbished, tested on up to 100 points, wiped and reset. 1-year warranty and free 30-day returns.</p><p><strong>Premium</strong> grade includes a brand-new battery.</p>",Samsung,Smartphone,"condition:refurbished, Samsung, Samsung Galaxy, Android, Smartphones, unlocked",TRUE,Condition,Fair,Storage,128GB,Color,Graphite,SAMSUNG-GALAXY-S21-FE-128GB-GRAPHITE-FAIR,200,,deny,manual,197.99,699.00,TRUE,TRUE,draft
samsung-galaxy-s21-fe,Samsung Galaxy S21 FE,,,,,,Condition,Fair,Storage,128GB,Color,White,SAMSUNG-GALAXY-S21-FE-128GB-WHITE-FAIR,200,,deny,manual,197.99,699.00,TRUE,TRUE,
samsung-galaxy-s21-fe,Samsung Galaxy S21 FE,,,,,,Condition,Fair,Storage,128GB,Color,Olive,SAMSUNG-GALAXY-S21-FE-128GB-OLIVE-FAIR,200,,deny,manual,197.99,699.00,TRUE,TRUE,
samsung-galaxy-s21-fe,Samsung Galaxy S21 FE,,,,,,Condition,Fair,Storage,128GB,Color,Lavender,SAMSUNG-GALAXY-S21-FE-128GB-LAVENDER-FAIR,200,,deny,manual,197.99,699.00,TRUE,TRUE,
samsung-galaxy-s21-fe,Samsung Galaxy S21 FE,,,,,,Condition,Fair,Storage,256GB,Color,Graphite,SAMSUNG-GALAXY-S21-FE-256GB-GRAPHITE-FAIR,200,,deny,manual,229.99,769.00,TRUE,TRUE,
samsung-galaxy-s21-fe,Samsung Galaxy S21 FE,,,,,,Condition,Fair,Storage,256GB,Color,White,SAMSUNG-GALAXY-S21-FE-256GB-WHITE-FAIR,200,,deny,manual,229.99,769.00,TRUE,TRUE,
samsung-galaxy-s21-fe,Samsung Galaxy S21 FE,,,,,,Condition,Fair,Storage,256GB,Color,Olive,SAMSUNG-GALAXY-S21-FE-256GB-OLIVE-FAIR,200,,deny,manual,229.99,769.00,TRUE,TRUE,
samsung-galaxy-s21-fe,Samsung Galaxy S21 FE,,,,,,Condition,Fair,Storage,256GB,Color,Lavender,SAMSUNG-GALAXY-S21-FE-256GB-LAVENDER-FAIR,200,,deny,manual,229.99,769.00,TRUE,TRUE,
samsung-galaxy-s21-fe,Samsung Galaxy S21 FE,,,,,,Condition,Good,Storage,128GB,Color,Graphite,SAMSUNG-GALAXY-S21-FE-128GB-GRAPHITE-GOOD,200,,deny,manual,219.99,699.00,TRUE,TRUE,
samsung-galaxy-s21-fe,Samsung Galaxy S21 FE,,,,,,Condition,Good,Storage,128GB,Color,White,SAMSUNG-GALAXY-S21-FE-128GB-WHITE-GOOD,200,,deny,manual,219.99,699.00,TRUE,TRUE,
samsung-galaxy-s21-fe,Samsung Galaxy S21 FE,,,,,,Condition,Good,Storage,128GB,Color,Olive,SAMSUNG-GALAXY-S21-FE-128GB-OLIVE-GOOD,200,,deny,manual,219.99,699.00,TRUE,TRUE,
samsung-galaxy-s21-fe,Samsung Galaxy S21 FE,,,,,,Condition,Good,Storage,128GB,Color,Lavender,SAMSUNG-GALAXY-S21-FE-128GB-LAVENDER-GOOD,200,,deny,manual,219.99,699.00,TRUE,TRUE,
samsung-galaxy-s21-fe,Samsung Galaxy S21 FE,,,,,,Condition,Good,Storage,256GB,Color,Graphite,SAMSUNG-GALAXY-S21-FE-256GB-GRAPHITE-GOOD,200,,deny,manual,251.99,769.00,TRUE,TRUE,
samsung-galaxy-s21-fe,Samsung Galaxy S21 FE,,,,,,Condition,Good,Storage,256GB,Color,White,SAMSUNG-GALAXY-S21-FE-256GB-WHITE-GOOD,200,,deny,manual,251.99,769.00,TRUE,TRUE,
samsung-galaxy-s21-fe,Samsung Galaxy S21 FE,,,,,,Condition,Good,Storage,256GB,Color,Olive,SAMSUNG-GALAXY-S21-FE-256GB-OLIVE-GOOD,200,,deny,manual,251.99,769.00,TRUE,TRUE,
samsung-galaxy-s21-fe,Samsung Galaxy S21 FE,,,,,,Condition,Good,Storage,256GB,Color,Lavender,SAMSUNG-GALAXY-S21-FE-256GB-LAVENDER-GOOD,200,,deny,manual,251.99,769.00,TRUE,TRUE,
samsung-galaxy-s21-fe,Samsung Galaxy S21 FE,,,,,,Condition,Excellent,Storage,128GB,Color,Graphite,SAMSUNG-GALAXY-S21-FE-128GB-GRAPHITE-EXCELLENT,200,,deny,manual,246.99,699.00,TRUE,TRUE,
samsung-galaxy-s21-fe,Samsung Galaxy S21 FE,,,,,,Condition,Excellent,Storage,128GB,Color,White,SAMSUNG-GALAXY-S21-FE-128GB-WHITE-EXCELLENT,200,,deny,manual,246.99,699.00,TRUE,TRUE,
samsung-galaxy-s21-fe,Samsung Galaxy S21 FE,,,,,,Condition,Excellent,Storage,128GB,Color,Olive,SAMSUNG-GALAXY-S21-FE-128GB-OLIVE-EXCELLENT,200,,deny,manual,246.99,699.00,TRUE,TRUE,
samsung-galaxy-s21-fe,Samsung Galaxy S21 FE,,,,,,Condition,Excellent,Storage,128GB,Color,Lavender,SAMSUNG-GALAXY-S21-FE-128GB-LAVENDER-EXCELLENT,200,,deny,manual,246.99,699.00,TRUE,TRUE,
samsung-galaxy-s21-fe,Samsung Galaxy S21 FE,,,,,,Condition,Excellent,Storage,256GB,Color,Graphite,SAMSUNG-GALAXY-S21-FE-256GB-GRAPHITE-EXCELLENT,200,,deny,manual,277.99,769.00,TRUE,TRUE,
samsung-galaxy-s21-fe,Samsung Galaxy S21 FE,,,,,,Condition,Excellent,Storage,256GB,Color,White,SAMSUNG-GALAXY-S21-FE-256GB-WHITE-EXCELLENT,200,,deny,manual,277.99,769.00,TRUE,TRUE,
samsung-galaxy-s21-fe,Samsung Galaxy S21 FE,,,,,,Condition,Excellent,Storage,256GB,Color,Olive,SAMSUNG-GALAXY-S21-FE-256GB-OLIVE-EXCELLENT,200,,deny,manual,277.99,769.00,TRUE,TRUE,
samsung-galaxy-s21-fe,Samsung Galaxy S21 FE,,,,,,Condition,Excellent,Storage,256GB,Color,Lavender,SAMSUNG-GALAXY-S21-FE-256GB-LAVENDER-EXCELLENT,200,,deny,manual,277.99,769.00,TRUE,TRUE,
samsung-galaxy-s21-fe,Samsung Galaxy S21 FE,,,,,,Condition,Premium,Storage,128GB,Color,Graphite,SAMSUNG-GALAXY-S21-FE-128GB-GRAPHITE-PREMIUM,200,,deny,manual,274.99,699.00,TRUE,TRUE,
samsung-galaxy-s21-fe,Samsung Galaxy S21 FE,,,,,,Condition,Premium,Storage,128GB,Color,White,SAMSUNG-GALAXY-S21-FE-128GB-WHITE-PREMIUM,200,,deny,manual,274.99,699.00,TRUE,TRUE,
samsung-galaxy-s21-fe,Samsung Galaxy S21 FE,,,,,,Condition,Premium,Storage,128GB,Color,Olive,SAMSUNG-GALAXY-S21-FE-128GB-OLIVE-PREMIUM,200,,deny,manual,274.99,699.00,TRUE,TRUE,
samsung-galaxy-s21-fe,Samsung Galaxy S21 FE,,,,,,Condition,Premium,Storage,128GB,Color,Lavender,SAMSUNG-GALAXY-S21-FE-128GB-LAVENDER-PREMIUM,200,,deny,manual,274.99,699.00,TRUE,TRUE,
samsung-galaxy-s21-fe,Samsung Galaxy S21 FE,,,,,,Condition,Premium,Storage,256GB,Color,Graphite,SAMSUNG-GALAXY-S21-FE-256GB-GRAPHITE-PREMIUM,200,,deny,manual,306.99,769.00,TRUE,TRUE,
samsung-galaxy-s21-fe,Samsung Galaxy S21 FE,,,,,,Condition,Premium,Storage,256GB,Color,White,SAMSUNG-GALAXY-S21-FE-256GB-WHITE-PREMIUM,200,,deny,manual,306.99,769.00,TRUE,TRUE,
samsung-galaxy-s21-fe,Samsung Galaxy S21 FE,,,,,,Condition,Premium,Storage,256GB,Color,Olive,SAMSUNG-GALAXY-S21-FE-256GB-OLIVE-PREMIUM,200,,deny,manual,306.99,769.00,TRUE,TRUE,
samsung-galaxy-s21-fe,Samsung Galaxy S21 FE,,,,,,Condition,Premium,Storage,256GB,Color,Lavender,SAMSUNG-GALAXY-S21-FE-256GB-LAVENDER-PREMIUM,200,,deny,manual,306.99,769.00,TRUE,TRUE,
samsung-galaxy-s22,Samsung Galaxy S22,"<p>Samsung Galaxy S22, unlocked. Professionally refurbished, tested on up to 100 points, wiped and reset. 1-year warranty and free 30-day returns.</p><p><strong>Premium</strong> grade includes a brand-new battery.</p>",Samsung,Smartphone,"condition:refurbished, Samsung, Samsung Galaxy, Android, Smartphones, unlocked",TRUE,Condition,Fair,Storage,128GB,Color,Phantom Black,SAMSUNG-GALAXY-S22-128GB-PHANTOMBLACK-FAIR,200,,deny,manual,226.99,799.00,TRUE,TRUE,draft
samsung-galaxy-s22,Samsung Galaxy S22,,,,,,Condition,Fair,Storage,128GB,Color,Phantom White,SAMSUNG-GALAXY-S22-128GB-PHANTOMWHITE-FAIR,200,,deny,manual,226.99,799.00,TRUE,TRUE,
samsung-galaxy-s22,Samsung Galaxy S22,,,,,,Condition,Fair,Storage,128GB,Color,Green,SAMSUNG-GALAXY-S22-128GB-GREEN-FAIR,200,,deny,manual,226.99,799.00,TRUE,TRUE,
samsung-galaxy-s22,Samsung Galaxy S22,,,,,,Condition,Fair,Storage,128GB,Color,Pink Gold,SAMSUNG-GALAXY-S22-128GB-PINKGOLD-FAIR,200,,deny,manual,226.99,799.00,TRUE,TRUE,
samsung-galaxy-s22,Samsung Galaxy S22,,,,,,Condition,Fair,Storage,256GB,Color,Phantom Black,SAMSUNG-GALAXY-S22-256GB-PHANTOMBLACK-FAIR,200,,deny,manual,248.99,849.00,TRUE,TRUE,
samsung-galaxy-s22,Samsung Galaxy S22,,,,,,Condition,Fair,Storage,256GB,Color,Phantom White,SAMSUNG-GALAXY-S22-256GB-PHANTOMWHITE-FAIR,200,,deny,manual,248.99,849.00,TRUE,TRUE,
samsung-galaxy-s22,Samsung Galaxy S22,,,,,,Condition,Fair,Storage,256GB,Color,Green,SAMSUNG-GALAXY-S22-256GB-GREEN-FAIR,200,,deny,manual,248.99,849.00,TRUE,TRUE,
samsung-galaxy-s22,Samsung Galaxy S22,,,,,,Condition,Fair,Storage,256GB,Color,Pink Gold,SAMSUNG-GALAXY-S22-256GB-PINKGOLD-FAIR,200,,deny,manual,248.99,849.00,TRUE,TRUE,
samsung-galaxy-s22,Samsung Galaxy S22,,,,,,Condition,Good,Storage,128GB,Color,Phantom Black,SAMSUNG-GALAXY-S22-128GB-PHANTOMBLACK-GOOD,200,,deny,manual,251.99,799.00,TRUE,TRUE,
samsung-galaxy-s22,Samsung Galaxy S22,,,,,,Condition,Good,Storage,128GB,Color,Phantom White,SAMSUNG-GALAXY-S22-128GB-PHANTOMWHITE-GOOD,200,,deny,manual,251.99,799.00,TRUE,TRUE,
samsung-galaxy-s22,Samsung Galaxy S22,,,,,,Condition,Good,Storage,128GB,Color,Green,SAMSUNG-GALAXY-S22-128GB-GREEN-GOOD,200,,deny,manual,251.99,799.00,TRUE,TRUE,
samsung-galaxy-s22,Samsung Galaxy S22,,,,,,Condition,Good,Storage,128GB,Color,Pink Gold,SAMSUNG-GALAXY-S22-128GB-PINKGOLD-GOOD,200,,deny,manual,251.99,799.00,TRUE,TRUE,
samsung-galaxy-s22,Samsung Galaxy S22,,,,,,Condition,Good,Storage,256GB,Color,Phantom Black,SAMSUNG-GALAXY-S22-256GB-PHANTOMBLACK-GOOD,200,,deny,manual,273.99,849.00,TRUE,TRUE,
samsung-galaxy-s22,Samsung Galaxy S22,,,,,,Condition,Good,Storage,256GB,Color,Phantom White,SAMSUNG-GALAXY-S22-256GB-PHANTOMWHITE-GOOD,200,,deny,manual,273.99,849.00,TRUE,TRUE,
samsung-galaxy-s22,Samsung Galaxy S22,,,,,,Condition,Good,Storage,256GB,Color,Green,SAMSUNG-GALAXY-S22-256GB-GREEN-GOOD,200,,deny,manual,273.99,849.00,TRUE,TRUE,
samsung-galaxy-s22,Samsung Galaxy S22,,,,,,Condition,Good,Storage,256GB,Color,Pink Gold,SAMSUNG-GALAXY-S22-256GB-PINKGOLD-GOOD,200,,deny,manual,273.99,849.00,TRUE,TRUE,
samsung-galaxy-s22,Samsung Galaxy S22,,,,,,Condition,Excellent,Storage,128GB,Color,Phantom Black,SAMSUNG-GALAXY-S22-128GB-PHANTOMBLACK-EXCELLENT,200,,deny,manual,281.99,799.00,TRUE,TRUE,
samsung-galaxy-s22,Samsung Galaxy S22,,,,,,Condition,Excellent,Storage,128GB,Color,Phantom White,SAMSUNG-GALAXY-S22-128GB-PHANTOMWHITE-EXCELLENT,200,,deny,manual,281.99,799.00,TRUE,TRUE,
samsung-galaxy-s22,Samsung Galaxy S22,,,,,,Condition,Excellent,Storage,128GB,Color,Green,SAMSUNG-GALAXY-S22-128GB-GREEN-EXCELLENT,200,,deny,manual,281.99,799.00,TRUE,TRUE,
samsung-galaxy-s22,Samsung Galaxy S22,,,,,,Condition,Excellent,Storage,128GB,Color,Pink Gold,SAMSUNG-GALAXY-S22-128GB-PINKGOLD-EXCELLENT,200,,deny,manual,281.99,799.00,TRUE,TRUE,
samsung-galaxy-s22,Samsung Galaxy S22,,,,,,Condition,Excellent,Storage,256GB,Color,Phantom Black,SAMSUNG-GALAXY-S22-256GB-PHANTOMBLACK-EXCELLENT,200,,deny,manual,303.99,849.00,TRUE,TRUE,
samsung-galaxy-s22,Samsung Galaxy S22,,,,,,Condition,Excellent,Storage,256GB,Color,Phantom White,SAMSUNG-GALAXY-S22-256GB-PHANTOMWHITE-EXCELLENT,200,,deny,manual,303.99,849.00,TRUE,TRUE,
samsung-galaxy-s22,Samsung Galaxy S22,,,,,,Condition,Excellent,Storage,256GB,Color,Green,SAMSUNG-GALAXY-S22-256GB-GREEN-EXCELLENT,200,,deny,manual,303.99,849.00,TRUE,TRUE,
samsung-galaxy-s22,Samsung Galaxy S22,,,,,,Condition,Excellent,Storage,256GB,Color,Pink Gold,SAMSUNG-GALAXY-S22-256GB-PINKGOLD-EXCELLENT,200,,deny,manual,303.99,849.00,TRUE,TRUE,
samsung-galaxy-s22,Samsung Galaxy S22,,,,,,Condition,Premium,Storage,128GB,Color,Phantom Black,SAMSUNG-GALAXY-S22-128GB-PHANTOMBLACK-PREMIUM,200,,deny,manual,314.99,799.00,TRUE,TRUE,
samsung-galaxy-s22,Samsung Galaxy S22,,,,,,Condition,Premium,Storage,128GB,Color,Phantom White,SAMSUNG-GALAXY-S22-128GB-PHANTOMWHITE-PREMIUM,200,,deny,manual,314.99,799.00,TRUE,TRUE,
samsung-galaxy-s22,Samsung Galaxy S22,,,,,,Condition,Premium,Storage,128GB,Color,Green,SAMSUNG-GALAXY-S22-128GB-GREEN-PREMIUM,200,,deny,manual,314.99,799.00,TRUE,TRUE,
samsung-galaxy-s22,Samsung Galaxy S22,,,,,,Condition,Premium,Storage,128GB,Color,Pink Gold,SAMSUNG-GALAXY-S22-128GB-PINKGOLD-PREMIUM,200,,deny,manual,314.99,799.00,TRUE,TRUE,
samsung-galaxy-s22,Samsung Galaxy S22,,,,,,Condition,Premium,Storage,256GB,Color,Phantom Black,SAMSUNG-GALAXY-S22-256GB-PHANTOMBLACK-PREMIUM,200,,deny,manual,336.99,849.00,TRUE,TRUE,
samsung-galaxy-s22,Samsung Galaxy S22,,,,,,Condition,Premium,Storage,256GB,Color,Phantom White,SAMSUNG-GALAXY-S22-256GB-PHANTOMWHITE-PREMIUM,200,,deny,manual,336.99,849.00,TRUE,TRUE,
samsung-galaxy-s22,Samsung Galaxy S22,,,,,,Condition,Premium,Storage,256GB,Color,Green,SAMSUNG-GALAXY-S22-256GB-GREEN-PREMIUM,200,,deny,manual,336.99,849.00,TRUE,TRUE,
samsung-galaxy-s22,Samsung Galaxy S22,,,,,,Condition,Premium,Storage,256GB,Color,Pink Gold,SAMSUNG-GALAXY-S22-256GB-PINKGOLD-PREMIUM,200,,deny,manual,336.99,849.00,TRUE,TRUE,
samsung-galaxy-s22-plus,Samsung Galaxy S22+,"<p>Samsung Galaxy S22+, unlocked. Professionally refurbished, tested on up to 100 points, wiped and reset. 1-year warranty and free 30-day returns.</p><p><strong>Premium</strong> grade includes a brand-new battery.</p>",Samsung,Smartphone,"condition:refurbished, Samsung, Samsung Galaxy, Android, Smartphones, unlocked",TRUE,Condition,Fair,Storage,128GB,Color,Phantom Black,SAMSUNG-GALAXY-S22-PLUS-128GB-PHANTOMBLACK-FAIR,200,,deny,manual,282.99,999.00,TRUE,TRUE,draft
samsung-galaxy-s22-plus,Samsung Galaxy S22+,,,,,,Condition,Fair,Storage,128GB,Color,Phantom White,SAMSUNG-GALAXY-S22-PLUS-128GB-PHANTOMWHITE-FAIR,200,,deny,manual,282.99,999.00,TRUE,TRUE,
samsung-galaxy-s22-plus,Samsung Galaxy S22+,,,,,,Condition,Fair,Storage,128GB,Color,Green,SAMSUNG-GALAXY-S22-PLUS-128GB-GREEN-FAIR,200,,deny,manual,282.99,999.00,TRUE,TRUE,
samsung-galaxy-s22-plus,Samsung Galaxy S22+,,,,,,Condition,Fair,Storage,128GB,Color,Pink Gold,SAMSUNG-GALAXY-S22-PLUS-128GB-PINKGOLD-FAIR,200,,deny,manual,282.99,999.00,TRUE,TRUE,
samsung-galaxy-s22-plus,Samsung Galaxy S22+,,,,,,Condition,Fair,Storage,256GB,Color,Phantom Black,SAMSUNG-GALAXY-S22-PLUS-256GB-PHANTOMBLACK-FAIR,200,,deny,manual,305.99,1049.00,TRUE,TRUE,
samsung-galaxy-s22-plus,Samsung Galaxy S22+,,,,,,Condition,Fair,Storage,256GB,Color,Phantom White,SAMSUNG-GALAXY-S22-PLUS-256GB-PHANTOMWHITE-FAIR,200,,deny,manual,305.99,1049.00,TRUE,TRUE,
samsung-galaxy-s22-plus,Samsung Galaxy S22+,,,,,,Condition,Fair,Storage,256GB,Color,Green,SAMSUNG-GALAXY-S22-PLUS-256GB-GREEN-FAIR,200,,deny,manual,305.99,1049.00,TRUE,TRUE,
samsung-galaxy-s22-plus,Samsung Galaxy S22+,,,,,,Condition,Fair,Storage,256GB,Color,Pink Gold,SAMSUNG-GALAXY-S22-PLUS-256GB-PINKGOLD-FAIR,200,,deny,manual,305.99,1049.00,TRUE,TRUE,
samsung-galaxy-s22-plus,Samsung Galaxy S22+,,,,,,Condition,Good,Storage,128GB,Color,Phantom Black,SAMSUNG-GALAXY-S22-PLUS-128GB-PHANTOMBLACK-GOOD,200,,deny,manual,314.99,999.00,TRUE,TRUE,
samsung-galaxy-s22-plus,Samsung Galaxy S22+,,,,,,Condition,Good,Storage,128GB,Color,Phantom White,SAMSUNG-GALAXY-S22-PLUS-128GB-PHANTOMWHITE-GOOD,200,,deny,manual,314.99,999.00,TRUE,TRUE,
samsung-galaxy-s22-plus,Samsung Galaxy S22+,,,,,,Condition,Good,Storage,128GB,Color,Green,SAMSUNG-GALAXY-S22-PLUS-128GB-GREEN-GOOD,200,,deny,manual,314.99,999.00,TRUE,TRUE,
samsung-galaxy-s22-plus,Samsung Galaxy S22+,,,,,,Condition,Good,Storage,128GB,Color,Pink Gold,SAMSUNG-GALAXY-S22-PLUS-128GB-PINKGOLD-GOOD,200,,deny,manual,314.99,999.00,TRUE,TRUE,
samsung-galaxy-s22-plus,Samsung Galaxy S22+,,,,,,Condition,Good,Storage,256GB,Color,Phantom Black,SAMSUNG-GALAXY-S22-PLUS-256GB-PHANTOMBLACK-GOOD,200,,deny,manual,336.99,1049.00,TRUE,TRUE,
samsung-galaxy-s22-plus,Samsung Galaxy S22+,,,,,,Condition,Good,Storage,256GB,Color,Phantom White,SAMSUNG-GALAXY-S22-PLUS-256GB-PHANTOMWHITE-GOOD,200,,deny,manual,336.99,1049.00,TRUE,TRUE,
samsung-galaxy-s22-plus,Samsung Galaxy S22+,,,,,,Condition,Good,Storage,256GB,Color,Green,SAMSUNG-GALAXY-S22-PLUS-256GB-GREEN-GOOD,200,,deny,manual,336.99,1049.00,TRUE,TRUE,
samsung-galaxy-s22-plus,Samsung Galaxy S22+,,,,,,Condition,Good,Storage,256GB,Color,Pink Gold,SAMSUNG-GALAXY-S22-PLUS-256GB-PINKGOLD-GOOD,200,,deny,manual,336.99,1049.00,TRUE,TRUE,
samsung-galaxy-s22-plus,Samsung Galaxy S22+,,,,,,Condition,Excellent,Storage,128GB,Color,Phantom Black,SAMSUNG-GALAXY-S22-PLUS-128GB-PHANTOMBLACK-EXCELLENT,200,,deny,manual,351.99,999.00,TRUE,TRUE,
samsung-galaxy-s22-plus,Samsung Galaxy S22+,,,,,,Condition,Excellent,Storage,128GB,Color,Phantom White,SAMSUNG-GALAXY-S22-PLUS-128GB-PHANTOMWHITE-EXCELLENT,200,,deny,manual,351.99,999.00,TRUE,TRUE,
samsung-galaxy-s22-plus,Samsung Galaxy S22+,,,,,,Condition,Excellent,Storage,128GB,Color,Green,SAMSUNG-GALAXY-S22-PLUS-128GB-GREEN-EXCELLENT,200,,deny,manual,351.99,999.00,TRUE,TRUE,
samsung-galaxy-s22-plus,Samsung Galaxy S22+,,,,,,Condition,Excellent,Storage,128GB,Color,Pink Gold,SAMSUNG-GALAXY-S22-PLUS-128GB-PINKGOLD-EXCELLENT,200,,deny,manual,351.99,999.00,TRUE,TRUE,
samsung-galaxy-s22-plus,Samsung Galaxy S22+,,,,,,Condition,Excellent,Storage,256GB,Color,Phantom Black,SAMSUNG-GALAXY-S22-PLUS-256GB-PHANTOMBLACK-EXCELLENT,200,,deny,manual,374.99,1049.00,TRUE,TRUE,
samsung-galaxy-s22-plus,Samsung Galaxy S22+,,,,,,Condition,Excellent,Storage,256GB,Color,Phantom White,SAMSUNG-GALAXY-S22-PLUS-256GB-PHANTOMWHITE-EXCELLENT,200,,deny,manual,374.99,1049.00,TRUE,TRUE,
samsung-galaxy-s22-plus,Samsung Galaxy S22+,,,,,,Condition,Excellent,Storage,256GB,Color,Green,SAMSUNG-GALAXY-S22-PLUS-256GB-GREEN-EXCELLENT,200,,deny,manual,374.99,1049.00,TRUE,TRUE,
samsung-galaxy-s22-plus,Samsung Galaxy S22+,,,,,,Condition,Excellent,Storage,256GB,Color,Pink Gold,SAMSUNG-GALAXY-S22-PLUS-256GB-PINKGOLD-EXCELLENT,200,,deny,manual,374.99,1049.00,TRUE,TRUE,
samsung-galaxy-s22-plus,Samsung Galaxy S22+,,,,,,Condition,Premium,Storage,128GB,Color,Phantom Black,SAMSUNG-GALAXY-S22-PLUS-128GB-PHANTOMBLACK-PREMIUM,200,,deny,manual,392.99,999.00,TRUE,TRUE,
samsung-galaxy-s22-plus,Samsung Galaxy S22+,,,,,,Condition,Premium,Storage,128GB,Color,Phantom White,SAMSUNG-GALAXY-S22-PLUS-128GB-PHANTOMWHITE-PREMIUM,200,,deny,manual,392.99,999.00,TRUE,TRUE,
samsung-galaxy-s22-plus,Samsung Galaxy S22+,,,,,,Condition,Premium,Storage,128GB,Color,Green,SAMSUNG-GALAXY-S22-PLUS-128GB-GREEN-PREMIUM,200,,deny,manual,392.99,999.00,TRUE,TRUE,
samsung-galaxy-s22-plus,Samsung Galaxy S22+,,,,,,Condition,Premium,Storage,128GB,Color,Pink Gold,SAMSUNG-GALAXY-S22-PLUS-128GB-PINKGOLD-PREMIUM,200,,deny,manual,392.99,999.00,TRUE,TRUE,
samsung-galaxy-s22-plus,Samsung Galaxy S22+,,,,,,Condition,Premium,Storage,256GB,Color,Phantom Black,SAMSUNG-GALAXY-S22-PLUS-256GB-PHANTOMBLACK-PREMIUM,200,,deny,manual,415.99,1049.00,TRUE,TRUE,
samsung-galaxy-s22-plus,Samsung Galaxy S22+,,,,,,Condition,Premium,Storage,256GB,Color,Phantom White,SAMSUNG-GALAXY-S22-PLUS-256GB-PHANTOMWHITE-PREMIUM,200,,deny,manual,415.99,1049.00,TRUE,TRUE,
samsung-galaxy-s22-plus,Samsung Galaxy S22+,,,,,,Condition,Premium,Storage,256GB,Color,Green,SAMSUNG-GALAXY-S22-PLUS-256GB-GREEN-PREMIUM,200,,deny,manual,415.99,1049.00,TRUE,TRUE,
samsung-galaxy-s22-plus,Samsung Galaxy S22+,,,,,,Condition,Premium,Storage,256GB,Color,Pink Gold,SAMSUNG-GALAXY-S22-PLUS-256GB-PINKGOLD-PREMIUM,200,,deny,manual,415.99,1049.00,TRUE,TRUE,
samsung-galaxy-s22-ultra,Samsung Galaxy S22 Ultra,"<p>Samsung Galaxy S22 Ultra, unlocked. Professionally refurbished, tested on up to 100 points, wiped and reset. 1-year warranty and free 30-day returns.</p><p><strong>Premium</strong> grade includes a brand-new battery.</p>",Samsung,Smartphone,"condition:refurbished, Samsung, Samsung Galaxy, Android, Smartphones, unlocked",TRUE,Condition,Fair,Storage,128GB,Color,Phantom Black,SAMSUNG-GALAXY-S22-ULTRA-128GB-PHANTOMBLACK-FAIR,200,,deny,manual,339.99,1199.00,TRUE,TRUE,draft
samsung-galaxy-s22-ultra,Samsung Galaxy S22 Ultra,,,,,,Condition,Fair,Storage,128GB,Color,Phantom White,SAMSUNG-GALAXY-S22-ULTRA-128GB-PHANTOMWHITE-FAIR,200,,deny,manual,339.99,1199.00,TRUE,TRUE,
samsung-galaxy-s22-ultra,Samsung Galaxy S22 Ultra,,,,,,Condition,Fair,Storage,128GB,Color,Burgundy,SAMSUNG-GALAXY-S22-ULTRA-128GB-BURGUNDY-FAIR,200,,deny,manual,339.99,1199.00,TRUE,TRUE,
samsung-galaxy-s22-ultra,Samsung Galaxy S22 Ultra,,,,,,Condition,Fair,Storage,128GB,Color,Green,SAMSUNG-GALAXY-S22-ULTRA-128GB-GREEN-FAIR,200,,deny,manual,339.99,1199.00,TRUE,TRUE,
samsung-galaxy-s22-ultra,Samsung Galaxy S22 Ultra,,,,,,Condition,Fair,Storage,256GB,Color,Phantom Black,SAMSUNG-GALAXY-S22-ULTRA-256GB-PHANTOMBLACK-FAIR,200,,deny,manual,384.99,1299.00,TRUE,TRUE,
samsung-galaxy-s22-ultra,Samsung Galaxy S22 Ultra,,,,,,Condition,Fair,Storage,256GB,Color,Phantom White,SAMSUNG-GALAXY-S22-ULTRA-256GB-PHANTOMWHITE-FAIR,200,,deny,manual,384.99,1299.00,TRUE,TRUE,
samsung-galaxy-s22-ultra,Samsung Galaxy S22 Ultra,,,,,,Condition,Fair,Storage,256GB,Color,Burgundy,SAMSUNG-GALAXY-S22-ULTRA-256GB-BURGUNDY-FAIR,200,,deny,manual,384.99,1299.00,TRUE,TRUE,
samsung-galaxy-s22-ultra,Samsung Galaxy S22 Ultra,,,,,,Condition,Fair,Storage,256GB,Color,Green,SAMSUNG-GALAXY-S22-ULTRA-256GB-GREEN-FAIR,200,,deny,manual,384.99,1299.00,TRUE,TRUE,
samsung-galaxy-s22-ultra,Samsung Galaxy S22 Ultra,,,,,,Condition,Fair,Storage,512GB,Color,Phantom Black,SAMSUNG-GALAXY-S22-ULTRA-512GB-PHANTOMBLACK-FAIR,200,,deny,manual,429.99,1399.00,TRUE,TRUE,
samsung-galaxy-s22-ultra,Samsung Galaxy S22 Ultra,,,,,,Condition,Fair,Storage,512GB,Color,Phantom White,SAMSUNG-GALAXY-S22-ULTRA-512GB-PHANTOMWHITE-FAIR,200,,deny,manual,429.99,1399.00,TRUE,TRUE,
samsung-galaxy-s22-ultra,Samsung Galaxy S22 Ultra,,,,,,Condition,Fair,Storage,512GB,Color,Burgundy,SAMSUNG-GALAXY-S22-ULTRA-512GB-BURGUNDY-FAIR,200,,deny,manual,429.99,1399.00,TRUE,TRUE,
samsung-galaxy-s22-ultra,Samsung Galaxy S22 Ultra,,,,,,Condition,Fair,Storage,512GB,Color,Green,SAMSUNG-GALAXY-S22-ULTRA-512GB-GREEN-FAIR,200,,deny,manual,429.99,1399.00,TRUE,TRUE,
samsung-galaxy-s22-ultra,Samsung Galaxy S22 Ultra,,,,,,Condition,Fair,Storage,1TB,Color,Phantom Black,SAMSUNG-GALAXY-S22-ULTRA-1TB-PHANTOMBLACK-FAIR,200,,deny,manual,519.99,1599.00,TRUE,TRUE,
samsung-galaxy-s22-ultra,Samsung Galaxy S22 Ultra,,,,,,Condition,Fair,Storage,1TB,Color,Phantom White,SAMSUNG-GALAXY-S22-ULTRA-1TB-PHANTOMWHITE-FAIR,200,,deny,manual,519.99,1599.00,TRUE,TRUE,
samsung-galaxy-s22-ultra,Samsung Galaxy S22 Ultra,,,,,,Condition,Fair,Storage,1TB,Color,Burgundy,SAMSUNG-GALAXY-S22-ULTRA-1TB-BURGUNDY-FAIR,200,,deny,manual,519.99,1599.00,TRUE,TRUE,
samsung-galaxy-s22-ultra,Samsung Galaxy S22 Ultra,,,,,,Condition,Fair,Storage,1TB,Color,Green,SAMSUNG-GALAXY-S22-ULTRA-1TB-GREEN-FAIR,200,,deny,manual,519.99,1599.00,TRUE,TRUE,
samsung-galaxy-s22-ultra,Samsung Galaxy S22 Ultra,,,,,,Condition,Good,Storage,128GB,Color,Phantom Black,SAMSUNG-GALAXY-S22-ULTRA-128GB-PHANTOMBLACK-GOOD,200,,deny,manual,377.99,1199.00,TRUE,TRUE,
samsung-galaxy-s22-ultra,Samsung Galaxy S22 Ultra,,,,,,Condition,Good,Storage,128GB,Color,Phantom White,SAMSUNG-GALAXY-S22-ULTRA-128GB-PHANTOMWHITE-GOOD,200,,deny,manual,377.99,1199.00,TRUE,TRUE,
samsung-galaxy-s22-ultra,Samsung Galaxy S22 Ultra,,,,,,Condition,Good,Storage,128GB,Color,Burgundy,SAMSUNG-GALAXY-S22-ULTRA-128GB-BURGUNDY-GOOD,200,,deny,manual,377.99,1199.00,TRUE,TRUE,
samsung-galaxy-s22-ultra,Samsung Galaxy S22 Ultra,,,,,,Condition,Good,Storage,128GB,Color,Green,SAMSUNG-GALAXY-S22-ULTRA-128GB-GREEN-GOOD,200,,deny,manual,377.99,1199.00,TRUE,TRUE,
samsung-galaxy-s22-ultra,Samsung Galaxy S22 Ultra,,,,,,Condition,Good,Storage,256GB,Color,Phantom Black,SAMSUNG-GALAXY-S22-ULTRA-256GB-PHANTOMBLACK-GOOD,200,,deny,manual,422.99,1299.00,TRUE,TRUE,
samsung-galaxy-s22-ultra,Samsung Galaxy S22 Ultra,,,,,,Condition,Good,Storage,256GB,Color,Phantom White,SAMSUNG-GALAXY-S22-ULTRA-256GB-PHANTOMWHITE-GOOD,200,,deny,manual,422.99,1299.00,TRUE,TRUE,
samsung-galaxy-s22-ultra,Samsung Galaxy S22 Ultra,,,,,,Condition,Good,Storage,256GB,Color,Burgundy,SAMSUNG-GALAXY-S22-ULTRA-256GB-BURGUNDY-GOOD,200,,deny,manual,422.99,1299.00,TRUE,TRUE,
samsung-galaxy-s22-ultra,Samsung Galaxy S22 Ultra,,,,,,Condition,Good,Storage,256GB,Color,Green,SAMSUNG-GALAXY-S22-ULTRA-256GB-GREEN-GOOD,200,,deny,manual,422.99,1299.00,TRUE,TRUE,
samsung-galaxy-s22-ultra,Samsung Galaxy S22 Ultra,,,,,,Condition,Good,Storage,512GB,Color,Phantom Black,SAMSUNG-GALAXY-S22-ULTRA-512GB-PHANTOMBLACK-GOOD,200,,deny,manual,467.99,1399.00,TRUE,TRUE,
samsung-galaxy-s22-ultra,Samsung Galaxy S22 Ultra,,,,,,Condition,Good,Storage,512GB,Color,Phantom White,SAMSUNG-GALAXY-S22-ULTRA-512GB-PHANTOMWHITE-GOOD,200,,deny,manual,467.99,1399.00,TRUE,TRUE,
samsung-galaxy-s22-ultra,Samsung Galaxy S22 Ultra,,,,,,Condition,Good,Storage,512GB,Color,Burgundy,SAMSUNG-GALAXY-S22-ULTRA-512GB-BURGUNDY-GOOD,200,,deny,manual,467.99,1399.00,TRUE,TRUE,
samsung-galaxy-s22-ultra,Samsung Galaxy S22 Ultra,,,,,,Condition,Good,Storage,512GB,Color,Green,SAMSUNG-GALAXY-S22-ULTRA-512GB-GREEN-GOOD,200,,deny,manual,467.99,1399.00,TRUE,TRUE,
samsung-galaxy-s22-ultra,Samsung Galaxy S22 Ultra,,,,,,Condition,Good,Storage,1TB,Color,Phantom Black,SAMSUNG-GALAXY-S22-ULTRA-1TB-PHANTOMBLACK-GOOD,200,,deny,manual,557.99,1599.00,TRUE,TRUE,
samsung-galaxy-s22-ultra,Samsung Galaxy S22 Ultra,,,,,,Condition,Good,Storage,1TB,Color,Phantom White,SAMSUNG-GALAXY-S22-ULTRA-1TB-PHANTOMWHITE-GOOD,200,,deny,manual,557.99,1599.00,TRUE,TRUE,
samsung-galaxy-s22-ultra,Samsung Galaxy S22 Ultra,,,,,,Condition,Good,Storage,1TB,Color,Burgundy,SAMSUNG-GALAXY-S22-ULTRA-1TB-BURGUNDY-GOOD,200,,deny,manual,557.99,1599.00,TRUE,TRUE,
samsung-galaxy-s22-ultra,Samsung Galaxy S22 Ultra,,,,,,Condition,Good,Storage,1TB,Color,Green,SAMSUNG-GALAXY-S22-ULTRA-1TB-GREEN-GOOD,200,,deny,manual,557.99,1599.00,TRUE,TRUE,
samsung-galaxy-s22-ultra,Samsung Galaxy S22 Ultra,,,,,,Condition,Excellent,Storage,128GB,Color,Phantom Black,SAMSUNG-GALAXY-S22-ULTRA-128GB-PHANTOMBLACK-EXCELLENT,200,,deny,manual,422.99,1199.00,TRUE,TRUE,
samsung-galaxy-s22-ultra,Samsung Galaxy S22 Ultra,,,,,,Condition,Excellent,Storage,128GB,Color,Phantom White,SAMSUNG-GALAXY-S22-ULTRA-128GB-PHANTOMWHITE-EXCELLENT,200,,deny,manual,422.99,1199.00,TRUE,TRUE,
samsung-galaxy-s22-ultra,Samsung Galaxy S22 Ultra,,,,,,Condition,Excellent,Storage,128GB,Color,Burgundy,SAMSUNG-GALAXY-S22-ULTRA-128GB-BURGUNDY-EXCELLENT,200,,deny,manual,422.99,1199.00,TRUE,TRUE,
samsung-galaxy-s22-ultra,Samsung Galaxy S22 Ultra,,,,,,Condition,Excellent,Storage,128GB,Color,Green,SAMSUNG-GALAXY-S22-ULTRA-128GB-GREEN-EXCELLENT,200,,deny,manual,422.99,1199.00,TRUE,TRUE,
samsung-galaxy-s22-ultra,Samsung Galaxy S22 Ultra,,,,,,Condition,Excellent,Storage,256GB,Color,Phantom Black,SAMSUNG-GALAXY-S22-ULTRA-256GB-PHANTOMBLACK-EXCELLENT,200,,deny,manual,467.99,1299.00,TRUE,TRUE,
samsung-galaxy-s22-ultra,Samsung Galaxy S22 Ultra,,,,,,Condition,Excellent,Storage,256GB,Color,Phantom White,SAMSUNG-GALAXY-S22-ULTRA-256GB-PHANTOMWHITE-EXCELLENT,200,,deny,manual,467.99,1299.00,TRUE,TRUE,
samsung-galaxy-s22-ultra,Samsung Galaxy S22 Ultra,,,,,,Condition,Excellent,Storage,256GB,Color,Burgundy,SAMSUNG-GALAXY-S22-ULTRA-256GB-BURGUNDY-EXCELLENT,200,,deny,manual,467.99,1299.00,TRUE,TRUE,
samsung-galaxy-s22-ultra,Samsung Galaxy S22 Ultra,,,,,,Condition,Excellent,Storage,256GB,Color,Green,SAMSUNG-GALAXY-S22-ULTRA-256GB-GREEN-EXCELLENT,200,,deny,manual,467.99,1299.00,TRUE,TRUE,
samsung-galaxy-s22-ultra,Samsung Galaxy S22 Ultra,,,,,,Condition,Excellent,Storage,512GB,Color,Phantom Black,SAMSUNG-GALAXY-S22-ULTRA-512GB-PHANTOMBLACK-EXCELLENT,200,,deny,manual,512.99,1399.00,TRUE,TRUE,
samsung-galaxy-s22-ultra,Samsung Galaxy S22 Ultra,,,,,,Condition,Excellent,Storage,512GB,Color,Phantom White,SAMSUNG-GALAXY-S22-ULTRA-512GB-PHANTOMWHITE-EXCELLENT,200,,deny,manual,512.99,1399.00,TRUE,TRUE,
samsung-galaxy-s22-ultra,Samsung Galaxy S22 Ultra,,,,,,Condition,Excellent,Storage,512GB,Color,Burgundy,SAMSUNG-GALAXY-S22-ULTRA-512GB-BURGUNDY-EXCELLENT,200,,deny,manual,512.99,1399.00,TRUE,TRUE,
samsung-galaxy-s22-ultra,Samsung Galaxy S22 Ultra,,,,,,Condition,Excellent,Storage,512GB,Color,Green,SAMSUNG-GALAXY-S22-ULTRA-512GB-GREEN-EXCELLENT,200,,deny,manual,512.99,1399.00,TRUE,TRUE,
samsung-galaxy-s22-ultra,Samsung Galaxy S22 Ultra,,,,,,Condition,Excellent,Storage,1TB,Color,Phantom Black,SAMSUNG-GALAXY-S22-ULTRA-1TB-PHANTOMBLACK-EXCELLENT,200,,deny,manual,602.99,1599.00,TRUE,TRUE,
samsung-galaxy-s22-ultra,Samsung Galaxy S22 Ultra,,,,,,Condition,Excellent,Storage,1TB,Color,Phantom White,SAMSUNG-GALAXY-S22-ULTRA-1TB-PHANTOMWHITE-EXCELLENT,200,,deny,manual,602.99,1599.00,TRUE,TRUE,
samsung-galaxy-s22-ultra,Samsung Galaxy S22 Ultra,,,,,,Condition,Excellent,Storage,1TB,Color,Burgundy,SAMSUNG-GALAXY-S22-ULTRA-1TB-BURGUNDY-EXCELLENT,200,,deny,manual,602.99,1599.00,TRUE,TRUE,
samsung-galaxy-s22-ultra,Samsung Galaxy S22 Ultra,,,,,,Condition,Excellent,Storage,1TB,Color,Green,SAMSUNG-GALAXY-S22-ULTRA-1TB-GREEN-EXCELLENT,200,,deny,manual,602.99,1599.00,TRUE,TRUE,
samsung-galaxy-s22-ultra,Samsung Galaxy S22 Ultra,,,,,,Condition,Premium,Storage,128GB,Color,Phantom Black,SAMSUNG-GALAXY-S22-ULTRA-128GB-PHANTOMBLACK-PREMIUM,200,,deny,manual,471.99,1199.00,TRUE,TRUE,
samsung-galaxy-s22-ultra,Samsung Galaxy S22 Ultra,,,,,,Condition,Premium,Storage,128GB,Color,Phantom White,SAMSUNG-GALAXY-S22-ULTRA-128GB-PHANTOMWHITE-PREMIUM,200,,deny,manual,471.99,1199.00,TRUE,TRUE,
samsung-galaxy-s22-ultra,Samsung Galaxy S22 Ultra,,,,,,Condition,Premium,Storage,128GB,Color,Burgundy,SAMSUNG-GALAXY-S22-ULTRA-128GB-BURGUNDY-PREMIUM,200,,deny,manual,471.99,1199.00,TRUE,TRUE,
samsung-galaxy-s22-ultra,Samsung Galaxy S22 Ultra,,,,,,Condition,Premium,Storage,128GB,Color,Green,SAMSUNG-GALAXY-S22-ULTRA-128GB-GREEN-PREMIUM,200,,deny,manual,471.99,1199.00,TRUE,TRUE,
samsung-galaxy-s22-ultra,Samsung Galaxy S22 Ultra,,,,,,Condition,Premium,Storage,256GB,Color,Phantom Black,SAMSUNG-GALAXY-S22-ULTRA-256GB-PHANTOMBLACK-PREMIUM,200,,deny,manual,516.99,1299.00,TRUE,TRUE,
samsung-galaxy-s22-ultra,Samsung Galaxy S22 Ultra,,,,,,Condition,Premium,Storage,256GB,Color,Phantom White,SAMSUNG-GALAXY-S22-ULTRA-256GB-PHANTOMWHITE-PREMIUM,200,,deny,manual,516.99,1299.00,TRUE,TRUE,
samsung-galaxy-s22-ultra,Samsung Galaxy S22 Ultra,,,,,,Condition,Premium,Storage,256GB,Color,Burgundy,SAMSUNG-GALAXY-S22-ULTRA-256GB-BURGUNDY-PREMIUM,200,,deny,manual,516.99,1299.00,TRUE,TRUE,
samsung-galaxy-s22-ultra,Samsung Galaxy S22 Ultra,,,,,,Condition,Premium,Storage,256GB,Color,Green,SAMSUNG-GALAXY-S22-ULTRA-256GB-GREEN-PREMIUM,200,,deny,manual,516.99,1299.00,TRUE,TRUE,
samsung-galaxy-s22-ultra,Samsung Galaxy S22 Ultra,,,,,,Condition,Premium,Storage,512GB,Color,Phantom Black,SAMSUNG-GALAXY-S22-ULTRA-512GB-PHANTOMBLACK-PREMIUM,200,,deny,manual,561.99,1399.00,TRUE,TRUE,
samsung-galaxy-s22-ultra,Samsung Galaxy S22 Ultra,,,,,,Condition,Premium,Storage,512GB,Color,Phantom White,SAMSUNG-GALAXY-S22-ULTRA-512GB-PHANTOMWHITE-PREMIUM,200,,deny,manual,561.99,1399.00,TRUE,TRUE,
samsung-galaxy-s22-ultra,Samsung Galaxy S22 Ultra,,,,,,Condition,Premium,Storage,512GB,Color,Burgundy,SAMSUNG-GALAXY-S22-ULTRA-512GB-BURGUNDY-PREMIUM,200,,deny,manual,561.99,1399.00,TRUE,TRUE,
samsung-galaxy-s22-ultra,Samsung Galaxy S22 Ultra,,,,,,Condition,Premium,Storage,512GB,Color,Green,SAMSUNG-GALAXY-S22-ULTRA-512GB-GREEN-PREMIUM,200,,deny,manual,561.99,1399.00,TRUE,TRUE,
samsung-galaxy-s22-ultra,Samsung Galaxy S22 Ultra,,,,,,Condition,Premium,Storage,1TB,Color,Phantom Black,SAMSUNG-GALAXY-S22-ULTRA-1TB-PHANTOMBLACK-PREMIUM,200,,deny,manual,651.99,1599.00,TRUE,TRUE,
samsung-galaxy-s22-ultra,Samsung Galaxy S22 Ultra,,,,,,Condition,Premium,Storage,1TB,Color,Phantom White,SAMSUNG-GALAXY-S22-ULTRA-1TB-PHANTOMWHITE-PREMIUM,200,,deny,manual,651.99,1599.00,TRUE,TRUE,
samsung-galaxy-s22-ultra,Samsung Galaxy S22 Ultra,,,,,,Condition,Premium,Storage,1TB,Color,Burgundy,SAMSUNG-GALAXY-S22-ULTRA-1TB-BURGUNDY-PREMIUM,200,,deny,manual,651.99,1599.00,TRUE,TRUE,
samsung-galaxy-s22-ultra,Samsung Galaxy S22 Ultra,,,,,,Condition,Premium,Storage,1TB,Color,Green,SAMSUNG-GALAXY-S22-ULTRA-1TB-GREEN-PREMIUM,200,,deny,manual,651.99,1599.00,TRUE,TRUE,
samsung-galaxy-s23,Samsung Galaxy S23,"<p>Samsung Galaxy S23, unlocked. Professionally refurbished, tested on up to 100 points, wiped and reset. 1-year warranty and free 30-day returns.</p><p><strong>Premium</strong> grade includes a brand-new battery.</p>",Samsung,Smartphone,"condition:refurbished, Samsung, Samsung Galaxy, Android, Smartphones, unlocked",TRUE,Condition,Fair,Storage,128GB,Color,Phantom Black,SAMSUNG-GALAXY-S23-128GB-PHANTOMBLACK-FAIR,200,,deny,manual,269.99,799.00,TRUE,TRUE,draft
samsung-galaxy-s23,Samsung Galaxy S23,,,,,,Condition,Fair,Storage,128GB,Color,Cream,SAMSUNG-GALAXY-S23-128GB-CREAM-FAIR,200,,deny,manual,269.99,799.00,TRUE,TRUE,
samsung-galaxy-s23,Samsung Galaxy S23,,,,,,Condition,Fair,Storage,128GB,Color,Green,SAMSUNG-GALAXY-S23-128GB-GREEN-FAIR,200,,deny,manual,269.99,799.00,TRUE,TRUE,
samsung-galaxy-s23,Samsung Galaxy S23,,,,,,Condition,Fair,Storage,128GB,Color,Lavender,SAMSUNG-GALAXY-S23-128GB-LAVENDER-FAIR,200,,deny,manual,269.99,799.00,TRUE,TRUE,
samsung-galaxy-s23,Samsung Galaxy S23,,,,,,Condition,Fair,Storage,256GB,Color,Phantom Black,SAMSUNG-GALAXY-S23-256GB-PHANTOMBLACK-FAIR,200,,deny,manual,296.99,859.00,TRUE,TRUE,
samsung-galaxy-s23,Samsung Galaxy S23,,,,,,Condition,Fair,Storage,256GB,Color,Cream,SAMSUNG-GALAXY-S23-256GB-CREAM-FAIR,200,,deny,manual,296.99,859.00,TRUE,TRUE,
samsung-galaxy-s23,Samsung Galaxy S23,,,,,,Condition,Fair,Storage,256GB,Color,Green,SAMSUNG-GALAXY-S23-256GB-GREEN-FAIR,200,,deny,manual,296.99,859.00,TRUE,TRUE,
samsung-galaxy-s23,Samsung Galaxy S23,,,,,,Condition,Fair,Storage,256GB,Color,Lavender,SAMSUNG-GALAXY-S23-256GB-LAVENDER-FAIR,200,,deny,manual,296.99,859.00,TRUE,TRUE,
samsung-galaxy-s23,Samsung Galaxy S23,,,,,,Condition,Good,Storage,128GB,Color,Phantom Black,SAMSUNG-GALAXY-S23-128GB-PHANTOMBLACK-GOOD,200,,deny,manual,299.99,799.00,TRUE,TRUE,
samsung-galaxy-s23,Samsung Galaxy S23,,,,,,Condition,Good,Storage,128GB,Color,Cream,SAMSUNG-GALAXY-S23-128GB-CREAM-GOOD,200,,deny,manual,299.99,799.00,TRUE,TRUE,
samsung-galaxy-s23,Samsung Galaxy S23,,,,,,Condition,Good,Storage,128GB,Color,Green,SAMSUNG-GALAXY-S23-128GB-GREEN-GOOD,200,,deny,manual,299.99,799.00,TRUE,TRUE,
samsung-galaxy-s23,Samsung Galaxy S23,,,,,,Condition,Good,Storage,128GB,Color,Lavender,SAMSUNG-GALAXY-S23-128GB-LAVENDER-GOOD,200,,deny,manual,299.99,799.00,TRUE,TRUE,
samsung-galaxy-s23,Samsung Galaxy S23,,,,,,Condition,Good,Storage,256GB,Color,Phantom Black,SAMSUNG-GALAXY-S23-256GB-PHANTOMBLACK-GOOD,200,,deny,manual,326.99,859.00,TRUE,TRUE,
samsung-galaxy-s23,Samsung Galaxy S23,,,,,,Condition,Good,Storage,256GB,Color,Cream,SAMSUNG-GALAXY-S23-256GB-CREAM-GOOD,200,,deny,manual,326.99,859.00,TRUE,TRUE,
samsung-galaxy-s23,Samsung Galaxy S23,,,,,,Condition,Good,Storage,256GB,Color,Green,SAMSUNG-GALAXY-S23-256GB-GREEN-GOOD,200,,deny,manual,326.99,859.00,TRUE,TRUE,
samsung-galaxy-s23,Samsung Galaxy S23,,,,,,Condition,Good,Storage,256GB,Color,Lavender,SAMSUNG-GALAXY-S23-256GB-LAVENDER-GOOD,200,,deny,manual,326.99,859.00,TRUE,TRUE,
samsung-galaxy-s23,Samsung Galaxy S23,,,,,,Condition,Excellent,Storage,128GB,Color,Phantom Black,SAMSUNG-GALAXY-S23-128GB-PHANTOMBLACK-EXCELLENT,200,,deny,manual,335.99,799.00,TRUE,TRUE,
samsung-galaxy-s23,Samsung Galaxy S23,,,,,,Condition,Excellent,Storage,128GB,Color,Cream,SAMSUNG-GALAXY-S23-128GB-CREAM-EXCELLENT,200,,deny,manual,335.99,799.00,TRUE,TRUE,
samsung-galaxy-s23,Samsung Galaxy S23,,,,,,Condition,Excellent,Storage,128GB,Color,Green,SAMSUNG-GALAXY-S23-128GB-GREEN-EXCELLENT,200,,deny,manual,335.99,799.00,TRUE,TRUE,
samsung-galaxy-s23,Samsung Galaxy S23,,,,,,Condition,Excellent,Storage,128GB,Color,Lavender,SAMSUNG-GALAXY-S23-128GB-LAVENDER-EXCELLENT,200,,deny,manual,335.99,799.00,TRUE,TRUE,
samsung-galaxy-s23,Samsung Galaxy S23,,,,,,Condition,Excellent,Storage,256GB,Color,Phantom Black,SAMSUNG-GALAXY-S23-256GB-PHANTOMBLACK-EXCELLENT,200,,deny,manual,362.99,859.00,TRUE,TRUE,
samsung-galaxy-s23,Samsung Galaxy S23,,,,,,Condition,Excellent,Storage,256GB,Color,Cream,SAMSUNG-GALAXY-S23-256GB-CREAM-EXCELLENT,200,,deny,manual,362.99,859.00,TRUE,TRUE,
samsung-galaxy-s23,Samsung Galaxy S23,,,,,,Condition,Excellent,Storage,256GB,Color,Green,SAMSUNG-GALAXY-S23-256GB-GREEN-EXCELLENT,200,,deny,manual,362.99,859.00,TRUE,TRUE,
samsung-galaxy-s23,Samsung Galaxy S23,,,,,,Condition,Excellent,Storage,256GB,Color,Lavender,SAMSUNG-GALAXY-S23-256GB-LAVENDER-EXCELLENT,200,,deny,manual,362.99,859.00,TRUE,TRUE,
samsung-galaxy-s23,Samsung Galaxy S23,,,,,,Condition,Premium,Storage,128GB,Color,Phantom Black,SAMSUNG-GALAXY-S23-128GB-PHANTOMBLACK-PREMIUM,200,,deny,manual,374.99,799.00,TRUE,TRUE,
samsung-galaxy-s23,Samsung Galaxy S23,,,,,,Condition,Premium,Storage,128GB,Color,Cream,SAMSUNG-GALAXY-S23-128GB-CREAM-PREMIUM,200,,deny,manual,374.99,799.00,TRUE,TRUE,
samsung-galaxy-s23,Samsung Galaxy S23,,,,,,Condition,Premium,Storage,128GB,Color,Green,SAMSUNG-GALAXY-S23-128GB-GREEN-PREMIUM,200,,deny,manual,374.99,799.00,TRUE,TRUE,
samsung-galaxy-s23,Samsung Galaxy S23,,,,,,Condition,Premium,Storage,128GB,Color,Lavender,SAMSUNG-GALAXY-S23-128GB-LAVENDER-PREMIUM,200,,deny,manual,374.99,799.00,TRUE,TRUE,
samsung-galaxy-s23,Samsung Galaxy S23,,,,,,Condition,Premium,Storage,256GB,Color,Phantom Black,SAMSUNG-GALAXY-S23-256GB-PHANTOMBLACK-PREMIUM,200,,deny,manual,401.99,859.00,TRUE,TRUE,
samsung-galaxy-s23,Samsung Galaxy S23,,,,,,Condition,Premium,Storage,256GB,Color,Cream,SAMSUNG-GALAXY-S23-256GB-CREAM-PREMIUM,200,,deny,manual,401.99,859.00,TRUE,TRUE,
samsung-galaxy-s23,Samsung Galaxy S23,,,,,,Condition,Premium,Storage,256GB,Color,Green,SAMSUNG-GALAXY-S23-256GB-GREEN-PREMIUM,200,,deny,manual,401.99,859.00,TRUE,TRUE,
samsung-galaxy-s23,Samsung Galaxy S23,,,,,,Condition,Premium,Storage,256GB,Color,Lavender,SAMSUNG-GALAXY-S23-256GB-LAVENDER-PREMIUM,200,,deny,manual,401.99,859.00,TRUE,TRUE,
samsung-galaxy-s23-plus,Samsung Galaxy S23+,"<p>Samsung Galaxy S23+, unlocked. Professionally refurbished, tested on up to 100 points, wiped and reset. 1-year warranty and free 30-day returns.</p><p><strong>Premium</strong> grade includes a brand-new battery.</p>",Samsung,Smartphone,"condition:refurbished, Samsung, Samsung Galaxy, Android, Smartphones, unlocked",TRUE,Condition,Fair,Storage,256GB,Color,Phantom Black,SAMSUNG-GALAXY-S23-PLUS-256GB-PHANTOMBLACK-FAIR,200,,deny,manual,336.99,999.00,TRUE,TRUE,draft
samsung-galaxy-s23-plus,Samsung Galaxy S23+,,,,,,Condition,Fair,Storage,256GB,Color,Cream,SAMSUNG-GALAXY-S23-PLUS-256GB-CREAM-FAIR,200,,deny,manual,336.99,999.00,TRUE,TRUE,
samsung-galaxy-s23-plus,Samsung Galaxy S23+,,,,,,Condition,Fair,Storage,256GB,Color,Green,SAMSUNG-GALAXY-S23-PLUS-256GB-GREEN-FAIR,200,,deny,manual,336.99,999.00,TRUE,TRUE,
samsung-galaxy-s23-plus,Samsung Galaxy S23+,,,,,,Condition,Fair,Storage,256GB,Color,Lavender,SAMSUNG-GALAXY-S23-PLUS-256GB-LAVENDER-FAIR,200,,deny,manual,336.99,999.00,TRUE,TRUE,
samsung-galaxy-s23-plus,Samsung Galaxy S23+,,,,,,Condition,Fair,Storage,512GB,Color,Phantom Black,SAMSUNG-GALAXY-S23-PLUS-512GB-PHANTOMBLACK-FAIR,200,,deny,manual,390.99,1119.00,TRUE,TRUE,
samsung-galaxy-s23-plus,Samsung Galaxy S23+,,,,,,Condition,Fair,Storage,512GB,Color,Cream,SAMSUNG-GALAXY-S23-PLUS-512GB-CREAM-FAIR,200,,deny,manual,390.99,1119.00,TRUE,TRUE,
samsung-galaxy-s23-plus,Samsung Galaxy S23+,,,,,,Condition,Fair,Storage,512GB,Color,Green,SAMSUNG-GALAXY-S23-PLUS-512GB-GREEN-FAIR,200,,deny,manual,390.99,1119.00,TRUE,TRUE,
samsung-galaxy-s23-plus,Samsung Galaxy S23+,,,,,,Condition,Fair,Storage,512GB,Color,Lavender,SAMSUNG-GALAXY-S23-PLUS-512GB-LAVENDER-FAIR,200,,deny,manual,390.99,1119.00,TRUE,TRUE,
samsung-galaxy-s23-plus,Samsung Galaxy S23+,,,,,,Condition,Good,Storage,256GB,Color,Phantom Black,SAMSUNG-GALAXY-S23-PLUS-256GB-PHANTOMBLACK-GOOD,200,,deny,manual,374.99,999.00,TRUE,TRUE,
samsung-galaxy-s23-plus,Samsung Galaxy S23+,,,,,,Condition,Good,Storage,256GB,Color,Cream,SAMSUNG-GALAXY-S23-PLUS-256GB-CREAM-GOOD,200,,deny,manual,374.99,999.00,TRUE,TRUE,
samsung-galaxy-s23-plus,Samsung Galaxy S23+,,,,,,Condition,Good,Storage,256GB,Color,Green,SAMSUNG-GALAXY-S23-PLUS-256GB-GREEN-GOOD,200,,deny,manual,374.99,999.00,TRUE,TRUE,
samsung-galaxy-s23-plus,Samsung Galaxy S23+,,,,,,Condition,Good,Storage,256GB,Color,Lavender,SAMSUNG-GALAXY-S23-PLUS-256GB-LAVENDER-GOOD,200,,deny,manual,374.99,999.00,TRUE,TRUE,
samsung-galaxy-s23-plus,Samsung Galaxy S23+,,,,,,Condition,Good,Storage,512GB,Color,Phantom Black,SAMSUNG-GALAXY-S23-PLUS-512GB-PHANTOMBLACK-GOOD,200,,deny,manual,428.99,1119.00,TRUE,TRUE,
samsung-galaxy-s23-plus,Samsung Galaxy S23+,,,,,,Condition,Good,Storage,512GB,Color,Cream,SAMSUNG-GALAXY-S23-PLUS-512GB-CREAM-GOOD,200,,deny,manual,428.99,1119.00,TRUE,TRUE,
samsung-galaxy-s23-plus,Samsung Galaxy S23+,,,,,,Condition,Good,Storage,512GB,Color,Green,SAMSUNG-GALAXY-S23-PLUS-512GB-GREEN-GOOD,200,,deny,manual,428.99,1119.00,TRUE,TRUE,
samsung-galaxy-s23-plus,Samsung Galaxy S23+,,,,,,Condition,Good,Storage,512GB,Color,Lavender,SAMSUNG-GALAXY-S23-PLUS-512GB-LAVENDER-GOOD,200,,deny,manual,428.99,1119.00,TRUE,TRUE,
samsung-galaxy-s23-plus,Samsung Galaxy S23+,,,,,,Condition,Excellent,Storage,256GB,Color,Phantom Black,SAMSUNG-GALAXY-S23-PLUS-256GB-PHANTOMBLACK-EXCELLENT,200,,deny,manual,419.99,999.00,TRUE,TRUE,
samsung-galaxy-s23-plus,Samsung Galaxy S23+,,,,,,Condition,Excellent,Storage,256GB,Color,Cream,SAMSUNG-GALAXY-S23-PLUS-256GB-CREAM-EXCELLENT,200,,deny,manual,419.99,999.00,TRUE,TRUE,
samsung-galaxy-s23-plus,Samsung Galaxy S23+,,,,,,Condition,Excellent,Storage,256GB,Color,Green,SAMSUNG-GALAXY-S23-PLUS-256GB-GREEN-EXCELLENT,200,,deny,manual,419.99,999.00,TRUE,TRUE,
samsung-galaxy-s23-plus,Samsung Galaxy S23+,,,,,,Condition,Excellent,Storage,256GB,Color,Lavender,SAMSUNG-GALAXY-S23-PLUS-256GB-LAVENDER-EXCELLENT,200,,deny,manual,419.99,999.00,TRUE,TRUE,
samsung-galaxy-s23-plus,Samsung Galaxy S23+,,,,,,Condition,Excellent,Storage,512GB,Color,Phantom Black,SAMSUNG-GALAXY-S23-PLUS-512GB-PHANTOMBLACK-EXCELLENT,200,,deny,manual,473.99,1119.00,TRUE,TRUE,
samsung-galaxy-s23-plus,Samsung Galaxy S23+,,,,,,Condition,Excellent,Storage,512GB,Color,Cream,SAMSUNG-GALAXY-S23-PLUS-512GB-CREAM-EXCELLENT,200,,deny,manual,473.99,1119.00,TRUE,TRUE,
samsung-galaxy-s23-plus,Samsung Galaxy S23+,,,,,,Condition,Excellent,Storage,512GB,Color,Green,SAMSUNG-GALAXY-S23-PLUS-512GB-GREEN-EXCELLENT,200,,deny,manual,473.99,1119.00,TRUE,TRUE,
samsung-galaxy-s23-plus,Samsung Galaxy S23+,,,,,,Condition,Excellent,Storage,512GB,Color,Lavender,SAMSUNG-GALAXY-S23-PLUS-512GB-LAVENDER-EXCELLENT,200,,deny,manual,473.99,1119.00,TRUE,TRUE,
samsung-galaxy-s23-plus,Samsung Galaxy S23+,,,,,,Condition,Premium,Storage,256GB,Color,Phantom Black,SAMSUNG-GALAXY-S23-PLUS-256GB-PHANTOMBLACK-PREMIUM,200,,deny,manual,467.99,999.00,TRUE,TRUE,
samsung-galaxy-s23-plus,Samsung Galaxy S23+,,,,,,Condition,Premium,Storage,256GB,Color,Cream,SAMSUNG-GALAXY-S23-PLUS-256GB-CREAM-PREMIUM,200,,deny,manual,467.99,999.00,TRUE,TRUE,
samsung-galaxy-s23-plus,Samsung Galaxy S23+,,,,,,Condition,Premium,Storage,256GB,Color,Green,SAMSUNG-GALAXY-S23-PLUS-256GB-GREEN-PREMIUM,200,,deny,manual,467.99,999.00,TRUE,TRUE,
samsung-galaxy-s23-plus,Samsung Galaxy S23+,,,,,,Condition,Premium,Storage,256GB,Color,Lavender,SAMSUNG-GALAXY-S23-PLUS-256GB-LAVENDER-PREMIUM,200,,deny,manual,467.99,999.00,TRUE,TRUE,
samsung-galaxy-s23-plus,Samsung Galaxy S23+,,,,,,Condition,Premium,Storage,512GB,Color,Phantom Black,SAMSUNG-GALAXY-S23-PLUS-512GB-PHANTOMBLACK-PREMIUM,200,,deny,manual,521.99,1119.00,TRUE,TRUE,
samsung-galaxy-s23-plus,Samsung Galaxy S23+,,,,,,Condition,Premium,Storage,512GB,Color,Cream,SAMSUNG-GALAXY-S23-PLUS-512GB-CREAM-PREMIUM,200,,deny,manual,521.99,1119.00,TRUE,TRUE,
samsung-galaxy-s23-plus,Samsung Galaxy S23+,,,,,,Condition,Premium,Storage,512GB,Color,Green,SAMSUNG-GALAXY-S23-PLUS-512GB-GREEN-PREMIUM,200,,deny,manual,521.99,1119.00,TRUE,TRUE,
samsung-galaxy-s23-plus,Samsung Galaxy S23+,,,,,,Condition,Premium,Storage,512GB,Color,Lavender,SAMSUNG-GALAXY-S23-PLUS-512GB-LAVENDER-PREMIUM,200,,deny,manual,521.99,1119.00,TRUE,TRUE,
samsung-galaxy-s23-ultra,Samsung Galaxy S23 Ultra,"<p>Samsung Galaxy S23 Ultra, unlocked. Professionally refurbished, tested on up to 100 points, wiped and reset. 1-year warranty and free 30-day returns.</p><p><strong>Premium</strong> grade includes a brand-new battery.</p>",Samsung,Smartphone,"condition:refurbished, Samsung, Samsung Galaxy, Android, Smartphones, unlocked",TRUE,Condition,Fair,Storage,256GB,Color,Phantom Black,SAMSUNG-GALAXY-S23-ULTRA-256GB-PHANTOMBLACK-FAIR,200,,deny,manual,404.99,1199.00,TRUE,TRUE,draft
samsung-galaxy-s23-ultra,Samsung Galaxy S23 Ultra,,,,,,Condition,Fair,Storage,256GB,Color,Cream,SAMSUNG-GALAXY-S23-ULTRA-256GB-CREAM-FAIR,200,,deny,manual,404.99,1199.00,TRUE,TRUE,
samsung-galaxy-s23-ultra,Samsung Galaxy S23 Ultra,,,,,,Condition,Fair,Storage,256GB,Color,Green,SAMSUNG-GALAXY-S23-ULTRA-256GB-GREEN-FAIR,200,,deny,manual,404.99,1199.00,TRUE,TRUE,
samsung-galaxy-s23-ultra,Samsung Galaxy S23 Ultra,,,,,,Condition,Fair,Storage,256GB,Color,Lavender,SAMSUNG-GALAXY-S23-ULTRA-256GB-LAVENDER-FAIR,200,,deny,manual,404.99,1199.00,TRUE,TRUE,
samsung-galaxy-s23-ultra,Samsung Galaxy S23 Ultra,,,,,,Condition,Fair,Storage,512GB,Color,Phantom Black,SAMSUNG-GALAXY-S23-ULTRA-512GB-PHANTOMBLACK-FAIR,200,,deny,manual,485.99,1379.00,TRUE,TRUE,
samsung-galaxy-s23-ultra,Samsung Galaxy S23 Ultra,,,,,,Condition,Fair,Storage,512GB,Color,Cream,SAMSUNG-GALAXY-S23-ULTRA-512GB-CREAM-FAIR,200,,deny,manual,485.99,1379.00,TRUE,TRUE,
samsung-galaxy-s23-ultra,Samsung Galaxy S23 Ultra,,,,,,Condition,Fair,Storage,512GB,Color,Green,SAMSUNG-GALAXY-S23-ULTRA-512GB-GREEN-FAIR,200,,deny,manual,485.99,1379.00,TRUE,TRUE,
samsung-galaxy-s23-ultra,Samsung Galaxy S23 Ultra,,,,,,Condition,Fair,Storage,512GB,Color,Lavender,SAMSUNG-GALAXY-S23-ULTRA-512GB-LAVENDER-FAIR,200,,deny,manual,485.99,1379.00,TRUE,TRUE,
samsung-galaxy-s23-ultra,Samsung Galaxy S23 Ultra,,,,,,Condition,Fair,Storage,1TB,Color,Phantom Black,SAMSUNG-GALAXY-S23-ULTRA-1TB-PHANTOMBLACK-FAIR,200,,deny,manual,593.99,1619.00,TRUE,TRUE,
samsung-galaxy-s23-ultra,Samsung Galaxy S23 Ultra,,,,,,Condition,Fair,Storage,1TB,Color,Cream,SAMSUNG-GALAXY-S23-ULTRA-1TB-CREAM-FAIR,200,,deny,manual,593.99,1619.00,TRUE,TRUE,
samsung-galaxy-s23-ultra,Samsung Galaxy S23 Ultra,,,,,,Condition,Fair,Storage,1TB,Color,Green,SAMSUNG-GALAXY-S23-ULTRA-1TB-GREEN-FAIR,200,,deny,manual,593.99,1619.00,TRUE,TRUE,
samsung-galaxy-s23-ultra,Samsung Galaxy S23 Ultra,,,,,,Condition,Fair,Storage,1TB,Color,Lavender,SAMSUNG-GALAXY-S23-ULTRA-1TB-LAVENDER-FAIR,200,,deny,manual,593.99,1619.00,TRUE,TRUE,
samsung-galaxy-s23-ultra,Samsung Galaxy S23 Ultra,,,,,,Condition,Good,Storage,256GB,Color,Phantom Black,SAMSUNG-GALAXY-S23-ULTRA-256GB-PHANTOMBLACK-GOOD,200,,deny,manual,449.99,1199.00,TRUE,TRUE,
samsung-galaxy-s23-ultra,Samsung Galaxy S23 Ultra,,,,,,Condition,Good,Storage,256GB,Color,Cream,SAMSUNG-GALAXY-S23-ULTRA-256GB-CREAM-GOOD,200,,deny,manual,449.99,1199.00,TRUE,TRUE,
samsung-galaxy-s23-ultra,Samsung Galaxy S23 Ultra,,,,,,Condition,Good,Storage,256GB,Color,Green,SAMSUNG-GALAXY-S23-ULTRA-256GB-GREEN-GOOD,200,,deny,manual,449.99,1199.00,TRUE,TRUE,
samsung-galaxy-s23-ultra,Samsung Galaxy S23 Ultra,,,,,,Condition,Good,Storage,256GB,Color,Lavender,SAMSUNG-GALAXY-S23-ULTRA-256GB-LAVENDER-GOOD,200,,deny,manual,449.99,1199.00,TRUE,TRUE,
samsung-galaxy-s23-ultra,Samsung Galaxy S23 Ultra,,,,,,Condition,Good,Storage,512GB,Color,Phantom Black,SAMSUNG-GALAXY-S23-ULTRA-512GB-PHANTOMBLACK-GOOD,200,,deny,manual,530.99,1379.00,TRUE,TRUE,
samsung-galaxy-s23-ultra,Samsung Galaxy S23 Ultra,,,,,,Condition,Good,Storage,512GB,Color,Cream,SAMSUNG-GALAXY-S23-ULTRA-512GB-CREAM-GOOD,200,,deny,manual,530.99,1379.00,TRUE,TRUE,
samsung-galaxy-s23-ultra,Samsung Galaxy S23 Ultra,,,,,,Condition,Good,Storage,512GB,Color,Green,SAMSUNG-GALAXY-S23-ULTRA-512GB-GREEN-GOOD,200,,deny,manual,530.99,1379.00,TRUE,TRUE,
samsung-galaxy-s23-ultra,Samsung Galaxy S23 Ultra,,,,,,Condition,Good,Storage,512GB,Color,Lavender,SAMSUNG-GALAXY-S23-ULTRA-512GB-LAVENDER-GOOD,200,,deny,manual,530.99,1379.00,TRUE,TRUE,
samsung-galaxy-s23-ultra,Samsung Galaxy S23 Ultra,,,,,,Condition,Good,Storage,1TB,Color,Phantom Black,SAMSUNG-GALAXY-S23-ULTRA-1TB-PHANTOMBLACK-GOOD,200,,deny,manual,638.99,1619.00,TRUE,TRUE,
samsung-galaxy-s23-ultra,Samsung Galaxy S23 Ultra,,,,,,Condition,Good,Storage,1TB,Color,Cream,SAMSUNG-GALAXY-S23-ULTRA-1TB-CREAM-GOOD,200,,deny,manual,638.99,1619.00,TRUE,TRUE,
samsung-galaxy-s23-ultra,Samsung Galaxy S23 Ultra,,,,,,Condition,Good,Storage,1TB,Color,Green,SAMSUNG-GALAXY-S23-ULTRA-1TB-GREEN-GOOD,200,,deny,manual,638.99,1619.00,TRUE,TRUE,
samsung-galaxy-s23-ultra,Samsung Galaxy S23 Ultra,,,,,,Condition,Good,Storage,1TB,Color,Lavender,SAMSUNG-GALAXY-S23-ULTRA-1TB-LAVENDER-GOOD,200,,deny,manual,638.99,1619.00,TRUE,TRUE,
samsung-galaxy-s23-ultra,Samsung Galaxy S23 Ultra,,,,,,Condition,Excellent,Storage,256GB,Color,Phantom Black,SAMSUNG-GALAXY-S23-ULTRA-256GB-PHANTOMBLACK-EXCELLENT,200,,deny,manual,503.99,1199.00,TRUE,TRUE,
samsung-galaxy-s23-ultra,Samsung Galaxy S23 Ultra,,,,,,Condition,Excellent,Storage,256GB,Color,Cream,SAMSUNG-GALAXY-S23-ULTRA-256GB-CREAM-EXCELLENT,200,,deny,manual,503.99,1199.00,TRUE,TRUE,
samsung-galaxy-s23-ultra,Samsung Galaxy S23 Ultra,,,,,,Condition,Excellent,Storage,256GB,Color,Green,SAMSUNG-GALAXY-S23-ULTRA-256GB-GREEN-EXCELLENT,200,,deny,manual,503.99,1199.00,TRUE,TRUE,
samsung-galaxy-s23-ultra,Samsung Galaxy S23 Ultra,,,,,,Condition,Excellent,Storage,256GB,Color,Lavender,SAMSUNG-GALAXY-S23-ULTRA-256GB-LAVENDER-EXCELLENT,200,,deny,manual,503.99,1199.00,TRUE,TRUE,
samsung-galaxy-s23-ultra,Samsung Galaxy S23 Ultra,,,,,,Condition,Excellent,Storage,512GB,Color,Phantom Black,SAMSUNG-GALAXY-S23-ULTRA-512GB-PHANTOMBLACK-EXCELLENT,200,,deny,manual,584.99,1379.00,TRUE,TRUE,
samsung-galaxy-s23-ultra,Samsung Galaxy S23 Ultra,,,,,,Condition,Excellent,Storage,512GB,Color,Cream,SAMSUNG-GALAXY-S23-ULTRA-512GB-CREAM-EXCELLENT,200,,deny,manual,584.99,1379.00,TRUE,TRUE,
samsung-galaxy-s23-ultra,Samsung Galaxy S23 Ultra,,,,,,Condition,Excellent,Storage,512GB,Color,Green,SAMSUNG-GALAXY-S23-ULTRA-512GB-GREEN-EXCELLENT,200,,deny,manual,584.99,1379.00,TRUE,TRUE,
samsung-galaxy-s23-ultra,Samsung Galaxy S23 Ultra,,,,,,Condition,Excellent,Storage,512GB,Color,Lavender,SAMSUNG-GALAXY-S23-ULTRA-512GB-LAVENDER-EXCELLENT,200,,deny,manual,584.99,1379.00,TRUE,TRUE,
samsung-galaxy-s23-ultra,Samsung Galaxy S23 Ultra,,,,,,Condition,Excellent,Storage,1TB,Color,Phantom Black,SAMSUNG-GALAXY-S23-ULTRA-1TB-PHANTOMBLACK-EXCELLENT,200,,deny,manual,692.99,1619.00,TRUE,TRUE,
samsung-galaxy-s23-ultra,Samsung Galaxy S23 Ultra,,,,,,Condition,Excellent,Storage,1TB,Color,Cream,SAMSUNG-GALAXY-S23-ULTRA-1TB-CREAM-EXCELLENT,200,,deny,manual,692.99,1619.00,TRUE,TRUE,
samsung-galaxy-s23-ultra,Samsung Galaxy S23 Ultra,,,,,,Condition,Excellent,Storage,1TB,Color,Green,SAMSUNG-GALAXY-S23-ULTRA-1TB-GREEN-EXCELLENT,200,,deny,manual,692.99,1619.00,TRUE,TRUE,
samsung-galaxy-s23-ultra,Samsung Galaxy S23 Ultra,,,,,,Condition,Excellent,Storage,1TB,Color,Lavender,SAMSUNG-GALAXY-S23-ULTRA-1TB-LAVENDER-EXCELLENT,200,,deny,manual,692.99,1619.00,TRUE,TRUE,
samsung-galaxy-s23-ultra,Samsung Galaxy S23 Ultra,,,,,,Condition,Premium,Storage,256GB,Color,Phantom Black,SAMSUNG-GALAXY-S23-ULTRA-256GB-PHANTOMBLACK-PREMIUM,200,,deny,manual,561.99,1199.00,TRUE,TRUE,
samsung-galaxy-s23-ultra,Samsung Galaxy S23 Ultra,,,,,,Condition,Premium,Storage,256GB,Color,Cream,SAMSUNG-GALAXY-S23-ULTRA-256GB-CREAM-PREMIUM,200,,deny,manual,561.99,1199.00,TRUE,TRUE,
samsung-galaxy-s23-ultra,Samsung Galaxy S23 Ultra,,,,,,Condition,Premium,Storage,256GB,Color,Green,SAMSUNG-GALAXY-S23-ULTRA-256GB-GREEN-PREMIUM,200,,deny,manual,561.99,1199.00,TRUE,TRUE,
samsung-galaxy-s23-ultra,Samsung Galaxy S23 Ultra,,,,,,Condition,Premium,Storage,256GB,Color,Lavender,SAMSUNG-GALAXY-S23-ULTRA-256GB-LAVENDER-PREMIUM,200,,deny,manual,561.99,1199.00,TRUE,TRUE,
samsung-galaxy-s23-ultra,Samsung Galaxy S23 Ultra,,,,,,Condition,Premium,Storage,512GB,Color,Phantom Black,SAMSUNG-GALAXY-S23-ULTRA-512GB-PHANTOMBLACK-PREMIUM,200,,deny,manual,642.99,1379.00,TRUE,TRUE,
samsung-galaxy-s23-ultra,Samsung Galaxy S23 Ultra,,,,,,Condition,Premium,Storage,512GB,Color,Cream,SAMSUNG-GALAXY-S23-ULTRA-512GB-CREAM-PREMIUM,200,,deny,manual,642.99,1379.00,TRUE,TRUE,
samsung-galaxy-s23-ultra,Samsung Galaxy S23 Ultra,,,,,,Condition,Premium,Storage,512GB,Color,Green,SAMSUNG-GALAXY-S23-ULTRA-512GB-GREEN-PREMIUM,200,,deny,manual,642.99,1379.00,TRUE,TRUE,
samsung-galaxy-s23-ultra,Samsung Galaxy S23 Ultra,,,,,,Condition,Premium,Storage,512GB,Color,Lavender,SAMSUNG-GALAXY-S23-ULTRA-512GB-LAVENDER-PREMIUM,200,,deny,manual,642.99,1379.00,TRUE,TRUE,
samsung-galaxy-s23-ultra,Samsung Galaxy S23 Ultra,,,,,,Condition,Premium,Storage,1TB,Color,Phantom Black,SAMSUNG-GALAXY-S23-ULTRA-1TB-PHANTOMBLACK-PREMIUM,200,,deny,manual,750.99,1619.00,TRUE,TRUE,
samsung-galaxy-s23-ultra,Samsung Galaxy S23 Ultra,,,,,,Condition,Premium,Storage,1TB,Color,Cream,SAMSUNG-GALAXY-S23-ULTRA-1TB-CREAM-PREMIUM,200,,deny,manual,750.99,1619.00,TRUE,TRUE,
samsung-galaxy-s23-ultra,Samsung Galaxy S23 Ultra,,,,,,Condition,Premium,Storage,1TB,Color,Green,SAMSUNG-GALAXY-S23-ULTRA-1TB-GREEN-PREMIUM,200,,deny,manual,750.99,1619.00,TRUE,TRUE,
samsung-galaxy-s23-ultra,Samsung Galaxy S23 Ultra,,,,,,Condition,Premium,Storage,1TB,Color,Lavender,SAMSUNG-GALAXY-S23-ULTRA-1TB-LAVENDER-PREMIUM,200,,deny,manual,750.99,1619.00,TRUE,TRUE,
samsung-galaxy-s23-fe,Samsung Galaxy S23 FE,"<p>Samsung Galaxy S23 FE, unlocked. Professionally refurbished, tested on up to 100 points, wiped and reset. 1-year warranty and free 30-day returns.</p><p><strong>Premium</strong> grade includes a brand-new battery.</p>",Samsung,Smartphone,"condition:refurbished, Samsung, Samsung Galaxy, Android, Smartphones, unlocked",TRUE,Condition,Fair,Storage,128GB,Color,Mint,SAMSUNG-GALAXY-S23-FE-128GB-MINT-FAIR,200,,deny,manual,201.99,599.00,TRUE,TRUE,draft
samsung-galaxy-s23-fe,Samsung Galaxy S23 FE,,,,,,Condition,Fair,Storage,128GB,Color,Cream,SAMSUNG-GALAXY-S23-FE-128GB-CREAM-FAIR,200,,deny,manual,201.99,599.00,TRUE,TRUE,
samsung-galaxy-s23-fe,Samsung Galaxy S23 FE,,,,,,Condition,Fair,Storage,128GB,Color,Graphite,SAMSUNG-GALAXY-S23-FE-128GB-GRAPHITE-FAIR,200,,deny,manual,201.99,599.00,TRUE,TRUE,
samsung-galaxy-s23-fe,Samsung Galaxy S23 FE,,,,,,Condition,Fair,Storage,128GB,Color,Purple,SAMSUNG-GALAXY-S23-FE-128GB-PURPLE-FAIR,200,,deny,manual,201.99,599.00,TRUE,TRUE,
samsung-galaxy-s23-fe,Samsung Galaxy S23 FE,,,,,,Condition,Fair,Storage,256GB,Color,Mint,SAMSUNG-GALAXY-S23-FE-256GB-MINT-FAIR,200,,deny,manual,228.99,659.00,TRUE,TRUE,
samsung-galaxy-s23-fe,Samsung Galaxy S23 FE,,,,,,Condition,Fair,Storage,256GB,Color,Cream,SAMSUNG-GALAXY-S23-FE-256GB-CREAM-FAIR,200,,deny,manual,228.99,659.00,TRUE,TRUE,
samsung-galaxy-s23-fe,Samsung Galaxy S23 FE,,,,,,Condition,Fair,Storage,256GB,Color,Graphite,SAMSUNG-GALAXY-S23-FE-256GB-GRAPHITE-FAIR,200,,deny,manual,228.99,659.00,TRUE,TRUE,
samsung-galaxy-s23-fe,Samsung Galaxy S23 FE,,,,,,Condition,Fair,Storage,256GB,Color,Purple,SAMSUNG-GALAXY-S23-FE-256GB-PURPLE-FAIR,200,,deny,manual,228.99,659.00,TRUE,TRUE,
samsung-galaxy-s23-fe,Samsung Galaxy S23 FE,,,,,,Condition,Good,Storage,128GB,Color,Mint,SAMSUNG-GALAXY-S23-FE-128GB-MINT-GOOD,200,,deny,manual,224.99,599.00,TRUE,TRUE,
samsung-galaxy-s23-fe,Samsung Galaxy S23 FE,,,,,,Condition,Good,Storage,128GB,Color,Cream,SAMSUNG-GALAXY-S23-FE-128GB-CREAM-GOOD,200,,deny,manual,224.99,599.00,TRUE,TRUE,
samsung-galaxy-s23-fe,Samsung Galaxy S23 FE,,,,,,Condition,Good,Storage,128GB,Color,Graphite,SAMSUNG-GALAXY-S23-FE-128GB-GRAPHITE-GOOD,200,,deny,manual,224.99,599.00,TRUE,TRUE,
samsung-galaxy-s23-fe,Samsung Galaxy S23 FE,,,,,,Condition,Good,Storage,128GB,Color,Purple,SAMSUNG-GALAXY-S23-FE-128GB-PURPLE-GOOD,200,,deny,manual,224.99,599.00,TRUE,TRUE,
samsung-galaxy-s23-fe,Samsung Galaxy S23 FE,,,,,,Condition,Good,Storage,256GB,Color,Mint,SAMSUNG-GALAXY-S23-FE-256GB-MINT-GOOD,200,,deny,manual,251.99,659.00,TRUE,TRUE,
samsung-galaxy-s23-fe,Samsung Galaxy S23 FE,,,,,,Condition,Good,Storage,256GB,Color,Cream,SAMSUNG-GALAXY-S23-FE-256GB-CREAM-GOOD,200,,deny,manual,251.99,659.00,TRUE,TRUE,
samsung-galaxy-s23-fe,Samsung Galaxy S23 FE,,,,,,Condition,Good,Storage,256GB,Color,Graphite,SAMSUNG-GALAXY-S23-FE-256GB-GRAPHITE-GOOD,200,,deny,manual,251.99,659.00,TRUE,TRUE,
samsung-galaxy-s23-fe,Samsung Galaxy S23 FE,,,,,,Condition,Good,Storage,256GB,Color,Purple,SAMSUNG-GALAXY-S23-FE-256GB-PURPLE-GOOD,200,,deny,manual,251.99,659.00,TRUE,TRUE,
samsung-galaxy-s23-fe,Samsung Galaxy S23 FE,,,,,,Condition,Excellent,Storage,128GB,Color,Mint,SAMSUNG-GALAXY-S23-FE-128GB-MINT-EXCELLENT,200,,deny,manual,251.99,599.00,TRUE,TRUE,
samsung-galaxy-s23-fe,Samsung Galaxy S23 FE,,,,,,Condition,Excellent,Storage,128GB,Color,Cream,SAMSUNG-GALAXY-S23-FE-128GB-CREAM-EXCELLENT,200,,deny,manual,251.99,599.00,TRUE,TRUE,
samsung-galaxy-s23-fe,Samsung Galaxy S23 FE,,,,,,Condition,Excellent,Storage,128GB,Color,Graphite,SAMSUNG-GALAXY-S23-FE-128GB-GRAPHITE-EXCELLENT,200,,deny,manual,251.99,599.00,TRUE,TRUE,
samsung-galaxy-s23-fe,Samsung Galaxy S23 FE,,,,,,Condition,Excellent,Storage,128GB,Color,Purple,SAMSUNG-GALAXY-S23-FE-128GB-PURPLE-EXCELLENT,200,,deny,manual,251.99,599.00,TRUE,TRUE,
samsung-galaxy-s23-fe,Samsung Galaxy S23 FE,,,,,,Condition,Excellent,Storage,256GB,Color,Mint,SAMSUNG-GALAXY-S23-FE-256GB-MINT-EXCELLENT,200,,deny,manual,278.99,659.00,TRUE,TRUE,
samsung-galaxy-s23-fe,Samsung Galaxy S23 FE,,,,,,Condition,Excellent,Storage,256GB,Color,Cream,SAMSUNG-GALAXY-S23-FE-256GB-CREAM-EXCELLENT,200,,deny,manual,278.99,659.00,TRUE,TRUE,
samsung-galaxy-s23-fe,Samsung Galaxy S23 FE,,,,,,Condition,Excellent,Storage,256GB,Color,Graphite,SAMSUNG-GALAXY-S23-FE-256GB-GRAPHITE-EXCELLENT,200,,deny,manual,278.99,659.00,TRUE,TRUE,
samsung-galaxy-s23-fe,Samsung Galaxy S23 FE,,,,,,Condition,Excellent,Storage,256GB,Color,Purple,SAMSUNG-GALAXY-S23-FE-256GB-PURPLE-EXCELLENT,200,,deny,manual,278.99,659.00,TRUE,TRUE,
samsung-galaxy-s23-fe,Samsung Galaxy S23 FE,,,,,,Condition,Premium,Storage,128GB,Color,Mint,SAMSUNG-GALAXY-S23-FE-128GB-MINT-PREMIUM,200,,deny,manual,280.99,599.00,TRUE,TRUE,
samsung-galaxy-s23-fe,Samsung Galaxy S23 FE,,,,,,Condition,Premium,Storage,128GB,Color,Cream,SAMSUNG-GALAXY-S23-FE-128GB-CREAM-PREMIUM,200,,deny,manual,280.99,599.00,TRUE,TRUE,
samsung-galaxy-s23-fe,Samsung Galaxy S23 FE,,,,,,Condition,Premium,Storage,128GB,Color,Graphite,SAMSUNG-GALAXY-S23-FE-128GB-GRAPHITE-PREMIUM,200,,deny,manual,280.99,599.00,TRUE,TRUE,
samsung-galaxy-s23-fe,Samsung Galaxy S23 FE,,,,,,Condition,Premium,Storage,128GB,Color,Purple,SAMSUNG-GALAXY-S23-FE-128GB-PURPLE-PREMIUM,200,,deny,manual,280.99,599.00,TRUE,TRUE,
samsung-galaxy-s23-fe,Samsung Galaxy S23 FE,,,,,,Condition,Premium,Storage,256GB,Color,Mint,SAMSUNG-GALAXY-S23-FE-256GB-MINT-PREMIUM,200,,deny,manual,307.99,659.00,TRUE,TRUE,
samsung-galaxy-s23-fe,Samsung Galaxy S23 FE,,,,,,Condition,Premium,Storage,256GB,Color,Cream,SAMSUNG-GALAXY-S23-FE-256GB-CREAM-PREMIUM,200,,deny,manual,307.99,659.00,TRUE,TRUE,
samsung-galaxy-s23-fe,Samsung Galaxy S23 FE,,,,,,Condition,Premium,Storage,256GB,Color,Graphite,SAMSUNG-GALAXY-S23-FE-256GB-GRAPHITE-PREMIUM,200,,deny,manual,307.99,659.00,TRUE,TRUE,
samsung-galaxy-s23-fe,Samsung Galaxy S23 FE,,,,,,Condition,Premium,Storage,256GB,Color,Purple,SAMSUNG-GALAXY-S23-FE-256GB-PURPLE-PREMIUM,200,,deny,manual,307.99,659.00,TRUE,TRUE,
samsung-galaxy-s24,Samsung Galaxy S24,"<p>Samsung Galaxy S24, unlocked. Professionally refurbished, tested on up to 100 points, wiped and reset. 1-year warranty and free 30-day returns.</p><p><strong>Premium</strong> grade includes a brand-new battery.</p>",Samsung,Smartphone,"condition:refurbished, Samsung, Samsung Galaxy, Android, Smartphones, unlocked",TRUE,Condition,Fair,Storage,128GB,Color,Onyx Black,SAMSUNG-GALAXY-S24-128GB-ONYXBLACK-FAIR,200,,deny,manual,323.99,799.00,TRUE,TRUE,draft
samsung-galaxy-s24,Samsung Galaxy S24,,,,,,Condition,Fair,Storage,128GB,Color,Marble Gray,SAMSUNG-GALAXY-S24-128GB-MARBLEGRAY-FAIR,200,,deny,manual,323.99,799.00,TRUE,TRUE,
samsung-galaxy-s24,Samsung Galaxy S24,,,,,,Condition,Fair,Storage,128GB,Color,Cobalt Violet,SAMSUNG-GALAXY-S24-128GB-COBALTVIOLET-FAIR,200,,deny,manual,323.99,799.00,TRUE,TRUE,
samsung-galaxy-s24,Samsung Galaxy S24,,,,,,Condition,Fair,Storage,128GB,Color,Amber Yellow,SAMSUNG-GALAXY-S24-128GB-AMBERYELLOW-FAIR,200,,deny,manual,323.99,799.00,TRUE,TRUE,
samsung-galaxy-s24,Samsung Galaxy S24,,,,,,Condition,Fair,Storage,256GB,Color,Onyx Black,SAMSUNG-GALAXY-S24-256GB-ONYXBLACK-FAIR,200,,deny,manual,350.99,859.00,TRUE,TRUE,
samsung-galaxy-s24,Samsung Galaxy S24,,,,,,Condition,Fair,Storage,256GB,Color,Marble Gray,SAMSUNG-GALAXY-S24-256GB-MARBLEGRAY-FAIR,200,,deny,manual,350.99,859.00,TRUE,TRUE,
samsung-galaxy-s24,Samsung Galaxy S24,,,,,,Condition,Fair,Storage,256GB,Color,Cobalt Violet,SAMSUNG-GALAXY-S24-256GB-COBALTVIOLET-FAIR,200,,deny,manual,350.99,859.00,TRUE,TRUE,
samsung-galaxy-s24,Samsung Galaxy S24,,,,,,Condition,Fair,Storage,256GB,Color,Amber Yellow,SAMSUNG-GALAXY-S24-256GB-AMBERYELLOW-FAIR,200,,deny,manual,350.99,859.00,TRUE,TRUE,
samsung-galaxy-s24,Samsung Galaxy S24,,,,,,Condition,Good,Storage,128GB,Color,Onyx Black,SAMSUNG-GALAXY-S24-128GB-ONYXBLACK-GOOD,200,,deny,manual,359.99,799.00,TRUE,TRUE,
samsung-galaxy-s24,Samsung Galaxy S24,,,,,,Condition,Good,Storage,128GB,Color,Marble Gray,SAMSUNG-GALAXY-S24-128GB-MARBLEGRAY-GOOD,200,,deny,manual,359.99,799.00,TRUE,TRUE,
samsung-galaxy-s24,Samsung Galaxy S24,,,,,,Condition,Good,Storage,128GB,Color,Cobalt Violet,SAMSUNG-GALAXY-S24-128GB-COBALTVIOLET-GOOD,200,,deny,manual,359.99,799.00,TRUE,TRUE,
samsung-galaxy-s24,Samsung Galaxy S24,,,,,,Condition,Good,Storage,128GB,Color,Amber Yellow,SAMSUNG-GALAXY-S24-128GB-AMBERYELLOW-GOOD,200,,deny,manual,359.99,799.00,TRUE,TRUE,
samsung-galaxy-s24,Samsung Galaxy S24,,,,,,Condition,Good,Storage,256GB,Color,Onyx Black,SAMSUNG-GALAXY-S24-256GB-ONYXBLACK-GOOD,200,,deny,manual,386.99,859.00,TRUE,TRUE,
samsung-galaxy-s24,Samsung Galaxy S24,,,,,,Condition,Good,Storage,256GB,Color,Marble Gray,SAMSUNG-GALAXY-S24-256GB-MARBLEGRAY-GOOD,200,,deny,manual,386.99,859.00,TRUE,TRUE,
samsung-galaxy-s24,Samsung Galaxy S24,,,,,,Condition,Good,Storage,256GB,Color,Cobalt Violet,SAMSUNG-GALAXY-S24-256GB-COBALTVIOLET-GOOD,200,,deny,manual,386.99,859.00,TRUE,TRUE,
samsung-galaxy-s24,Samsung Galaxy S24,,,,,,Condition,Good,Storage,256GB,Color,Amber Yellow,SAMSUNG-GALAXY-S24-256GB-AMBERYELLOW-GOOD,200,,deny,manual,386.99,859.00,TRUE,TRUE,
samsung-galaxy-s24,Samsung Galaxy S24,,,,,,Condition,Excellent,Storage,128GB,Color,Onyx Black,SAMSUNG-GALAXY-S24-128GB-ONYXBLACK-EXCELLENT,200,,deny,manual,402.99,799.00,TRUE,TRUE,
samsung-galaxy-s24,Samsung Galaxy S24,,,,,,Condition,Excellent,Storage,128GB,Color,Marble Gray,SAMSUNG-GALAXY-S24-128GB-MARBLEGRAY-EXCELLENT,200,,deny,manual,402.99,799.00,TRUE,TRUE,
samsung-galaxy-s24,Samsung Galaxy S24,,,,,,Condition,Excellent,Storage,128GB,Color,Cobalt Violet,SAMSUNG-GALAXY-S24-128GB-COBALTVIOLET-EXCELLENT,200,,deny,manual,402.99,799.00,TRUE,TRUE,
samsung-galaxy-s24,Samsung Galaxy S24,,,,,,Condition,Excellent,Storage,128GB,Color,Amber Yellow,SAMSUNG-GALAXY-S24-128GB-AMBERYELLOW-EXCELLENT,200,,deny,manual,402.99,799.00,TRUE,TRUE,
samsung-galaxy-s24,Samsung Galaxy S24,,,,,,Condition,Excellent,Storage,256GB,Color,Onyx Black,SAMSUNG-GALAXY-S24-256GB-ONYXBLACK-EXCELLENT,200,,deny,manual,429.99,859.00,TRUE,TRUE,
samsung-galaxy-s24,Samsung Galaxy S24,,,,,,Condition,Excellent,Storage,256GB,Color,Marble Gray,SAMSUNG-GALAXY-S24-256GB-MARBLEGRAY-EXCELLENT,200,,deny,manual,429.99,859.00,TRUE,TRUE,
samsung-galaxy-s24,Samsung Galaxy S24,,,,,,Condition,Excellent,Storage,256GB,Color,Cobalt Violet,SAMSUNG-GALAXY-S24-256GB-COBALTVIOLET-EXCELLENT,200,,deny,manual,429.99,859.00,TRUE,TRUE,
samsung-galaxy-s24,Samsung Galaxy S24,,,,,,Condition,Excellent,Storage,256GB,Color,Amber Yellow,SAMSUNG-GALAXY-S24-256GB-AMBERYELLOW-EXCELLENT,200,,deny,manual,429.99,859.00,TRUE,TRUE,
samsung-galaxy-s24,Samsung Galaxy S24,,,,,,Condition,Premium,Storage,128GB,Color,Onyx Black,SAMSUNG-GALAXY-S24-128GB-ONYXBLACK-PREMIUM,200,,deny,manual,448.99,799.00,TRUE,TRUE,
samsung-galaxy-s24,Samsung Galaxy S24,,,,,,Condition,Premium,Storage,128GB,Color,Marble Gray,SAMSUNG-GALAXY-S24-128GB-MARBLEGRAY-PREMIUM,200,,deny,manual,448.99,799.00,TRUE,TRUE,
samsung-galaxy-s24,Samsung Galaxy S24,,,,,,Condition,Premium,Storage,128GB,Color,Cobalt Violet,SAMSUNG-GALAXY-S24-128GB-COBALTVIOLET-PREMIUM,200,,deny,manual,448.99,799.00,TRUE,TRUE,
samsung-galaxy-s24,Samsung Galaxy S24,,,,,,Condition,Premium,Storage,128GB,Color,Amber Yellow,SAMSUNG-GALAXY-S24-128GB-AMBERYELLOW-PREMIUM,200,,deny,manual,448.99,799.00,TRUE,TRUE,
samsung-galaxy-s24,Samsung Galaxy S24,,,,,,Condition,Premium,Storage,256GB,Color,Onyx Black,SAMSUNG-GALAXY-S24-256GB-ONYXBLACK-PREMIUM,200,,deny,manual,475.99,859.00,TRUE,TRUE,
samsung-galaxy-s24,Samsung Galaxy S24,,,,,,Condition,Premium,Storage,256GB,Color,Marble Gray,SAMSUNG-GALAXY-S24-256GB-MARBLEGRAY-PREMIUM,200,,deny,manual,475.99,859.00,TRUE,TRUE,
samsung-galaxy-s24,Samsung Galaxy S24,,,,,,Condition,Premium,Storage,256GB,Color,Cobalt Violet,SAMSUNG-GALAXY-S24-256GB-COBALTVIOLET-PREMIUM,200,,deny,manual,475.99,859.00,TRUE,TRUE,
samsung-galaxy-s24,Samsung Galaxy S24,,,,,,Condition,Premium,Storage,256GB,Color,Amber Yellow,SAMSUNG-GALAXY-S24-256GB-AMBERYELLOW-PREMIUM,200,,deny,manual,475.99,859.00,TRUE,TRUE,
samsung-galaxy-s24-plus,Samsung Galaxy S24+,"<p>Samsung Galaxy S24+, unlocked. Professionally refurbished, tested on up to 100 points, wiped and reset. 1-year warranty and free 30-day returns.</p><p><strong>Premium</strong> grade includes a brand-new battery.</p>",Samsung,Smartphone,"condition:refurbished, Samsung, Samsung Galaxy, Android, Smartphones, unlocked",TRUE,Condition,Fair,Storage,256GB,Color,Onyx Black,SAMSUNG-GALAXY-S24-PLUS-256GB-ONYXBLACK-FAIR,200,,deny,manual,404.99,999.00,TRUE,TRUE,draft
samsung-galaxy-s24-plus,Samsung Galaxy S24+,,,,,,Condition,Fair,Storage,256GB,Color,Marble Gray,SAMSUNG-GALAXY-S24-PLUS-256GB-MARBLEGRAY-FAIR,200,,deny,manual,404.99,999.00,TRUE,TRUE,
samsung-galaxy-s24-plus,Samsung Galaxy S24+,,,,,,Condition,Fair,Storage,256GB,Color,Cobalt Violet,SAMSUNG-GALAXY-S24-PLUS-256GB-COBALTVIOLET-FAIR,200,,deny,manual,404.99,999.00,TRUE,TRUE,
samsung-galaxy-s24-plus,Samsung Galaxy S24+,,,,,,Condition,Fair,Storage,256GB,Color,Amber Yellow,SAMSUNG-GALAXY-S24-PLUS-256GB-AMBERYELLOW-FAIR,200,,deny,manual,404.99,999.00,TRUE,TRUE,
samsung-galaxy-s24-plus,Samsung Galaxy S24+,,,,,,Condition,Fair,Storage,512GB,Color,Onyx Black,SAMSUNG-GALAXY-S24-PLUS-512GB-ONYXBLACK-FAIR,200,,deny,manual,458.99,1119.00,TRUE,TRUE,
samsung-galaxy-s24-plus,Samsung Galaxy S24+,,,,,,Condition,Fair,Storage,512GB,Color,Marble Gray,SAMSUNG-GALAXY-S24-PLUS-512GB-MARBLEGRAY-FAIR,200,,deny,manual,458.99,1119.00,TRUE,TRUE,
samsung-galaxy-s24-plus,Samsung Galaxy S24+,,,,,,Condition,Fair,Storage,512GB,Color,Cobalt Violet,SAMSUNG-GALAXY-S24-PLUS-512GB-COBALTVIOLET-FAIR,200,,deny,manual,458.99,1119.00,TRUE,TRUE,
samsung-galaxy-s24-plus,Samsung Galaxy S24+,,,,,,Condition,Fair,Storage,512GB,Color,Amber Yellow,SAMSUNG-GALAXY-S24-PLUS-512GB-AMBERYELLOW-FAIR,200,,deny,manual,458.99,1119.00,TRUE,TRUE,
samsung-galaxy-s24-plus,Samsung Galaxy S24+,,,,,,Condition,Good,Storage,256GB,Color,Onyx Black,SAMSUNG-GALAXY-S24-PLUS-256GB-ONYXBLACK-GOOD,200,,deny,manual,449.99,999.00,TRUE,TRUE,
samsung-galaxy-s24-plus,Samsung Galaxy S24+,,,,,,Condition,Good,Storage,256GB,Color,Marble Gray,SAMSUNG-GALAXY-S24-PLUS-256GB-MARBLEGRAY-GOOD,200,,deny,manual,449.99,999.00,TRUE,TRUE,
samsung-galaxy-s24-plus,Samsung Galaxy S24+,,,,,,Condition,Good,Storage,256GB,Color,Cobalt Violet,SAMSUNG-GALAXY-S24-PLUS-256GB-COBALTVIOLET-GOOD,200,,deny,manual,449.99,999.00,TRUE,TRUE,
samsung-galaxy-s24-plus,Samsung Galaxy S24+,,,,,,Condition,Good,Storage,256GB,Color,Amber Yellow,SAMSUNG-GALAXY-S24-PLUS-256GB-AMBERYELLOW-GOOD,200,,deny,manual,449.99,999.00,TRUE,TRUE,
samsung-galaxy-s24-plus,Samsung Galaxy S24+,,,,,,Condition,Good,Storage,512GB,Color,Onyx Black,SAMSUNG-GALAXY-S24-PLUS-512GB-ONYXBLACK-GOOD,200,,deny,manual,503.99,1119.00,TRUE,TRUE,
samsung-galaxy-s24-plus,Samsung Galaxy S24+,,,,,,Condition,Good,Storage,512GB,Color,Marble Gray,SAMSUNG-GALAXY-S24-PLUS-512GB-MARBLEGRAY-GOOD,200,,deny,manual,503.99,1119.00,TRUE,TRUE,
samsung-galaxy-s24-plus,Samsung Galaxy S24+,,,,,,Condition,Good,Storage,512GB,Color,Cobalt Violet,SAMSUNG-GALAXY-S24-PLUS-512GB-COBALTVIOLET-GOOD,200,,deny,manual,503.99,1119.00,TRUE,TRUE,
samsung-galaxy-s24-plus,Samsung Galaxy S24+,,,,,,Condition,Good,Storage,512GB,Color,Amber Yellow,SAMSUNG-GALAXY-S24-PLUS-512GB-AMBERYELLOW-GOOD,200,,deny,manual,503.99,1119.00,TRUE,TRUE,
samsung-galaxy-s24-plus,Samsung Galaxy S24+,,,,,,Condition,Excellent,Storage,256GB,Color,Onyx Black,SAMSUNG-GALAXY-S24-PLUS-256GB-ONYXBLACK-EXCELLENT,200,,deny,manual,502.99,999.00,TRUE,TRUE,
samsung-galaxy-s24-plus,Samsung Galaxy S24+,,,,,,Condition,Excellent,Storage,256GB,Color,Marble Gray,SAMSUNG-GALAXY-S24-PLUS-256GB-MARBLEGRAY-EXCELLENT,200,,deny,manual,502.99,999.00,TRUE,TRUE,
samsung-galaxy-s24-plus,Samsung Galaxy S24+,,,,,,Condition,Excellent,Storage,256GB,Color,Cobalt Violet,SAMSUNG-GALAXY-S24-PLUS-256GB-COBALTVIOLET-EXCELLENT,200,,deny,manual,502.99,999.00,TRUE,TRUE,
samsung-galaxy-s24-plus,Samsung Galaxy S24+,,,,,,Condition,Excellent,Storage,256GB,Color,Amber Yellow,SAMSUNG-GALAXY-S24-PLUS-256GB-AMBERYELLOW-EXCELLENT,200,,deny,manual,502.99,999.00,TRUE,TRUE,
samsung-galaxy-s24-plus,Samsung Galaxy S24+,,,,,,Condition,Excellent,Storage,512GB,Color,Onyx Black,SAMSUNG-GALAXY-S24-PLUS-512GB-ONYXBLACK-EXCELLENT,200,,deny,manual,556.99,1119.00,TRUE,TRUE,
samsung-galaxy-s24-plus,Samsung Galaxy S24+,,,,,,Condition,Excellent,Storage,512GB,Color,Marble Gray,SAMSUNG-GALAXY-S24-PLUS-512GB-MARBLEGRAY-EXCELLENT,200,,deny,manual,556.99,1119.00,TRUE,TRUE,
samsung-galaxy-s24-plus,Samsung Galaxy S24+,,,,,,Condition,Excellent,Storage,512GB,Color,Cobalt Violet,SAMSUNG-GALAXY-S24-PLUS-512GB-COBALTVIOLET-EXCELLENT,200,,deny,manual,556.99,1119.00,TRUE,TRUE,
samsung-galaxy-s24-plus,Samsung Galaxy S24+,,,,,,Condition,Excellent,Storage,512GB,Color,Amber Yellow,SAMSUNG-GALAXY-S24-PLUS-512GB-AMBERYELLOW-EXCELLENT,200,,deny,manual,556.99,1119.00,TRUE,TRUE,
samsung-galaxy-s24-plus,Samsung Galaxy S24+,,,,,,Condition,Premium,Storage,256GB,Color,Onyx Black,SAMSUNG-GALAXY-S24-PLUS-256GB-ONYXBLACK-PREMIUM,200,,deny,manual,561.99,999.00,TRUE,TRUE,
samsung-galaxy-s24-plus,Samsung Galaxy S24+,,,,,,Condition,Premium,Storage,256GB,Color,Marble Gray,SAMSUNG-GALAXY-S24-PLUS-256GB-MARBLEGRAY-PREMIUM,200,,deny,manual,561.99,999.00,TRUE,TRUE,
samsung-galaxy-s24-plus,Samsung Galaxy S24+,,,,,,Condition,Premium,Storage,256GB,Color,Cobalt Violet,SAMSUNG-GALAXY-S24-PLUS-256GB-COBALTVIOLET-PREMIUM,200,,deny,manual,561.99,999.00,TRUE,TRUE,
samsung-galaxy-s24-plus,Samsung Galaxy S24+,,,,,,Condition,Premium,Storage,256GB,Color,Amber Yellow,SAMSUNG-GALAXY-S24-PLUS-256GB-AMBERYELLOW-PREMIUM,200,,deny,manual,561.99,999.00,TRUE,TRUE,
samsung-galaxy-s24-plus,Samsung Galaxy S24+,,,,,,Condition,Premium,Storage,512GB,Color,Onyx Black,SAMSUNG-GALAXY-S24-PLUS-512GB-ONYXBLACK-PREMIUM,200,,deny,manual,615.99,1119.00,TRUE,TRUE,
samsung-galaxy-s24-plus,Samsung Galaxy S24+,,,,,,Condition,Premium,Storage,512GB,Color,Marble Gray,SAMSUNG-GALAXY-S24-PLUS-512GB-MARBLEGRAY-PREMIUM,200,,deny,manual,615.99,1119.00,TRUE,TRUE,
samsung-galaxy-s24-plus,Samsung Galaxy S24+,,,,,,Condition,Premium,Storage,512GB,Color,Cobalt Violet,SAMSUNG-GALAXY-S24-PLUS-512GB-COBALTVIOLET-PREMIUM,200,,deny,manual,615.99,1119.00,TRUE,TRUE,
samsung-galaxy-s24-plus,Samsung Galaxy S24+,,,,,,Condition,Premium,Storage,512GB,Color,Amber Yellow,SAMSUNG-GALAXY-S24-PLUS-512GB-AMBERYELLOW-PREMIUM,200,,deny,manual,615.99,1119.00,TRUE,TRUE,
samsung-galaxy-s24-ultra,Samsung Galaxy S24 Ultra,"<p>Samsung Galaxy S24 Ultra, unlocked. Professionally refurbished, tested on up to 100 points, wiped and reset. 1-year warranty and free 30-day returns.</p><p><strong>Premium</strong> grade includes a brand-new battery.</p>",Samsung,Smartphone,"condition:refurbished, Samsung, Samsung Galaxy, Android, Smartphones, unlocked",TRUE,Condition,Fair,Storage,256GB,Color,Titanium Black,SAMSUNG-GALAXY-S24-ULTRA-256GB-TITANIUMBLACK-FAIR,200,,deny,manual,525.99,1299.00,TRUE,TRUE,draft
samsung-galaxy-s24-ultra,Samsung Galaxy S24 Ultra,,,,,,Condition,Fair,Storage,256GB,Color,Titanium Gray,SAMSUNG-GALAXY-S24-ULTRA-256GB-TITANIUMGRAY-FAIR,200,,deny,manual,525.99,1299.00,TRUE,TRUE,
samsung-galaxy-s24-ultra,Samsung Galaxy S24 Ultra,,,,,,Condition,Fair,Storage,256GB,Color,Titanium Violet,SAMSUNG-GALAXY-S24-ULTRA-256GB-TITANIUMVIOLET-FAIR,200,,deny,manual,525.99,1299.00,TRUE,TRUE,
samsung-galaxy-s24-ultra,Samsung Galaxy S24 Ultra,,,,,,Condition,Fair,Storage,256GB,Color,Titanium Yellow,SAMSUNG-GALAXY-S24-ULTRA-256GB-TITANIUMYELLOW-FAIR,200,,deny,manual,525.99,1299.00,TRUE,TRUE,
samsung-galaxy-s24-ultra,Samsung Galaxy S24 Ultra,,,,,,Condition,Fair,Storage,512GB,Color,Titanium Black,SAMSUNG-GALAXY-S24-ULTRA-512GB-TITANIUMBLACK-FAIR,200,,deny,manual,579.99,1419.00,TRUE,TRUE,
samsung-galaxy-s24-ultra,Samsung Galaxy S24 Ultra,,,,,,Condition,Fair,Storage,512GB,Color,Titanium Gray,SAMSUNG-GALAXY-S24-ULTRA-512GB-TITANIUMGRAY-FAIR,200,,deny,manual,579.99,1419.00,TRUE,TRUE,
samsung-galaxy-s24-ultra,Samsung Galaxy S24 Ultra,,,,,,Condition,Fair,Storage,512GB,Color,Titanium Violet,SAMSUNG-GALAXY-S24-ULTRA-512GB-TITANIUMVIOLET-FAIR,200,,deny,manual,579.99,1419.00,TRUE,TRUE,
samsung-galaxy-s24-ultra,Samsung Galaxy S24 Ultra,,,,,,Condition,Fair,Storage,512GB,Color,Titanium Yellow,SAMSUNG-GALAXY-S24-ULTRA-512GB-TITANIUMYELLOW-FAIR,200,,deny,manual,579.99,1419.00,TRUE,TRUE,
samsung-galaxy-s24-ultra,Samsung Galaxy S24 Ultra,,,,,,Condition,Fair,Storage,1TB,Color,Titanium Black,SAMSUNG-GALAXY-S24-ULTRA-1TB-TITANIUMBLACK-FAIR,200,,deny,manual,687.99,1659.00,TRUE,TRUE,
samsung-galaxy-s24-ultra,Samsung Galaxy S24 Ultra,,,,,,Condition,Fair,Storage,1TB,Color,Titanium Gray,SAMSUNG-GALAXY-S24-ULTRA-1TB-TITANIUMGRAY-FAIR,200,,deny,manual,687.99,1659.00,TRUE,TRUE,
samsung-galaxy-s24-ultra,Samsung Galaxy S24 Ultra,,,,,,Condition,Fair,Storage,1TB,Color,Titanium Violet,SAMSUNG-GALAXY-S24-ULTRA-1TB-TITANIUMVIOLET-FAIR,200,,deny,manual,687.99,1659.00,TRUE,TRUE,
samsung-galaxy-s24-ultra,Samsung Galaxy S24 Ultra,,,,,,Condition,Fair,Storage,1TB,Color,Titanium Yellow,SAMSUNG-GALAXY-S24-ULTRA-1TB-TITANIUMYELLOW-FAIR,200,,deny,manual,687.99,1659.00,TRUE,TRUE,
samsung-galaxy-s24-ultra,Samsung Galaxy S24 Ultra,,,,,,Condition,Good,Storage,256GB,Color,Titanium Black,SAMSUNG-GALAXY-S24-ULTRA-256GB-TITANIUMBLACK-GOOD,200,,deny,manual,584.99,1299.00,TRUE,TRUE,
samsung-galaxy-s24-ultra,Samsung Galaxy S24 Ultra,,,,,,Condition,Good,Storage,256GB,Color,Titanium Gray,SAMSUNG-GALAXY-S24-ULTRA-256GB-TITANIUMGRAY-GOOD,200,,deny,manual,584.99,1299.00,TRUE,TRUE,
samsung-galaxy-s24-ultra,Samsung Galaxy S24 Ultra,,,,,,Condition,Good,Storage,256GB,Color,Titanium Violet,SAMSUNG-GALAXY-S24-ULTRA-256GB-TITANIUMVIOLET-GOOD,200,,deny,manual,584.99,1299.00,TRUE,TRUE,
samsung-galaxy-s24-ultra,Samsung Galaxy S24 Ultra,,,,,,Condition,Good,Storage,256GB,Color,Titanium Yellow,SAMSUNG-GALAXY-S24-ULTRA-256GB-TITANIUMYELLOW-GOOD,200,,deny,manual,584.99,1299.00,TRUE,TRUE,
samsung-galaxy-s24-ultra,Samsung Galaxy S24 Ultra,,,,,,Condition,Good,Storage,512GB,Color,Titanium Black,SAMSUNG-GALAXY-S24-ULTRA-512GB-TITANIUMBLACK-GOOD,200,,deny,manual,638.99,1419.00,TRUE,TRUE,
samsung-galaxy-s24-ultra,Samsung Galaxy S24 Ultra,,,,,,Condition,Good,Storage,512GB,Color,Titanium Gray,SAMSUNG-GALAXY-S24-ULTRA-512GB-TITANIUMGRAY-GOOD,200,,deny,manual,638.99,1419.00,TRUE,TRUE,
samsung-galaxy-s24-ultra,Samsung Galaxy S24 Ultra,,,,,,Condition,Good,Storage,512GB,Color,Titanium Violet,SAMSUNG-GALAXY-S24-ULTRA-512GB-TITANIUMVIOLET-GOOD,200,,deny,manual,638.99,1419.00,TRUE,TRUE,
samsung-galaxy-s24-ultra,Samsung Galaxy S24 Ultra,,,,,,Condition,Good,Storage,512GB,Color,Titanium Yellow,SAMSUNG-GALAXY-S24-ULTRA-512GB-TITANIUMYELLOW-GOOD,200,,deny,manual,638.99,1419.00,TRUE,TRUE,
samsung-galaxy-s24-ultra,Samsung Galaxy S24 Ultra,,,,,,Condition,Good,Storage,1TB,Color,Titanium Black,SAMSUNG-GALAXY-S24-ULTRA-1TB-TITANIUMBLACK-GOOD,200,,deny,manual,746.99,1659.00,TRUE,TRUE,
samsung-galaxy-s24-ultra,Samsung Galaxy S24 Ultra,,,,,,Condition,Good,Storage,1TB,Color,Titanium Gray,SAMSUNG-GALAXY-S24-ULTRA-1TB-TITANIUMGRAY-GOOD,200,,deny,manual,746.99,1659.00,TRUE,TRUE,
samsung-galaxy-s24-ultra,Samsung Galaxy S24 Ultra,,,,,,Condition,Good,Storage,1TB,Color,Titanium Violet,SAMSUNG-GALAXY-S24-ULTRA-1TB-TITANIUMVIOLET-GOOD,200,,deny,manual,746.99,1659.00,TRUE,TRUE,
samsung-galaxy-s24-ultra,Samsung Galaxy S24 Ultra,,,,,,Condition,Good,Storage,1TB,Color,Titanium Yellow,SAMSUNG-GALAXY-S24-ULTRA-1TB-TITANIUMYELLOW-GOOD,200,,deny,manual,746.99,1659.00,TRUE,TRUE,
samsung-galaxy-s24-ultra,Samsung Galaxy S24 Ultra,,,,,,Condition,Excellent,Storage,256GB,Color,Titanium Black,SAMSUNG-GALAXY-S24-ULTRA-256GB-TITANIUMBLACK-EXCELLENT,200,,deny,manual,654.99,1299.00,TRUE,TRUE,
samsung-galaxy-s24-ultra,Samsung Galaxy S24 Ultra,,,,,,Condition,Excellent,Storage,256GB,Color,Titanium Gray,SAMSUNG-GALAXY-S24-ULTRA-256GB-TITANIUMGRAY-EXCELLENT,200,,deny,manual,654.99,1299.00,TRUE,TRUE,
samsung-galaxy-s24-ultra,Samsung Galaxy S24 Ultra,,,,,,Condition,Excellent,Storage,256GB,Color,Titanium Violet,SAMSUNG-GALAXY-S24-ULTRA-256GB-TITANIUMVIOLET-EXCELLENT,200,,deny,manual,654.99,1299.00,TRUE,TRUE,
samsung-galaxy-s24-ultra,Samsung Galaxy S24 Ultra,,,,,,Condition,Excellent,Storage,256GB,Color,Titanium Yellow,SAMSUNG-GALAXY-S24-ULTRA-256GB-TITANIUMYELLOW-EXCELLENT,200,,deny,manual,654.99,1299.00,TRUE,TRUE,
samsung-galaxy-s24-ultra,Samsung Galaxy S24 Ultra,,,,,,Condition,Excellent,Storage,512GB,Color,Titanium Black,SAMSUNG-GALAXY-S24-ULTRA-512GB-TITANIUMBLACK-EXCELLENT,200,,deny,manual,708.99,1419.00,TRUE,TRUE,
samsung-galaxy-s24-ultra,Samsung Galaxy S24 Ultra,,,,,,Condition,Excellent,Storage,512GB,Color,Titanium Gray,SAMSUNG-GALAXY-S24-ULTRA-512GB-TITANIUMGRAY-EXCELLENT,200,,deny,manual,708.99,1419.00,TRUE,TRUE,
samsung-galaxy-s24-ultra,Samsung Galaxy S24 Ultra,,,,,,Condition,Excellent,Storage,512GB,Color,Titanium Violet,SAMSUNG-GALAXY-S24-ULTRA-512GB-TITANIUMVIOLET-EXCELLENT,200,,deny,manual,708.99,1419.00,TRUE,TRUE,
samsung-galaxy-s24-ultra,Samsung Galaxy S24 Ultra,,,,,,Condition,Excellent,Storage,512GB,Color,Titanium Yellow,SAMSUNG-GALAXY-S24-ULTRA-512GB-TITANIUMYELLOW-EXCELLENT,200,,deny,manual,708.99,1419.00,TRUE,TRUE,
samsung-galaxy-s24-ultra,Samsung Galaxy S24 Ultra,,,,,,Condition,Excellent,Storage,1TB,Color,Titanium Black,SAMSUNG-GALAXY-S24-ULTRA-1TB-TITANIUMBLACK-EXCELLENT,200,,deny,manual,816.99,1659.00,TRUE,TRUE,
samsung-galaxy-s24-ultra,Samsung Galaxy S24 Ultra,,,,,,Condition,Excellent,Storage,1TB,Color,Titanium Gray,SAMSUNG-GALAXY-S24-ULTRA-1TB-TITANIUMGRAY-EXCELLENT,200,,deny,manual,816.99,1659.00,TRUE,TRUE,
samsung-galaxy-s24-ultra,Samsung Galaxy S24 Ultra,,,,,,Condition,Excellent,Storage,1TB,Color,Titanium Violet,SAMSUNG-GALAXY-S24-ULTRA-1TB-TITANIUMVIOLET-EXCELLENT,200,,deny,manual,816.99,1659.00,TRUE,TRUE,
samsung-galaxy-s24-ultra,Samsung Galaxy S24 Ultra,,,,,,Condition,Excellent,Storage,1TB,Color,Titanium Yellow,SAMSUNG-GALAXY-S24-ULTRA-1TB-TITANIUMYELLOW-EXCELLENT,200,,deny,manual,816.99,1659.00,TRUE,TRUE,
samsung-galaxy-s24-ultra,Samsung Galaxy S24 Ultra,,,,,,Condition,Premium,Storage,256GB,Color,Titanium Black,SAMSUNG-GALAXY-S24-ULTRA-256GB-TITANIUMBLACK-PREMIUM,200,,deny,manual,730.99,1299.00,TRUE,TRUE,
samsung-galaxy-s24-ultra,Samsung Galaxy S24 Ultra,,,,,,Condition,Premium,Storage,256GB,Color,Titanium Gray,SAMSUNG-GALAXY-S24-ULTRA-256GB-TITANIUMGRAY-PREMIUM,200,,deny,manual,730.99,1299.00,TRUE,TRUE,
samsung-galaxy-s24-ultra,Samsung Galaxy S24 Ultra,,,,,,Condition,Premium,Storage,256GB,Color,Titanium Violet,SAMSUNG-GALAXY-S24-ULTRA-256GB-TITANIUMVIOLET-PREMIUM,200,,deny,manual,730.99,1299.00,TRUE,TRUE,
samsung-galaxy-s24-ultra,Samsung Galaxy S24 Ultra,,,,,,Condition,Premium,Storage,256GB,Color,Titanium Yellow,SAMSUNG-GALAXY-S24-ULTRA-256GB-TITANIUMYELLOW-PREMIUM,200,,deny,manual,730.99,1299.00,TRUE,TRUE,
samsung-galaxy-s24-ultra,Samsung Galaxy S24 Ultra,,,,,,Condition,Premium,Storage,512GB,Color,Titanium Black,SAMSUNG-GALAXY-S24-ULTRA-512GB-TITANIUMBLACK-PREMIUM,200,,deny,manual,784.99,1419.00,TRUE,TRUE,
samsung-galaxy-s24-ultra,Samsung Galaxy S24 Ultra,,,,,,Condition,Premium,Storage,512GB,Color,Titanium Gray,SAMSUNG-GALAXY-S24-ULTRA-512GB-TITANIUMGRAY-PREMIUM,200,,deny,manual,784.99,1419.00,TRUE,TRUE,
samsung-galaxy-s24-ultra,Samsung Galaxy S24 Ultra,,,,,,Condition,Premium,Storage,512GB,Color,Titanium Violet,SAMSUNG-GALAXY-S24-ULTRA-512GB-TITANIUMVIOLET-PREMIUM,200,,deny,manual,784.99,1419.00,TRUE,TRUE,
samsung-galaxy-s24-ultra,Samsung Galaxy S24 Ultra,,,,,,Condition,Premium,Storage,512GB,Color,Titanium Yellow,SAMSUNG-GALAXY-S24-ULTRA-512GB-TITANIUMYELLOW-PREMIUM,200,,deny,manual,784.99,1419.00,TRUE,TRUE,
samsung-galaxy-s24-ultra,Samsung Galaxy S24 Ultra,,,,,,Condition,Premium,Storage,1TB,Color,Titanium Black,SAMSUNG-GALAXY-S24-ULTRA-1TB-TITANIUMBLACK-PREMIUM,200,,deny,manual,892.99,1659.00,TRUE,TRUE,
samsung-galaxy-s24-ultra,Samsung Galaxy S24 Ultra,,,,,,Condition,Premium,Storage,1TB,Color,Titanium Gray,SAMSUNG-GALAXY-S24-ULTRA-1TB-TITANIUMGRAY-PREMIUM,200,,deny,manual,892.99,1659.00,TRUE,TRUE,
samsung-galaxy-s24-ultra,Samsung Galaxy S24 Ultra,,,,,,Condition,Premium,Storage,1TB,Color,Titanium Violet,SAMSUNG-GALAXY-S24-ULTRA-1TB-TITANIUMVIOLET-PREMIUM,200,,deny,manual,892.99,1659.00,TRUE,TRUE,
samsung-galaxy-s24-ultra,Samsung Galaxy S24 Ultra,,,,,,Condition,Premium,Storage,1TB,Color,Titanium Yellow,SAMSUNG-GALAXY-S24-ULTRA-1TB-TITANIUMYELLOW-PREMIUM,200,,deny,manual,892.99,1659.00,TRUE,TRUE,
samsung-galaxy-s24-fe,Samsung Galaxy S24 FE,"<p>Samsung Galaxy S24 FE, unlocked. Professionally refurbished, tested on up to 100 points, wiped and reset. 1-year warranty and free 30-day returns.</p><p><strong>Premium</strong> grade includes a brand-new battery.</p>",Samsung,Smartphone,"condition:refurbished, Samsung, Samsung Galaxy, Android, Smartphones, unlocked",TRUE,Condition,Fair,Storage,128GB,Color,Blue,SAMSUNG-GALAXY-S24-FE-128GB-BLUE-FAIR,200,,deny,manual,262.99,649.00,TRUE,TRUE,draft
samsung-galaxy-s24-fe,Samsung Galaxy S24 FE,,,,,,Condition,Fair,Storage,128GB,Color,Graphite,SAMSUNG-GALAXY-S24-FE-128GB-GRAPHITE-FAIR,200,,deny,manual,262.99,649.00,TRUE,TRUE,
samsung-galaxy-s24-fe,Samsung Galaxy S24 FE,,,,,,Condition,Fair,Storage,128GB,Color,Gray,SAMSUNG-GALAXY-S24-FE-128GB-GRAY-FAIR,200,,deny,manual,262.99,649.00,TRUE,TRUE,
samsung-galaxy-s24-fe,Samsung Galaxy S24 FE,,,,,,Condition,Fair,Storage,128GB,Color,Mint,SAMSUNG-GALAXY-S24-FE-128GB-MINT-FAIR,200,,deny,manual,262.99,649.00,TRUE,TRUE,
samsung-galaxy-s24-fe,Samsung Galaxy S24 FE,,,,,,Condition,Fair,Storage,128GB,Color,Yellow,SAMSUNG-GALAXY-S24-FE-128GB-YELLOW-FAIR,200,,deny,manual,262.99,649.00,TRUE,TRUE,
samsung-galaxy-s24-fe,Samsung Galaxy S24 FE,,,,,,Condition,Fair,Storage,256GB,Color,Blue,SAMSUNG-GALAXY-S24-FE-256GB-BLUE-FAIR,200,,deny,manual,289.99,709.00,TRUE,TRUE,
samsung-galaxy-s24-fe,Samsung Galaxy S24 FE,,,,,,Condition,Fair,Storage,256GB,Color,Graphite,SAMSUNG-GALAXY-S24-FE-256GB-GRAPHITE-FAIR,200,,deny,manual,289.99,709.00,TRUE,TRUE,
samsung-galaxy-s24-fe,Samsung Galaxy S24 FE,,,,,,Condition,Fair,Storage,256GB,Color,Gray,SAMSUNG-GALAXY-S24-FE-256GB-GRAY-FAIR,200,,deny,manual,289.99,709.00,TRUE,TRUE,
samsung-galaxy-s24-fe,Samsung Galaxy S24 FE,,,,,,Condition,Fair,Storage,256GB,Color,Mint,SAMSUNG-GALAXY-S24-FE-256GB-MINT-FAIR,200,,deny,manual,289.99,709.00,TRUE,TRUE,
samsung-galaxy-s24-fe,Samsung Galaxy S24 FE,,,,,,Condition,Fair,Storage,256GB,Color,Yellow,SAMSUNG-GALAXY-S24-FE-256GB-YELLOW-FAIR,200,,deny,manual,289.99,709.00,TRUE,TRUE,
samsung-galaxy-s24-fe,Samsung Galaxy S24 FE,,,,,,Condition,Good,Storage,128GB,Color,Blue,SAMSUNG-GALAXY-S24-FE-128GB-BLUE-GOOD,200,,deny,manual,291.99,649.00,TRUE,TRUE,
samsung-galaxy-s24-fe,Samsung Galaxy S24 FE,,,,,,Condition,Good,Storage,128GB,Color,Graphite,SAMSUNG-GALAXY-S24-FE-128GB-GRAPHITE-GOOD,200,,deny,manual,291.99,649.00,TRUE,TRUE,
samsung-galaxy-s24-fe,Samsung Galaxy S24 FE,,,,,,Condition,Good,Storage,128GB,Color,Gray,SAMSUNG-GALAXY-S24-FE-128GB-GRAY-GOOD,200,,deny,manual,291.99,649.00,TRUE,TRUE,
samsung-galaxy-s24-fe,Samsung Galaxy S24 FE,,,,,,Condition,Good,Storage,128GB,Color,Mint,SAMSUNG-GALAXY-S24-FE-128GB-MINT-GOOD,200,,deny,manual,291.99,649.00,TRUE,TRUE,
samsung-galaxy-s24-fe,Samsung Galaxy S24 FE,,,,,,Condition,Good,Storage,128GB,Color,Yellow,SAMSUNG-GALAXY-S24-FE-128GB-YELLOW-GOOD,200,,deny,manual,291.99,649.00,TRUE,TRUE,
samsung-galaxy-s24-fe,Samsung Galaxy S24 FE,,,,,,Condition,Good,Storage,256GB,Color,Blue,SAMSUNG-GALAXY-S24-FE-256GB-BLUE-GOOD,200,,deny,manual,318.99,709.00,TRUE,TRUE,
samsung-galaxy-s24-fe,Samsung Galaxy S24 FE,,,,,,Condition,Good,Storage,256GB,Color,Graphite,SAMSUNG-GALAXY-S24-FE-256GB-GRAPHITE-GOOD,200,,deny,manual,318.99,709.00,TRUE,TRUE,
samsung-galaxy-s24-fe,Samsung Galaxy S24 FE,,,,,,Condition,Good,Storage,256GB,Color,Gray,SAMSUNG-GALAXY-S24-FE-256GB-GRAY-GOOD,200,,deny,manual,318.99,709.00,TRUE,TRUE,
samsung-galaxy-s24-fe,Samsung Galaxy S24 FE,,,,,,Condition,Good,Storage,256GB,Color,Mint,SAMSUNG-GALAXY-S24-FE-256GB-MINT-GOOD,200,,deny,manual,318.99,709.00,TRUE,TRUE,
samsung-galaxy-s24-fe,Samsung Galaxy S24 FE,,,,,,Condition,Good,Storage,256GB,Color,Yellow,SAMSUNG-GALAXY-S24-FE-256GB-YELLOW-GOOD,200,,deny,manual,318.99,709.00,TRUE,TRUE,
samsung-galaxy-s24-fe,Samsung Galaxy S24 FE,,,,,,Condition,Excellent,Storage,128GB,Color,Blue,SAMSUNG-GALAXY-S24-FE-128GB-BLUE-EXCELLENT,200,,deny,manual,326.99,649.00,TRUE,TRUE,
samsung-galaxy-s24-fe,Samsung Galaxy S24 FE,,,,,,Condition,Excellent,Storage,128GB,Color,Graphite,SAMSUNG-GALAXY-S24-FE-128GB-GRAPHITE-EXCELLENT,200,,deny,manual,326.99,649.00,TRUE,TRUE,
samsung-galaxy-s24-fe,Samsung Galaxy S24 FE,,,,,,Condition,Excellent,Storage,128GB,Color,Gray,SAMSUNG-GALAXY-S24-FE-128GB-GRAY-EXCELLENT,200,,deny,manual,326.99,649.00,TRUE,TRUE,
samsung-galaxy-s24-fe,Samsung Galaxy S24 FE,,,,,,Condition,Excellent,Storage,128GB,Color,Mint,SAMSUNG-GALAXY-S24-FE-128GB-MINT-EXCELLENT,200,,deny,manual,326.99,649.00,TRUE,TRUE,
samsung-galaxy-s24-fe,Samsung Galaxy S24 FE,,,,,,Condition,Excellent,Storage,128GB,Color,Yellow,SAMSUNG-GALAXY-S24-FE-128GB-YELLOW-EXCELLENT,200,,deny,manual,326.99,649.00,TRUE,TRUE,
samsung-galaxy-s24-fe,Samsung Galaxy S24 FE,,,,,,Condition,Excellent,Storage,256GB,Color,Blue,SAMSUNG-GALAXY-S24-FE-256GB-BLUE-EXCELLENT,200,,deny,manual,353.99,709.00,TRUE,TRUE,
samsung-galaxy-s24-fe,Samsung Galaxy S24 FE,,,,,,Condition,Excellent,Storage,256GB,Color,Graphite,SAMSUNG-GALAXY-S24-FE-256GB-GRAPHITE-EXCELLENT,200,,deny,manual,353.99,709.00,TRUE,TRUE,
samsung-galaxy-s24-fe,Samsung Galaxy S24 FE,,,,,,Condition,Excellent,Storage,256GB,Color,Gray,SAMSUNG-GALAXY-S24-FE-256GB-GRAY-EXCELLENT,200,,deny,manual,353.99,709.00,TRUE,TRUE,
samsung-galaxy-s24-fe,Samsung Galaxy S24 FE,,,,,,Condition,Excellent,Storage,256GB,Color,Mint,SAMSUNG-GALAXY-S24-FE-256GB-MINT-EXCELLENT,200,,deny,manual,353.99,709.00,TRUE,TRUE,
samsung-galaxy-s24-fe,Samsung Galaxy S24 FE,,,,,,Condition,Excellent,Storage,256GB,Color,Yellow,SAMSUNG-GALAXY-S24-FE-256GB-YELLOW-EXCELLENT,200,,deny,manual,353.99,709.00,TRUE,TRUE,
samsung-galaxy-s24-fe,Samsung Galaxy S24 FE,,,,,,Condition,Premium,Storage,128GB,Color,Blue,SAMSUNG-GALAXY-S24-FE-128GB-BLUE-PREMIUM,200,,deny,manual,364.99,649.00,TRUE,TRUE,
samsung-galaxy-s24-fe,Samsung Galaxy S24 FE,,,,,,Condition,Premium,Storage,128GB,Color,Graphite,SAMSUNG-GALAXY-S24-FE-128GB-GRAPHITE-PREMIUM,200,,deny,manual,364.99,649.00,TRUE,TRUE,
samsung-galaxy-s24-fe,Samsung Galaxy S24 FE,,,,,,Condition,Premium,Storage,128GB,Color,Gray,SAMSUNG-GALAXY-S24-FE-128GB-GRAY-PREMIUM,200,,deny,manual,364.99,649.00,TRUE,TRUE,
samsung-galaxy-s24-fe,Samsung Galaxy S24 FE,,,,,,Condition,Premium,Storage,128GB,Color,Mint,SAMSUNG-GALAXY-S24-FE-128GB-MINT-PREMIUM,200,,deny,manual,364.99,649.00,TRUE,TRUE,
samsung-galaxy-s24-fe,Samsung Galaxy S24 FE,,,,,,Condition,Premium,Storage,128GB,Color,Yellow,SAMSUNG-GALAXY-S24-FE-128GB-YELLOW-PREMIUM,200,,deny,manual,364.99,649.00,TRUE,TRUE,
samsung-galaxy-s24-fe,Samsung Galaxy S24 FE,,,,,,Condition,Premium,Storage,256GB,Color,Blue,SAMSUNG-GALAXY-S24-FE-256GB-BLUE-PREMIUM,200,,deny,manual,391.99,709.00,TRUE,TRUE,
samsung-galaxy-s24-fe,Samsung Galaxy S24 FE,,,,,,Condition,Premium,Storage,256GB,Color,Graphite,SAMSUNG-GALAXY-S24-FE-256GB-GRAPHITE-PREMIUM,200,,deny,manual,391.99,709.00,TRUE,TRUE,
samsung-galaxy-s24-fe,Samsung Galaxy S24 FE,,,,,,Condition,Premium,Storage,256GB,Color,Gray,SAMSUNG-GALAXY-S24-FE-256GB-GRAY-PREMIUM,200,,deny,manual,391.99,709.00,TRUE,TRUE,
samsung-galaxy-s24-fe,Samsung Galaxy S24 FE,,,,,,Condition,Premium,Storage,256GB,Color,Mint,SAMSUNG-GALAXY-S24-FE-256GB-MINT-PREMIUM,200,,deny,manual,391.99,709.00,TRUE,TRUE,
samsung-galaxy-s24-fe,Samsung Galaxy S24 FE,,,,,,Condition,Premium,Storage,256GB,Color,Yellow,SAMSUNG-GALAXY-S24-FE-256GB-YELLOW-PREMIUM,200,,deny,manual,391.99,709.00,TRUE,TRUE,
samsung-galaxy-s25,Samsung Galaxy S25,"<p>Samsung Galaxy S25, unlocked. Professionally refurbished, tested on up to 100 points, wiped and reset. 1-year warranty and free 30-day returns.</p><p><strong>Premium</strong> grade includes a brand-new battery.</p>",Samsung,Smartphone,"condition:refurbished, Samsung, Samsung Galaxy, Android, Smartphones, unlocked",TRUE,Condition,Fair,Storage,128GB,Color,Navy,SAMSUNG-GALAXY-S25-128GB-NAVY-FAIR,200,,deny,manual,387.99,799.00,TRUE,TRUE,draft
samsung-galaxy-s25,Samsung Galaxy S25,,,,,,Condition,Fair,Storage,128GB,Color,Icyblue,SAMSUNG-GALAXY-S25-128GB-ICYBLUE-FAIR,200,,deny,manual,387.99,799.00,TRUE,TRUE,
samsung-galaxy-s25,Samsung Galaxy S25,,,,,,Condition,Fair,Storage,128GB,Color,Silver Shadow,SAMSUNG-GALAXY-S25-128GB-SILVERSHADOW-FAIR,200,,deny,manual,387.99,799.00,TRUE,TRUE,
samsung-galaxy-s25,Samsung Galaxy S25,,,,,,Condition,Fair,Storage,128GB,Color,Mint,SAMSUNG-GALAXY-S25-128GB-MINT-FAIR,200,,deny,manual,387.99,799.00,TRUE,TRUE,
samsung-galaxy-s25,Samsung Galaxy S25,,,,,,Condition,Fair,Storage,256GB,Color,Navy,SAMSUNG-GALAXY-S25-256GB-NAVY-FAIR,200,,deny,manual,414.99,859.00,TRUE,TRUE,
samsung-galaxy-s25,Samsung Galaxy S25,,,,,,Condition,Fair,Storage,256GB,Color,Icyblue,SAMSUNG-GALAXY-S25-256GB-ICYBLUE-FAIR,200,,deny,manual,414.99,859.00,TRUE,TRUE,
samsung-galaxy-s25,Samsung Galaxy S25,,,,,,Condition,Fair,Storage,256GB,Color,Silver Shadow,SAMSUNG-GALAXY-S25-256GB-SILVERSHADOW-FAIR,200,,deny,manual,414.99,859.00,TRUE,TRUE,
samsung-galaxy-s25,Samsung Galaxy S25,,,,,,Condition,Fair,Storage,256GB,Color,Mint,SAMSUNG-GALAXY-S25-256GB-MINT-FAIR,200,,deny,manual,414.99,859.00,TRUE,TRUE,
samsung-galaxy-s25,Samsung Galaxy S25,,,,,,Condition,Good,Storage,128GB,Color,Navy,SAMSUNG-GALAXY-S25-128GB-NAVY-GOOD,200,,deny,manual,430.99,799.00,TRUE,TRUE,
samsung-galaxy-s25,Samsung Galaxy S25,,,,,,Condition,Good,Storage,128GB,Color,Icyblue,SAMSUNG-GALAXY-S25-128GB-ICYBLUE-GOOD,200,,deny,manual,430.99,799.00,TRUE,TRUE,
samsung-galaxy-s25,Samsung Galaxy S25,,,,,,Condition,Good,Storage,128GB,Color,Silver Shadow,SAMSUNG-GALAXY-S25-128GB-SILVERSHADOW-GOOD,200,,deny,manual,430.99,799.00,TRUE,TRUE,
samsung-galaxy-s25,Samsung Galaxy S25,,,,,,Condition,Good,Storage,128GB,Color,Mint,SAMSUNG-GALAXY-S25-128GB-MINT-GOOD,200,,deny,manual,430.99,799.00,TRUE,TRUE,
samsung-galaxy-s25,Samsung Galaxy S25,,,,,,Condition,Good,Storage,256GB,Color,Navy,SAMSUNG-GALAXY-S25-256GB-NAVY-GOOD,200,,deny,manual,457.99,859.00,TRUE,TRUE,
samsung-galaxy-s25,Samsung Galaxy S25,,,,,,Condition,Good,Storage,256GB,Color,Icyblue,SAMSUNG-GALAXY-S25-256GB-ICYBLUE-GOOD,200,,deny,manual,457.99,859.00,TRUE,TRUE,
samsung-galaxy-s25,Samsung Galaxy S25,,,,,,Condition,Good,Storage,256GB,Color,Silver Shadow,SAMSUNG-GALAXY-S25-256GB-SILVERSHADOW-GOOD,200,,deny,manual,457.99,859.00,TRUE,TRUE,
samsung-galaxy-s25,Samsung Galaxy S25,,,,,,Condition,Good,Storage,256GB,Color,Mint,SAMSUNG-GALAXY-S25-256GB-MINT-GOOD,200,,deny,manual,457.99,859.00,TRUE,TRUE,
samsung-galaxy-s25,Samsung Galaxy S25,,,,,,Condition,Excellent,Storage,128GB,Color,Navy,SAMSUNG-GALAXY-S25-128GB-NAVY-EXCELLENT,200,,deny,manual,482.99,799.00,TRUE,TRUE,
samsung-galaxy-s25,Samsung Galaxy S25,,,,,,Condition,Excellent,Storage,128GB,Color,Icyblue,SAMSUNG-GALAXY-S25-128GB-ICYBLUE-EXCELLENT,200,,deny,manual,482.99,799.00,TRUE,TRUE,
samsung-galaxy-s25,Samsung Galaxy S25,,,,,,Condition,Excellent,Storage,128GB,Color,Silver Shadow,SAMSUNG-GALAXY-S25-128GB-SILVERSHADOW-EXCELLENT,200,,deny,manual,482.99,799.00,TRUE,TRUE,
samsung-galaxy-s25,Samsung Galaxy S25,,,,,,Condition,Excellent,Storage,128GB,Color,Mint,SAMSUNG-GALAXY-S25-128GB-MINT-EXCELLENT,200,,deny,manual,482.99,799.00,TRUE,TRUE,
samsung-galaxy-s25,Samsung Galaxy S25,,,,,,Condition,Excellent,Storage,256GB,Color,Navy,SAMSUNG-GALAXY-S25-256GB-NAVY-EXCELLENT,200,,deny,manual,509.99,859.00,TRUE,TRUE,
samsung-galaxy-s25,Samsung Galaxy S25,,,,,,Condition,Excellent,Storage,256GB,Color,Icyblue,SAMSUNG-GALAXY-S25-256GB-ICYBLUE-EXCELLENT,200,,deny,manual,509.99,859.00,TRUE,TRUE,
samsung-galaxy-s25,Samsung Galaxy S25,,,,,,Condition,Excellent,Storage,256GB,Color,Silver Shadow,SAMSUNG-GALAXY-S25-256GB-SILVERSHADOW-EXCELLENT,200,,deny,manual,509.99,859.00,TRUE,TRUE,
samsung-galaxy-s25,Samsung Galaxy S25,,,,,,Condition,Excellent,Storage,256GB,Color,Mint,SAMSUNG-GALAXY-S25-256GB-MINT-EXCELLENT,200,,deny,manual,509.99,859.00,TRUE,TRUE,
samsung-galaxy-s25,Samsung Galaxy S25,,,,,,Condition,Premium,Storage,128GB,Color,Navy,SAMSUNG-GALAXY-S25-128GB-NAVY-PREMIUM,200,,deny,manual,538.99,799.00,TRUE,TRUE,
samsung-galaxy-s25,Samsung Galaxy S25,,,,,,Condition,Premium,Storage,128GB,Color,Icyblue,SAMSUNG-GALAXY-S25-128GB-ICYBLUE-PREMIUM,200,,deny,manual,538.99,799.00,TRUE,TRUE,
samsung-galaxy-s25,Samsung Galaxy S25,,,,,,Condition,Premium,Storage,128GB,Color,Silver Shadow,SAMSUNG-GALAXY-S25-128GB-SILVERSHADOW-PREMIUM,200,,deny,manual,538.99,799.00,TRUE,TRUE,
samsung-galaxy-s25,Samsung Galaxy S25,,,,,,Condition,Premium,Storage,128GB,Color,Mint,SAMSUNG-GALAXY-S25-128GB-MINT-PREMIUM,200,,deny,manual,538.99,799.00,TRUE,TRUE,
samsung-galaxy-s25,Samsung Galaxy S25,,,,,,Condition,Premium,Storage,256GB,Color,Navy,SAMSUNG-GALAXY-S25-256GB-NAVY-PREMIUM,200,,deny,manual,565.99,859.00,TRUE,TRUE,
samsung-galaxy-s25,Samsung Galaxy S25,,,,,,Condition,Premium,Storage,256GB,Color,Icyblue,SAMSUNG-GALAXY-S25-256GB-ICYBLUE-PREMIUM,200,,deny,manual,565.99,859.00,TRUE,TRUE,
samsung-galaxy-s25,Samsung Galaxy S25,,,,,,Condition,Premium,Storage,256GB,Color,Silver Shadow,SAMSUNG-GALAXY-S25-256GB-SILVERSHADOW-PREMIUM,200,,deny,manual,565.99,859.00,TRUE,TRUE,
samsung-galaxy-s25,Samsung Galaxy S25,,,,,,Condition,Premium,Storage,256GB,Color,Mint,SAMSUNG-GALAXY-S25-256GB-MINT-PREMIUM,200,,deny,manual,565.99,859.00,TRUE,TRUE,
samsung-galaxy-s25-plus,Samsung Galaxy S25+,"<p>Samsung Galaxy S25+, unlocked. Professionally refurbished, tested on up to 100 points, wiped and reset. 1-year warranty and free 30-day returns.</p><p><strong>Premium</strong> grade includes a brand-new battery.</p>",Samsung,Smartphone,"condition:refurbished, Samsung, Samsung Galaxy, Android, Smartphones, unlocked",TRUE,Condition,Fair,Storage,256GB,Color,Navy,SAMSUNG-GALAXY-S25-PLUS-256GB-NAVY-FAIR,200,,deny,manual,485.99,999.00,TRUE,TRUE,draft
samsung-galaxy-s25-plus,Samsung Galaxy S25+,,,,,,Condition,Fair,Storage,256GB,Color,Icyblue,SAMSUNG-GALAXY-S25-PLUS-256GB-ICYBLUE-FAIR,200,,deny,manual,485.99,999.00,TRUE,TRUE,
samsung-galaxy-s25-plus,Samsung Galaxy S25+,,,,,,Condition,Fair,Storage,256GB,Color,Silver Shadow,SAMSUNG-GALAXY-S25-PLUS-256GB-SILVERSHADOW-FAIR,200,,deny,manual,485.99,999.00,TRUE,TRUE,
samsung-galaxy-s25-plus,Samsung Galaxy S25+,,,,,,Condition,Fair,Storage,256GB,Color,Mint,SAMSUNG-GALAXY-S25-PLUS-256GB-MINT-FAIR,200,,deny,manual,485.99,999.00,TRUE,TRUE,
samsung-galaxy-s25-plus,Samsung Galaxy S25+,,,,,,Condition,Fair,Storage,512GB,Color,Navy,SAMSUNG-GALAXY-S25-PLUS-512GB-NAVY-FAIR,200,,deny,manual,539.99,1119.00,TRUE,TRUE,
samsung-galaxy-s25-plus,Samsung Galaxy S25+,,,,,,Condition,Fair,Storage,512GB,Color,Icyblue,SAMSUNG-GALAXY-S25-PLUS-512GB-ICYBLUE-FAIR,200,,deny,manual,539.99,1119.00,TRUE,TRUE,
samsung-galaxy-s25-plus,Samsung Galaxy S25+,,,,,,Condition,Fair,Storage,512GB,Color,Silver Shadow,SAMSUNG-GALAXY-S25-PLUS-512GB-SILVERSHADOW-FAIR,200,,deny,manual,539.99,1119.00,TRUE,TRUE,
samsung-galaxy-s25-plus,Samsung Galaxy S25+,,,,,,Condition,Fair,Storage,512GB,Color,Mint,SAMSUNG-GALAXY-S25-PLUS-512GB-MINT-FAIR,200,,deny,manual,539.99,1119.00,TRUE,TRUE,
samsung-galaxy-s25-plus,Samsung Galaxy S25+,,,,,,Condition,Good,Storage,256GB,Color,Navy,SAMSUNG-GALAXY-S25-PLUS-256GB-NAVY-GOOD,200,,deny,manual,538.99,999.00,TRUE,TRUE,
samsung-galaxy-s25-plus,Samsung Galaxy S25+,,,,,,Condition,Good,Storage,256GB,Color,Icyblue,SAMSUNG-GALAXY-S25-PLUS-256GB-ICYBLUE-GOOD,200,,deny,manual,538.99,999.00,TRUE,TRUE,
samsung-galaxy-s25-plus,Samsung Galaxy S25+,,,,,,Condition,Good,Storage,256GB,Color,Silver Shadow,SAMSUNG-GALAXY-S25-PLUS-256GB-SILVERSHADOW-GOOD,200,,deny,manual,538.99,999.00,TRUE,TRUE,
samsung-galaxy-s25-plus,Samsung Galaxy S25+,,,,,,Condition,Good,Storage,256GB,Color,Mint,SAMSUNG-GALAXY-S25-PLUS-256GB-MINT-GOOD,200,,deny,manual,538.99,999.00,TRUE,TRUE,
samsung-galaxy-s25-plus,Samsung Galaxy S25+,,,,,,Condition,Good,Storage,512GB,Color,Navy,SAMSUNG-GALAXY-S25-PLUS-512GB-NAVY-GOOD,200,,deny,manual,592.99,1119.00,TRUE,TRUE,
samsung-galaxy-s25-plus,Samsung Galaxy S25+,,,,,,Condition,Good,Storage,512GB,Color,Icyblue,SAMSUNG-GALAXY-S25-PLUS-512GB-ICYBLUE-GOOD,200,,deny,manual,592.99,1119.00,TRUE,TRUE,
samsung-galaxy-s25-plus,Samsung Galaxy S25+,,,,,,Condition,Good,Storage,512GB,Color,Silver Shadow,SAMSUNG-GALAXY-S25-PLUS-512GB-SILVERSHADOW-GOOD,200,,deny,manual,592.99,1119.00,TRUE,TRUE,
samsung-galaxy-s25-plus,Samsung Galaxy S25+,,,,,,Condition,Good,Storage,512GB,Color,Mint,SAMSUNG-GALAXY-S25-PLUS-512GB-MINT-GOOD,200,,deny,manual,592.99,1119.00,TRUE,TRUE,
samsung-galaxy-s25-plus,Samsung Galaxy S25+,,,,,,Condition,Excellent,Storage,256GB,Color,Navy,SAMSUNG-GALAXY-S25-PLUS-256GB-NAVY-EXCELLENT,200,,deny,manual,603.99,999.00,TRUE,TRUE,
samsung-galaxy-s25-plus,Samsung Galaxy S25+,,,,,,Condition,Excellent,Storage,256GB,Color,Icyblue,SAMSUNG-GALAXY-S25-PLUS-256GB-ICYBLUE-EXCELLENT,200,,deny,manual,603.99,999.00,TRUE,TRUE,
samsung-galaxy-s25-plus,Samsung Galaxy S25+,,,,,,Condition,Excellent,Storage,256GB,Color,Silver Shadow,SAMSUNG-GALAXY-S25-PLUS-256GB-SILVERSHADOW-EXCELLENT,200,,deny,manual,603.99,999.00,TRUE,TRUE,
samsung-galaxy-s25-plus,Samsung Galaxy S25+,,,,,,Condition,Excellent,Storage,256GB,Color,Mint,SAMSUNG-GALAXY-S25-PLUS-256GB-MINT-EXCELLENT,200,,deny,manual,603.99,999.00,TRUE,TRUE,
samsung-galaxy-s25-plus,Samsung Galaxy S25+,,,,,,Condition,Excellent,Storage,512GB,Color,Navy,SAMSUNG-GALAXY-S25-PLUS-512GB-NAVY-EXCELLENT,200,,deny,manual,657.99,1119.00,TRUE,TRUE,
samsung-galaxy-s25-plus,Samsung Galaxy S25+,,,,,,Condition,Excellent,Storage,512GB,Color,Icyblue,SAMSUNG-GALAXY-S25-PLUS-512GB-ICYBLUE-EXCELLENT,200,,deny,manual,657.99,1119.00,TRUE,TRUE,
samsung-galaxy-s25-plus,Samsung Galaxy S25+,,,,,,Condition,Excellent,Storage,512GB,Color,Silver Shadow,SAMSUNG-GALAXY-S25-PLUS-512GB-SILVERSHADOW-EXCELLENT,200,,deny,manual,657.99,1119.00,TRUE,TRUE,
samsung-galaxy-s25-plus,Samsung Galaxy S25+,,,,,,Condition,Excellent,Storage,512GB,Color,Mint,SAMSUNG-GALAXY-S25-PLUS-512GB-MINT-EXCELLENT,200,,deny,manual,657.99,1119.00,TRUE,TRUE,
samsung-galaxy-s25-plus,Samsung Galaxy S25+,,,,,,Condition,Premium,Storage,256GB,Color,Navy,SAMSUNG-GALAXY-S25-PLUS-256GB-NAVY-PREMIUM,200,,deny,manual,673.99,999.00,TRUE,TRUE,
samsung-galaxy-s25-plus,Samsung Galaxy S25+,,,,,,Condition,Premium,Storage,256GB,Color,Icyblue,SAMSUNG-GALAXY-S25-PLUS-256GB-ICYBLUE-PREMIUM,200,,deny,manual,673.99,999.00,TRUE,TRUE,
samsung-galaxy-s25-plus,Samsung Galaxy S25+,,,,,,Condition,Premium,Storage,256GB,Color,Silver Shadow,SAMSUNG-GALAXY-S25-PLUS-256GB-SILVERSHADOW-PREMIUM,200,,deny,manual,673.99,999.00,TRUE,TRUE,
samsung-galaxy-s25-plus,Samsung Galaxy S25+,,,,,,Condition,Premium,Storage,256GB,Color,Mint,SAMSUNG-GALAXY-S25-PLUS-256GB-MINT-PREMIUM,200,,deny,manual,673.99,999.00,TRUE,TRUE,
samsung-galaxy-s25-plus,Samsung Galaxy S25+,,,,,,Condition,Premium,Storage,512GB,Color,Navy,SAMSUNG-GALAXY-S25-PLUS-512GB-NAVY-PREMIUM,200,,deny,manual,727.99,1119.00,TRUE,TRUE,
samsung-galaxy-s25-plus,Samsung Galaxy S25+,,,,,,Condition,Premium,Storage,512GB,Color,Icyblue,SAMSUNG-GALAXY-S25-PLUS-512GB-ICYBLUE-PREMIUM,200,,deny,manual,727.99,1119.00,TRUE,TRUE,
samsung-galaxy-s25-plus,Samsung Galaxy S25+,,,,,,Condition,Premium,Storage,512GB,Color,Silver Shadow,SAMSUNG-GALAXY-S25-PLUS-512GB-SILVERSHADOW-PREMIUM,200,,deny,manual,727.99,1119.00,TRUE,TRUE,
samsung-galaxy-s25-plus,Samsung Galaxy S25+,,,,,,Condition,Premium,Storage,512GB,Color,Mint,SAMSUNG-GALAXY-S25-PLUS-512GB-MINT-PREMIUM,200,,deny,manual,727.99,1119.00,TRUE,TRUE,
samsung-galaxy-s25-ultra,Samsung Galaxy S25 Ultra,"<p>Samsung Galaxy S25 Ultra, unlocked. Professionally refurbished, tested on up to 100 points, wiped and reset. 1-year warranty and free 30-day returns.</p><p><strong>Premium</strong> grade includes a brand-new battery.</p>",Samsung,Smartphone,"condition:refurbished, Samsung, Samsung Galaxy, Android, Smartphones, unlocked",TRUE,Condition,Fair,Storage,256GB,Color,Titanium Silverblue,SAMSUNG-GALAXY-S25-ULTRA-256GB-TITANIUMSILVERBLUE-FAIR,200,,deny,manual,630.99,1299.00,TRUE,TRUE,draft
samsung-galaxy-s25-ultra,Samsung Galaxy S25 Ultra,,,,,,Condition,Fair,Storage,256GB,Color,Titanium Black,SAMSUNG-GALAXY-S25-ULTRA-256GB-TITANIUMBLACK-FAIR,200,,deny,manual,630.99,1299.00,TRUE,TRUE,
samsung-galaxy-s25-ultra,Samsung Galaxy S25 Ultra,,,,,,Condition,Fair,Storage,256GB,Color,Titanium Whitesilver,SAMSUNG-GALAXY-S25-ULTRA-256GB-TITANIUMWHITESILVER-FAIR,200,,deny,manual,630.99,1299.00,TRUE,TRUE,
samsung-galaxy-s25-ultra,Samsung Galaxy S25 Ultra,,,,,,Condition,Fair,Storage,256GB,Color,Titanium Gray,SAMSUNG-GALAXY-S25-ULTRA-256GB-TITANIUMGRAY-FAIR,200,,deny,manual,630.99,1299.00,TRUE,TRUE,
samsung-galaxy-s25-ultra,Samsung Galaxy S25 Ultra,,,,,,Condition,Fair,Storage,512GB,Color,Titanium Silverblue,SAMSUNG-GALAXY-S25-ULTRA-512GB-TITANIUMSILVERBLUE-FAIR,200,,deny,manual,684.99,1419.00,TRUE,TRUE,
samsung-galaxy-s25-ultra,Samsung Galaxy S25 Ultra,,,,,,Condition,Fair,Storage,512GB,Color,Titanium Black,SAMSUNG-GALAXY-S25-ULTRA-512GB-TITANIUMBLACK-FAIR,200,,deny,manual,684.99,1419.00,TRUE,TRUE,
samsung-galaxy-s25-ultra,Samsung Galaxy S25 Ultra,,,,,,Condition,Fair,Storage,512GB,Color,Titanium Whitesilver,SAMSUNG-GALAXY-S25-ULTRA-512GB-TITANIUMWHITESILVER-FAIR,200,,deny,manual,684.99,1419.00,TRUE,TRUE,
samsung-galaxy-s25-ultra,Samsung Galaxy S25 Ultra,,,,,,Condition,Fair,Storage,512GB,Color,Titanium Gray,SAMSUNG-GALAXY-S25-ULTRA-512GB-TITANIUMGRAY-FAIR,200,,deny,manual,684.99,1419.00,TRUE,TRUE,
samsung-galaxy-s25-ultra,Samsung Galaxy S25 Ultra,,,,,,Condition,Fair,Storage,1TB,Color,Titanium Silverblue,SAMSUNG-GALAXY-S25-ULTRA-1TB-TITANIUMSILVERBLUE-FAIR,200,,deny,manual,792.99,1659.00,TRUE,TRUE,
samsung-galaxy-s25-ultra,Samsung Galaxy S25 Ultra,,,,,,Condition,Fair,Storage,1TB,Color,Titanium Black,SAMSUNG-GALAXY-S25-ULTRA-1TB-TITANIUMBLACK-FAIR,200,,deny,manual,792.99,1659.00,TRUE,TRUE,
samsung-galaxy-s25-ultra,Samsung Galaxy S25 Ultra,,,,,,Condition,Fair,Storage,1TB,Color,Titanium Whitesilver,SAMSUNG-GALAXY-S25-ULTRA-1TB-TITANIUMWHITESILVER-FAIR,200,,deny,manual,792.99,1659.00,TRUE,TRUE,
samsung-galaxy-s25-ultra,Samsung Galaxy S25 Ultra,,,,,,Condition,Fair,Storage,1TB,Color,Titanium Gray,SAMSUNG-GALAXY-S25-ULTRA-1TB-TITANIUMGRAY-FAIR,200,,deny,manual,792.99,1659.00,TRUE,TRUE,
samsung-galaxy-s25-ultra,Samsung Galaxy S25 Ultra,,,,,,Condition,Good,Storage,256GB,Color,Titanium Silverblue,SAMSUNG-GALAXY-S25-ULTRA-256GB-TITANIUMSILVERBLUE-GOOD,200,,deny,manual,700.99,1299.00,TRUE,TRUE,
samsung-galaxy-s25-ultra,Samsung Galaxy S25 Ultra,,,,,,Condition,Good,Storage,256GB,Color,Titanium Black,SAMSUNG-GALAXY-S25-ULTRA-256GB-TITANIUMBLACK-GOOD,200,,deny,manual,700.99,1299.00,TRUE,TRUE,
samsung-galaxy-s25-ultra,Samsung Galaxy S25 Ultra,,,,,,Condition,Good,Storage,256GB,Color,Titanium Whitesilver,SAMSUNG-GALAXY-S25-ULTRA-256GB-TITANIUMWHITESILVER-GOOD,200,,deny,manual,700.99,1299.00,TRUE,TRUE,
samsung-galaxy-s25-ultra,Samsung Galaxy S25 Ultra,,,,,,Condition,Good,Storage,256GB,Color,Titanium Gray,SAMSUNG-GALAXY-S25-ULTRA-256GB-TITANIUMGRAY-GOOD,200,,deny,manual,700.99,1299.00,TRUE,TRUE,
samsung-galaxy-s25-ultra,Samsung Galaxy S25 Ultra,,,,,,Condition,Good,Storage,512GB,Color,Titanium Silverblue,SAMSUNG-GALAXY-S25-ULTRA-512GB-TITANIUMSILVERBLUE-GOOD,200,,deny,manual,754.99,1419.00,TRUE,TRUE,
samsung-galaxy-s25-ultra,Samsung Galaxy S25 Ultra,,,,,,Condition,Good,Storage,512GB,Color,Titanium Black,SAMSUNG-GALAXY-S25-ULTRA-512GB-TITANIUMBLACK-GOOD,200,,deny,manual,754.99,1419.00,TRUE,TRUE,
samsung-galaxy-s25-ultra,Samsung Galaxy S25 Ultra,,,,,,Condition,Good,Storage,512GB,Color,Titanium Whitesilver,SAMSUNG-GALAXY-S25-ULTRA-512GB-TITANIUMWHITESILVER-GOOD,200,,deny,manual,754.99,1419.00,TRUE,TRUE,
samsung-galaxy-s25-ultra,Samsung Galaxy S25 Ultra,,,,,,Condition,Good,Storage,512GB,Color,Titanium Gray,SAMSUNG-GALAXY-S25-ULTRA-512GB-TITANIUMGRAY-GOOD,200,,deny,manual,754.99,1419.00,TRUE,TRUE,
samsung-galaxy-s25-ultra,Samsung Galaxy S25 Ultra,,,,,,Condition,Good,Storage,1TB,Color,Titanium Silverblue,SAMSUNG-GALAXY-S25-ULTRA-1TB-TITANIUMSILVERBLUE-GOOD,200,,deny,manual,862.99,1659.00,TRUE,TRUE,
samsung-galaxy-s25-ultra,Samsung Galaxy S25 Ultra,,,,,,Condition,Good,Storage,1TB,Color,Titanium Black,SAMSUNG-GALAXY-S25-ULTRA-1TB-TITANIUMBLACK-GOOD,200,,deny,manual,862.99,1659.00,TRUE,TRUE,
samsung-galaxy-s25-ultra,Samsung Galaxy S25 Ultra,,,,,,Condition,Good,Storage,1TB,Color,Titanium Whitesilver,SAMSUNG-GALAXY-S25-ULTRA-1TB-TITANIUMWHITESILVER-GOOD,200,,deny,manual,862.99,1659.00,TRUE,TRUE,
samsung-galaxy-s25-ultra,Samsung Galaxy S25 Ultra,,,,,,Condition,Good,Storage,1TB,Color,Titanium Gray,SAMSUNG-GALAXY-S25-ULTRA-1TB-TITANIUMGRAY-GOOD,200,,deny,manual,862.99,1659.00,TRUE,TRUE,
samsung-galaxy-s25-ultra,Samsung Galaxy S25 Ultra,,,,,,Condition,Excellent,Storage,256GB,Color,Titanium Silverblue,SAMSUNG-GALAXY-S25-ULTRA-256GB-TITANIUMSILVERBLUE-EXCELLENT,200,,deny,manual,785.99,1299.00,TRUE,TRUE,
samsung-galaxy-s25-ultra,Samsung Galaxy S25 Ultra,,,,,,Condition,Excellent,Storage,256GB,Color,Titanium Black,SAMSUNG-GALAXY-S25-ULTRA-256GB-TITANIUMBLACK-EXCELLENT,200,,deny,manual,785.99,1299.00,TRUE,TRUE,
samsung-galaxy-s25-ultra,Samsung Galaxy S25 Ultra,,,,,,Condition,Excellent,Storage,256GB,Color,Titanium Whitesilver,SAMSUNG-GALAXY-S25-ULTRA-256GB-TITANIUMWHITESILVER-EXCELLENT,200,,deny,manual,785.99,1299.00,TRUE,TRUE,
samsung-galaxy-s25-ultra,Samsung Galaxy S25 Ultra,,,,,,Condition,Excellent,Storage,256GB,Color,Titanium Gray,SAMSUNG-GALAXY-S25-ULTRA-256GB-TITANIUMGRAY-EXCELLENT,200,,deny,manual,785.99,1299.00,TRUE,TRUE,
samsung-galaxy-s25-ultra,Samsung Galaxy S25 Ultra,,,,,,Condition,Excellent,Storage,512GB,Color,Titanium Silverblue,SAMSUNG-GALAXY-S25-ULTRA-512GB-TITANIUMSILVERBLUE-EXCELLENT,200,,deny,manual,839.99,1419.00,TRUE,TRUE,
samsung-galaxy-s25-ultra,Samsung Galaxy S25 Ultra,,,,,,Condition,Excellent,Storage,512GB,Color,Titanium Black,SAMSUNG-GALAXY-S25-ULTRA-512GB-TITANIUMBLACK-EXCELLENT,200,,deny,manual,839.99,1419.00,TRUE,TRUE,
samsung-galaxy-s25-ultra,Samsung Galaxy S25 Ultra,,,,,,Condition,Excellent,Storage,512GB,Color,Titanium Whitesilver,SAMSUNG-GALAXY-S25-ULTRA-512GB-TITANIUMWHITESILVER-EXCELLENT,200,,deny,manual,839.99,1419.00,TRUE,TRUE,
samsung-galaxy-s25-ultra,Samsung Galaxy S25 Ultra,,,,,,Condition,Excellent,Storage,512GB,Color,Titanium Gray,SAMSUNG-GALAXY-S25-ULTRA-512GB-TITANIUMGRAY-EXCELLENT,200,,deny,manual,839.99,1419.00,TRUE,TRUE,
samsung-galaxy-s25-ultra,Samsung Galaxy S25 Ultra,,,,,,Condition,Excellent,Storage,1TB,Color,Titanium Silverblue,SAMSUNG-GALAXY-S25-ULTRA-1TB-TITANIUMSILVERBLUE-EXCELLENT,200,,deny,manual,947.99,1659.00,TRUE,TRUE,
samsung-galaxy-s25-ultra,Samsung Galaxy S25 Ultra,,,,,,Condition,Excellent,Storage,1TB,Color,Titanium Black,SAMSUNG-GALAXY-S25-ULTRA-1TB-TITANIUMBLACK-EXCELLENT,200,,deny,manual,947.99,1659.00,TRUE,TRUE,
samsung-galaxy-s25-ultra,Samsung Galaxy S25 Ultra,,,,,,Condition,Excellent,Storage,1TB,Color,Titanium Whitesilver,SAMSUNG-GALAXY-S25-ULTRA-1TB-TITANIUMWHITESILVER-EXCELLENT,200,,deny,manual,947.99,1659.00,TRUE,TRUE,
samsung-galaxy-s25-ultra,Samsung Galaxy S25 Ultra,,,,,,Condition,Excellent,Storage,1TB,Color,Titanium Gray,SAMSUNG-GALAXY-S25-ULTRA-1TB-TITANIUMGRAY-EXCELLENT,200,,deny,manual,947.99,1659.00,TRUE,TRUE,
samsung-galaxy-s25-ultra,Samsung Galaxy S25 Ultra,,,,,,Condition,Premium,Storage,256GB,Color,Titanium Silverblue,SAMSUNG-GALAXY-S25-ULTRA-256GB-TITANIUMSILVERBLUE-PREMIUM,200,,deny,manual,876.99,1299.00,TRUE,TRUE,
samsung-galaxy-s25-ultra,Samsung Galaxy S25 Ultra,,,,,,Condition,Premium,Storage,256GB,Color,Titanium Black,SAMSUNG-GALAXY-S25-ULTRA-256GB-TITANIUMBLACK-PREMIUM,200,,deny,manual,876.99,1299.00,TRUE,TRUE,
samsung-galaxy-s25-ultra,Samsung Galaxy S25 Ultra,,,,,,Condition,Premium,Storage,256GB,Color,Titanium Whitesilver,SAMSUNG-GALAXY-S25-ULTRA-256GB-TITANIUMWHITESILVER-PREMIUM,200,,deny,manual,876.99,1299.00,TRUE,TRUE,
samsung-galaxy-s25-ultra,Samsung Galaxy S25 Ultra,,,,,,Condition,Premium,Storage,256GB,Color,Titanium Gray,SAMSUNG-GALAXY-S25-ULTRA-256GB-TITANIUMGRAY-PREMIUM,200,,deny,manual,876.99,1299.00,TRUE,TRUE,
samsung-galaxy-s25-ultra,Samsung Galaxy S25 Ultra,,,,,,Condition,Premium,Storage,512GB,Color,Titanium Silverblue,SAMSUNG-GALAXY-S25-ULTRA-512GB-TITANIUMSILVERBLUE-PREMIUM,200,,deny,manual,930.99,1419.00,TRUE,TRUE,
samsung-galaxy-s25-ultra,Samsung Galaxy S25 Ultra,,,,,,Condition,Premium,Storage,512GB,Color,Titanium Black,SAMSUNG-GALAXY-S25-ULTRA-512GB-TITANIUMBLACK-PREMIUM,200,,deny,manual,930.99,1419.00,TRUE,TRUE,
samsung-galaxy-s25-ultra,Samsung Galaxy S25 Ultra,,,,,,Condition,Premium,Storage,512GB,Color,Titanium Whitesilver,SAMSUNG-GALAXY-S25-ULTRA-512GB-TITANIUMWHITESILVER-PREMIUM,200,,deny,manual,930.99,1419.00,TRUE,TRUE,
samsung-galaxy-s25-ultra,Samsung Galaxy S25 Ultra,,,,,,Condition,Premium,Storage,512GB,Color,Titanium Gray,SAMSUNG-GALAXY-S25-ULTRA-512GB-TITANIUMGRAY-PREMIUM,200,,deny,manual,930.99,1419.00,TRUE,TRUE,
samsung-galaxy-s25-ultra,Samsung Galaxy S25 Ultra,,,,,,Condition,Premium,Storage,1TB,Color,Titanium Silverblue,SAMSUNG-GALAXY-S25-ULTRA-1TB-TITANIUMSILVERBLUE-PREMIUM,200,,deny,manual,1038.99,1659.00,TRUE,TRUE,
samsung-galaxy-s25-ultra,Samsung Galaxy S25 Ultra,,,,,,Condition,Premium,Storage,1TB,Color,Titanium Black,SAMSUNG-GALAXY-S25-ULTRA-1TB-TITANIUMBLACK-PREMIUM,200,,deny,manual,1038.99,1659.00,TRUE,TRUE,
samsung-galaxy-s25-ultra,Samsung Galaxy S25 Ultra,,,,,,Condition,Premium,Storage,1TB,Color,Titanium Whitesilver,SAMSUNG-GALAXY-S25-ULTRA-1TB-TITANIUMWHITESILVER-PREMIUM,200,,deny,manual,1038.99,1659.00,TRUE,TRUE,
samsung-galaxy-s25-ultra,Samsung Galaxy S25 Ultra,,,,,,Condition,Premium,Storage,1TB,Color,Titanium Gray,SAMSUNG-GALAXY-S25-ULTRA-1TB-TITANIUMGRAY-PREMIUM,200,,deny,manual,1038.99,1659.00,TRUE,TRUE,
samsung-galaxy-s25-edge,Samsung Galaxy S25 Edge,"<p>Samsung Galaxy S25 Edge, unlocked. Professionally refurbished, tested on up to 100 points, wiped and reset. 1-year warranty and free 30-day returns.</p><p><strong>Premium</strong> grade includes a brand-new battery.</p>",Samsung,Smartphone,"condition:refurbished, Samsung, Samsung Galaxy, Android, Smartphones, unlocked",TRUE,Condition,Fair,Storage,256GB,Color,Titanium Silver,SAMSUNG-GALAXY-S25-EDGE-256GB-TITANIUMSILVER-FAIR,200,,deny,manual,533.99,1099.00,TRUE,TRUE,draft
samsung-galaxy-s25-edge,Samsung Galaxy S25 Edge,,,,,,Condition,Fair,Storage,256GB,Color,Titanium Jetblack,SAMSUNG-GALAXY-S25-EDGE-256GB-TITANIUMJETBLACK-FAIR,200,,deny,manual,533.99,1099.00,TRUE,TRUE,
samsung-galaxy-s25-edge,Samsung Galaxy S25 Edge,,,,,,Condition,Fair,Storage,256GB,Color,Titanium Icyblue,SAMSUNG-GALAXY-S25-EDGE-256GB-TITANIUMICYBLUE-FAIR,200,,deny,manual,533.99,1099.00,TRUE,TRUE,
samsung-galaxy-s25-edge,Samsung Galaxy S25 Edge,,,,,,Condition,Fair,Storage,512GB,Color,Titanium Silver,SAMSUNG-GALAXY-S25-EDGE-512GB-TITANIUMSILVER-FAIR,200,,deny,manual,587.99,1219.00,TRUE,TRUE,
samsung-galaxy-s25-edge,Samsung Galaxy S25 Edge,,,,,,Condition,Fair,Storage,512GB,Color,Titanium Jetblack,SAMSUNG-GALAXY-S25-EDGE-512GB-TITANIUMJETBLACK-FAIR,200,,deny,manual,587.99,1219.00,TRUE,TRUE,
samsung-galaxy-s25-edge,Samsung Galaxy S25 Edge,,,,,,Condition,Fair,Storage,512GB,Color,Titanium Icyblue,SAMSUNG-GALAXY-S25-EDGE-512GB-TITANIUMICYBLUE-FAIR,200,,deny,manual,587.99,1219.00,TRUE,TRUE,
samsung-galaxy-s25-edge,Samsung Galaxy S25 Edge,,,,,,Condition,Good,Storage,256GB,Color,Titanium Silver,SAMSUNG-GALAXY-S25-EDGE-256GB-TITANIUMSILVER-GOOD,200,,deny,manual,592.99,1099.00,TRUE,TRUE,
samsung-galaxy-s25-edge,Samsung Galaxy S25 Edge,,,,,,Condition,Good,Storage,256GB,Color,Titanium Jetblack,SAMSUNG-GALAXY-S25-EDGE-256GB-TITANIUMJETBLACK-GOOD,200,,deny,manual,592.99,1099.00,TRUE,TRUE,
samsung-galaxy-s25-edge,Samsung Galaxy S25 Edge,,,,,,Condition,Good,Storage,256GB,Color,Titanium Icyblue,SAMSUNG-GALAXY-S25-EDGE-256GB-TITANIUMICYBLUE-GOOD,200,,deny,manual,592.99,1099.00,TRUE,TRUE,
samsung-galaxy-s25-edge,Samsung Galaxy S25 Edge,,,,,,Condition,Good,Storage,512GB,Color,Titanium Silver,SAMSUNG-GALAXY-S25-EDGE-512GB-TITANIUMSILVER-GOOD,200,,deny,manual,646.99,1219.00,TRUE,TRUE,
samsung-galaxy-s25-edge,Samsung Galaxy S25 Edge,,,,,,Condition,Good,Storage,512GB,Color,Titanium Jetblack,SAMSUNG-GALAXY-S25-EDGE-512GB-TITANIUMJETBLACK-GOOD,200,,deny,manual,646.99,1219.00,TRUE,TRUE,
samsung-galaxy-s25-edge,Samsung Galaxy S25 Edge,,,,,,Condition,Good,Storage,512GB,Color,Titanium Icyblue,SAMSUNG-GALAXY-S25-EDGE-512GB-TITANIUMICYBLUE-GOOD,200,,deny,manual,646.99,1219.00,TRUE,TRUE,
samsung-galaxy-s25-edge,Samsung Galaxy S25 Edge,,,,,,Condition,Excellent,Storage,256GB,Color,Titanium Silver,SAMSUNG-GALAXY-S25-EDGE-256GB-TITANIUMSILVER-EXCELLENT,200,,deny,manual,664.99,1099.00,TRUE,TRUE,
samsung-galaxy-s25-edge,Samsung Galaxy S25 Edge,,,,,,Condition,Excellent,Storage,256GB,Color,Titanium Jetblack,SAMSUNG-GALAXY-S25-EDGE-256GB-TITANIUMJETBLACK-EXCELLENT,200,,deny,manual,664.99,1099.00,TRUE,TRUE,
samsung-galaxy-s25-edge,Samsung Galaxy S25 Edge,,,,,,Condition,Excellent,Storage,256GB,Color,Titanium Icyblue,SAMSUNG-GALAXY-S25-EDGE-256GB-TITANIUMICYBLUE-EXCELLENT,200,,deny,manual,664.99,1099.00,TRUE,TRUE,
samsung-galaxy-s25-edge,Samsung Galaxy S25 Edge,,,,,,Condition,Excellent,Storage,512GB,Color,Titanium Silver,SAMSUNG-GALAXY-S25-EDGE-512GB-TITANIUMSILVER-EXCELLENT,200,,deny,manual,718.99,1219.00,TRUE,TRUE,
samsung-galaxy-s25-edge,Samsung Galaxy S25 Edge,,,,,,Condition,Excellent,Storage,512GB,Color,Titanium Jetblack,SAMSUNG-GALAXY-S25-EDGE-512GB-TITANIUMJETBLACK-EXCELLENT,200,,deny,manual,718.99,1219.00,TRUE,TRUE,
samsung-galaxy-s25-edge,Samsung Galaxy S25 Edge,,,,,,Condition,Excellent,Storage,512GB,Color,Titanium Icyblue,SAMSUNG-GALAXY-S25-EDGE-512GB-TITANIUMICYBLUE-EXCELLENT,200,,deny,manual,718.99,1219.00,TRUE,TRUE,
samsung-galaxy-s25-edge,Samsung Galaxy S25 Edge,,,,,,Condition,Premium,Storage,256GB,Color,Titanium Silver,SAMSUNG-GALAXY-S25-EDGE-256GB-TITANIUMSILVER-PREMIUM,200,,deny,manual,741.99,1099.00,TRUE,TRUE,
samsung-galaxy-s25-edge,Samsung Galaxy S25 Edge,,,,,,Condition,Premium,Storage,256GB,Color,Titanium Jetblack,SAMSUNG-GALAXY-S25-EDGE-256GB-TITANIUMJETBLACK-PREMIUM,200,,deny,manual,741.99,1099.00,TRUE,TRUE,
samsung-galaxy-s25-edge,Samsung Galaxy S25 Edge,,,,,,Condition,Premium,Storage,256GB,Color,Titanium Icyblue,SAMSUNG-GALAXY-S25-EDGE-256GB-TITANIUMICYBLUE-PREMIUM,200,,deny,manual,741.99,1099.00,TRUE,TRUE,
samsung-galaxy-s25-edge,Samsung Galaxy S25 Edge,,,,,,Condition,Premium,Storage,512GB,Color,Titanium Silver,SAMSUNG-GALAXY-S25-EDGE-512GB-TITANIUMSILVER-PREMIUM,200,,deny,manual,795.99,1219.00,TRUE,TRUE,
samsung-galaxy-s25-edge,Samsung Galaxy S25 Edge,,,,,,Condition,Premium,Storage,512GB,Color,Titanium Jetblack,SAMSUNG-GALAXY-S25-EDGE-512GB-TITANIUMJETBLACK-PREMIUM,200,,deny,manual,795.99,1219.00,TRUE,TRUE,
samsung-galaxy-s25-edge,Samsung Galaxy S25 Edge,,,,,,Condition,Premium,Storage,512GB,Color,Titanium Icyblue,SAMSUNG-GALAXY-S25-EDGE-512GB-TITANIUMICYBLUE-PREMIUM,200,,deny,manual,795.99,1219.00,TRUE,TRUE,
samsung-galaxy-s25-fe,Samsung Galaxy S25 FE,"<p>Samsung Galaxy S25 FE, unlocked. Professionally refurbished, tested on up to 100 points, wiped and reset. 1-year warranty and free 30-day returns.</p><p><strong>Premium</strong> grade includes a brand-new battery.</p>",Samsung,Smartphone,"condition:refurbished, Samsung, Samsung Galaxy, Android, Smartphones, unlocked",TRUE,Condition,Fair,Storage,128GB,Color,Navy,SAMSUNG-GALAXY-S25-FE-128GB-NAVY-FAIR,200,,deny,manual,314.99,649.00,TRUE,TRUE,draft
samsung-galaxy-s25-fe,Samsung Galaxy S25 FE,,,,,,Condition,Fair,Storage,128GB,Color,Icyblue,SAMSUNG-GALAXY-S25-FE-128GB-ICYBLUE-FAIR,200,,deny,manual,314.99,649.00,TRUE,TRUE,
samsung-galaxy-s25-fe,Samsung Galaxy S25 FE,,,,,,Condition,Fair,Storage,128GB,Color,Jetblack,SAMSUNG-GALAXY-S25-FE-128GB-JETBLACK-FAIR,200,,deny,manual,314.99,649.00,TRUE,TRUE,
samsung-galaxy-s25-fe,Samsung Galaxy S25 FE,,,,,,Condition,Fair,Storage,128GB,Color,White,SAMSUNG-GALAXY-S25-FE-128GB-WHITE-FAIR,200,,deny,manual,314.99,649.00,TRUE,TRUE,
samsung-galaxy-s25-fe,Samsung Galaxy S25 FE,,,,,,Condition,Fair,Storage,256GB,Color,Navy,SAMSUNG-GALAXY-S25-FE-256GB-NAVY-FAIR,200,,deny,manual,341.99,709.00,TRUE,TRUE,
samsung-galaxy-s25-fe,Samsung Galaxy S25 FE,,,,,,Condition,Fair,Storage,256GB,Color,Icyblue,SAMSUNG-GALAXY-S25-FE-256GB-ICYBLUE-FAIR,200,,deny,manual,341.99,709.00,TRUE,TRUE,
samsung-galaxy-s25-fe,Samsung Galaxy S25 FE,,,,,,Condition,Fair,Storage,256GB,Color,Jetblack,SAMSUNG-GALAXY-S25-FE-256GB-JETBLACK-FAIR,200,,deny,manual,341.99,709.00,TRUE,TRUE,
samsung-galaxy-s25-fe,Samsung Galaxy S25 FE,,,,,,Condition,Fair,Storage,256GB,Color,White,SAMSUNG-GALAXY-S25-FE-256GB-WHITE-FAIR,200,,deny,manual,341.99,709.00,TRUE,TRUE,
samsung-galaxy-s25-fe,Samsung Galaxy S25 FE,,,,,,Condition,Good,Storage,128GB,Color,Navy,SAMSUNG-GALAXY-S25-FE-128GB-NAVY-GOOD,200,,deny,manual,349.99,649.00,TRUE,TRUE,
samsung-galaxy-s25-fe,Samsung Galaxy S25 FE,,,,,,Condition,Good,Storage,128GB,Color,Icyblue,SAMSUNG-GALAXY-S25-FE-128GB-ICYBLUE-GOOD,200,,deny,manual,349.99,649.00,TRUE,TRUE,
samsung-galaxy-s25-fe,Samsung Galaxy S25 FE,,,,,,Condition,Good,Storage,128GB,Color,Jetblack,SAMSUNG-GALAXY-S25-FE-128GB-JETBLACK-GOOD,200,,deny,manual,349.99,649.00,TRUE,TRUE,
samsung-galaxy-s25-fe,Samsung Galaxy S25 FE,,,,,,Condition,Good,Storage,128GB,Color,White,SAMSUNG-GALAXY-S25-FE-128GB-WHITE-GOOD,200,,deny,manual,349.99,649.00,TRUE,TRUE,
samsung-galaxy-s25-fe,Samsung Galaxy S25 FE,,,,,,Condition,Good,Storage,256GB,Color,Navy,SAMSUNG-GALAXY-S25-FE-256GB-NAVY-GOOD,200,,deny,manual,376.99,709.00,TRUE,TRUE,
samsung-galaxy-s25-fe,Samsung Galaxy S25 FE,,,,,,Condition,Good,Storage,256GB,Color,Icyblue,SAMSUNG-GALAXY-S25-FE-256GB-ICYBLUE-GOOD,200,,deny,manual,376.99,709.00,TRUE,TRUE,
samsung-galaxy-s25-fe,Samsung Galaxy S25 FE,,,,,,Condition,Good,Storage,256GB,Color,Jetblack,SAMSUNG-GALAXY-S25-FE-256GB-JETBLACK-GOOD,200,,deny,manual,376.99,709.00,TRUE,TRUE,
samsung-galaxy-s25-fe,Samsung Galaxy S25 FE,,,,,,Condition,Good,Storage,256GB,Color,White,SAMSUNG-GALAXY-S25-FE-256GB-WHITE-GOOD,200,,deny,manual,376.99,709.00,TRUE,TRUE,
samsung-galaxy-s25-fe,Samsung Galaxy S25 FE,,,,,,Condition,Excellent,Storage,128GB,Color,Navy,SAMSUNG-GALAXY-S25-FE-128GB-NAVY-EXCELLENT,200,,deny,manual,392.99,649.00,TRUE,TRUE,
samsung-galaxy-s25-fe,Samsung Galaxy S25 FE,,,,,,Condition,Excellent,Storage,128GB,Color,Icyblue,SAMSUNG-GALAXY-S25-FE-128GB-ICYBLUE-EXCELLENT,200,,deny,manual,392.99,649.00,TRUE,TRUE,
samsung-galaxy-s25-fe,Samsung Galaxy S25 FE,,,,,,Condition,Excellent,Storage,128GB,Color,Jetblack,SAMSUNG-GALAXY-S25-FE-128GB-JETBLACK-EXCELLENT,200,,deny,manual,392.99,649.00,TRUE,TRUE,
samsung-galaxy-s25-fe,Samsung Galaxy S25 FE,,,,,,Condition,Excellent,Storage,128GB,Color,White,SAMSUNG-GALAXY-S25-FE-128GB-WHITE-EXCELLENT,200,,deny,manual,392.99,649.00,TRUE,TRUE,
samsung-galaxy-s25-fe,Samsung Galaxy S25 FE,,,,,,Condition,Excellent,Storage,256GB,Color,Navy,SAMSUNG-GALAXY-S25-FE-256GB-NAVY-EXCELLENT,200,,deny,manual,419.99,709.00,TRUE,TRUE,
samsung-galaxy-s25-fe,Samsung Galaxy S25 FE,,,,,,Condition,Excellent,Storage,256GB,Color,Icyblue,SAMSUNG-GALAXY-S25-FE-256GB-ICYBLUE-EXCELLENT,200,,deny,manual,419.99,709.00,TRUE,TRUE,
samsung-galaxy-s25-fe,Samsung Galaxy S25 FE,,,,,,Condition,Excellent,Storage,256GB,Color,Jetblack,SAMSUNG-GALAXY-S25-FE-256GB-JETBLACK-EXCELLENT,200,,deny,manual,419.99,709.00,TRUE,TRUE,
samsung-galaxy-s25-fe,Samsung Galaxy S25 FE,,,,,,Condition,Excellent,Storage,256GB,Color,White,SAMSUNG-GALAXY-S25-FE-256GB-WHITE-EXCELLENT,200,,deny,manual,419.99,709.00,TRUE,TRUE,
samsung-galaxy-s25-fe,Samsung Galaxy S25 FE,,,,,,Condition,Premium,Storage,128GB,Color,Navy,SAMSUNG-GALAXY-S25-FE-128GB-NAVY-PREMIUM,200,,deny,manual,437.99,649.00,TRUE,TRUE,
samsung-galaxy-s25-fe,Samsung Galaxy S25 FE,,,,,,Condition,Premium,Storage,128GB,Color,Icyblue,SAMSUNG-GALAXY-S25-FE-128GB-ICYBLUE-PREMIUM,200,,deny,manual,437.99,649.00,TRUE,TRUE,
samsung-galaxy-s25-fe,Samsung Galaxy S25 FE,,,,,,Condition,Premium,Storage,128GB,Color,Jetblack,SAMSUNG-GALAXY-S25-FE-128GB-JETBLACK-PREMIUM,200,,deny,manual,437.99,649.00,TRUE,TRUE,
samsung-galaxy-s25-fe,Samsung Galaxy S25 FE,,,,,,Condition,Premium,Storage,128GB,Color,White,SAMSUNG-GALAXY-S25-FE-128GB-WHITE-PREMIUM,200,,deny,manual,437.99,649.00,TRUE,TRUE,
samsung-galaxy-s25-fe,Samsung Galaxy S25 FE,,,,,,Condition,Premium,Storage,256GB,Color,Navy,SAMSUNG-GALAXY-S25-FE-256GB-NAVY-PREMIUM,200,,deny,manual,464.99,709.00,TRUE,TRUE,
samsung-galaxy-s25-fe,Samsung Galaxy S25 FE,,,,,,Condition,Premium,Storage,256GB,Color,Icyblue,SAMSUNG-GALAXY-S25-FE-256GB-ICYBLUE-PREMIUM,200,,deny,manual,464.99,709.00,TRUE,TRUE,
samsung-galaxy-s25-fe,Samsung Galaxy S25 FE,,,,,,Condition,Premium,Storage,256GB,Color,Jetblack,SAMSUNG-GALAXY-S25-FE-256GB-JETBLACK-PREMIUM,200,,deny,manual,464.99,709.00,TRUE,TRUE,
samsung-galaxy-s25-fe,Samsung Galaxy S25 FE,,,,,,Condition,Premium,Storage,256GB,Color,White,SAMSUNG-GALAXY-S25-FE-256GB-WHITE-PREMIUM,200,,deny,manual,464.99,709.00,TRUE,TRUE,
samsung-galaxy-z-flip5,Samsung Galaxy Z Flip5,"<p>Samsung Galaxy Z Flip5, unlocked. Professionally refurbished, tested on up to 100 points, wiped and reset. 1-year warranty and free 30-day returns.</p><p><strong>Premium</strong> grade includes a brand-new battery.</p>",Samsung,Smartphone,"condition:refurbished, Samsung, Samsung Galaxy, Android, Smartphones, unlocked, Foldable",TRUE,Condition,Fair,Storage,256GB,Color,Mint,SAMSUNG-GALAXY-Z-FLIP5-256GB-MINT-FAIR,200,,deny,manual,336.99,999.00,TRUE,TRUE,draft
samsung-galaxy-z-flip5,Samsung Galaxy Z Flip5,,,,,,Condition,Fair,Storage,256GB,Color,Graphite,SAMSUNG-GALAXY-Z-FLIP5-256GB-GRAPHITE-FAIR,200,,deny,manual,336.99,999.00,TRUE,TRUE,
samsung-galaxy-z-flip5,Samsung Galaxy Z Flip5,,,,,,Condition,Fair,Storage,256GB,Color,Cream,SAMSUNG-GALAXY-Z-FLIP5-256GB-CREAM-FAIR,200,,deny,manual,336.99,999.00,TRUE,TRUE,
samsung-galaxy-z-flip5,Samsung Galaxy Z Flip5,,,,,,Condition,Fair,Storage,256GB,Color,Lavender,SAMSUNG-GALAXY-Z-FLIP5-256GB-LAVENDER-FAIR,200,,deny,manual,336.99,999.00,TRUE,TRUE,
samsung-galaxy-z-flip5,Samsung Galaxy Z Flip5,,,,,,Condition,Fair,Storage,512GB,Color,Mint,SAMSUNG-GALAXY-Z-FLIP5-512GB-MINT-FAIR,200,,deny,manual,390.99,1119.00,TRUE,TRUE,
samsung-galaxy-z-flip5,Samsung Galaxy Z Flip5,,,,,,Condition,Fair,Storage,512GB,Color,Graphite,SAMSUNG-GALAXY-Z-FLIP5-512GB-GRAPHITE-FAIR,200,,deny,manual,390.99,1119.00,TRUE,TRUE,
samsung-galaxy-z-flip5,Samsung Galaxy Z Flip5,,,,,,Condition,Fair,Storage,512GB,Color,Cream,SAMSUNG-GALAXY-Z-FLIP5-512GB-CREAM-FAIR,200,,deny,manual,390.99,1119.00,TRUE,TRUE,
samsung-galaxy-z-flip5,Samsung Galaxy Z Flip5,,,,,,Condition,Fair,Storage,512GB,Color,Lavender,SAMSUNG-GALAXY-Z-FLIP5-512GB-LAVENDER-FAIR,200,,deny,manual,390.99,1119.00,TRUE,TRUE,
samsung-galaxy-z-flip5,Samsung Galaxy Z Flip5,,,,,,Condition,Good,Storage,256GB,Color,Mint,SAMSUNG-GALAXY-Z-FLIP5-256GB-MINT-GOOD,200,,deny,manual,374.99,999.00,TRUE,TRUE,
samsung-galaxy-z-flip5,Samsung Galaxy Z Flip5,,,,,,Condition,Good,Storage,256GB,Color,Graphite,SAMSUNG-GALAXY-Z-FLIP5-256GB-GRAPHITE-GOOD,200,,deny,manual,374.99,999.00,TRUE,TRUE,
samsung-galaxy-z-flip5,Samsung Galaxy Z Flip5,,,,,,Condition,Good,Storage,256GB,Color,Cream,SAMSUNG-GALAXY-Z-FLIP5-256GB-CREAM-GOOD,200,,deny,manual,374.99,999.00,TRUE,TRUE,
samsung-galaxy-z-flip5,Samsung Galaxy Z Flip5,,,,,,Condition,Good,Storage,256GB,Color,Lavender,SAMSUNG-GALAXY-Z-FLIP5-256GB-LAVENDER-GOOD,200,,deny,manual,374.99,999.00,TRUE,TRUE,
samsung-galaxy-z-flip5,Samsung Galaxy Z Flip5,,,,,,Condition,Good,Storage,512GB,Color,Mint,SAMSUNG-GALAXY-Z-FLIP5-512GB-MINT-GOOD,200,,deny,manual,428.99,1119.00,TRUE,TRUE,
samsung-galaxy-z-flip5,Samsung Galaxy Z Flip5,,,,,,Condition,Good,Storage,512GB,Color,Graphite,SAMSUNG-GALAXY-Z-FLIP5-512GB-GRAPHITE-GOOD,200,,deny,manual,428.99,1119.00,TRUE,TRUE,
samsung-galaxy-z-flip5,Samsung Galaxy Z Flip5,,,,,,Condition,Good,Storage,512GB,Color,Cream,SAMSUNG-GALAXY-Z-FLIP5-512GB-CREAM-GOOD,200,,deny,manual,428.99,1119.00,TRUE,TRUE,
samsung-galaxy-z-flip5,Samsung Galaxy Z Flip5,,,,,,Condition,Good,Storage,512GB,Color,Lavender,SAMSUNG-GALAXY-Z-FLIP5-512GB-LAVENDER-GOOD,200,,deny,manual,428.99,1119.00,TRUE,TRUE,
samsung-galaxy-z-flip5,Samsung Galaxy Z Flip5,,,,,,Condition,Excellent,Storage,256GB,Color,Mint,SAMSUNG-GALAXY-Z-FLIP5-256GB-MINT-EXCELLENT,200,,deny,manual,419.99,999.00,TRUE,TRUE,
samsung-galaxy-z-flip5,Samsung Galaxy Z Flip5,,,,,,Condition,Excellent,Storage,256GB,Color,Graphite,SAMSUNG-GALAXY-Z-FLIP5-256GB-GRAPHITE-EXCELLENT,200,,deny,manual,419.99,999.00,TRUE,TRUE,
samsung-galaxy-z-flip5,Samsung Galaxy Z Flip5,,,,,,Condition,Excellent,Storage,256GB,Color,Cream,SAMSUNG-GALAXY-Z-FLIP5-256GB-CREAM-EXCELLENT,200,,deny,manual,419.99,999.00,TRUE,TRUE,
samsung-galaxy-z-flip5,Samsung Galaxy Z Flip5,,,,,,Condition,Excellent,Storage,256GB,Color,Lavender,SAMSUNG-GALAXY-Z-FLIP5-256GB-LAVENDER-EXCELLENT,200,,deny,manual,419.99,999.00,TRUE,TRUE,
samsung-galaxy-z-flip5,Samsung Galaxy Z Flip5,,,,,,Condition,Excellent,Storage,512GB,Color,Mint,SAMSUNG-GALAXY-Z-FLIP5-512GB-MINT-EXCELLENT,200,,deny,manual,473.99,1119.00,TRUE,TRUE,
samsung-galaxy-z-flip5,Samsung Galaxy Z Flip5,,,,,,Condition,Excellent,Storage,512GB,Color,Graphite,SAMSUNG-GALAXY-Z-FLIP5-512GB-GRAPHITE-EXCELLENT,200,,deny,manual,473.99,1119.00,TRUE,TRUE,
samsung-galaxy-z-flip5,Samsung Galaxy Z Flip5,,,,,,Condition,Excellent,Storage,512GB,Color,Cream,SAMSUNG-GALAXY-Z-FLIP5-512GB-CREAM-EXCELLENT,200,,deny,manual,473.99,1119.00,TRUE,TRUE,
samsung-galaxy-z-flip5,Samsung Galaxy Z Flip5,,,,,,Condition,Excellent,Storage,512GB,Color,Lavender,SAMSUNG-GALAXY-Z-FLIP5-512GB-LAVENDER-EXCELLENT,200,,deny,manual,473.99,1119.00,TRUE,TRUE,
samsung-galaxy-z-flip5,Samsung Galaxy Z Flip5,,,,,,Condition,Premium,Storage,256GB,Color,Mint,SAMSUNG-GALAXY-Z-FLIP5-256GB-MINT-PREMIUM,200,,deny,manual,467.99,999.00,TRUE,TRUE,
samsung-galaxy-z-flip5,Samsung Galaxy Z Flip5,,,,,,Condition,Premium,Storage,256GB,Color,Graphite,SAMSUNG-GALAXY-Z-FLIP5-256GB-GRAPHITE-PREMIUM,200,,deny,manual,467.99,999.00,TRUE,TRUE,
samsung-galaxy-z-flip5,Samsung Galaxy Z Flip5,,,,,,Condition,Premium,Storage,256GB,Color,Cream,SAMSUNG-GALAXY-Z-FLIP5-256GB-CREAM-PREMIUM,200,,deny,manual,467.99,999.00,TRUE,TRUE,
samsung-galaxy-z-flip5,Samsung Galaxy Z Flip5,,,,,,Condition,Premium,Storage,256GB,Color,Lavender,SAMSUNG-GALAXY-Z-FLIP5-256GB-LAVENDER-PREMIUM,200,,deny,manual,467.99,999.00,TRUE,TRUE,
samsung-galaxy-z-flip5,Samsung Galaxy Z Flip5,,,,,,Condition,Premium,Storage,512GB,Color,Mint,SAMSUNG-GALAXY-Z-FLIP5-512GB-MINT-PREMIUM,200,,deny,manual,521.99,1119.00,TRUE,TRUE,
samsung-galaxy-z-flip5,Samsung Galaxy Z Flip5,,,,,,Condition,Premium,Storage,512GB,Color,Graphite,SAMSUNG-GALAXY-Z-FLIP5-512GB-GRAPHITE-PREMIUM,200,,deny,manual,521.99,1119.00,TRUE,TRUE,
samsung-galaxy-z-flip5,Samsung Galaxy Z Flip5,,,,,,Condition,Premium,Storage,512GB,Color,Cream,SAMSUNG-GALAXY-Z-FLIP5-512GB-CREAM-PREMIUM,200,,deny,manual,521.99,1119.00,TRUE,TRUE,
samsung-galaxy-z-flip5,Samsung Galaxy Z Flip5,,,,,,Condition,Premium,Storage,512GB,Color,Lavender,SAMSUNG-GALAXY-Z-FLIP5-512GB-LAVENDER-PREMIUM,200,,deny,manual,521.99,1119.00,TRUE,TRUE,
samsung-galaxy-z-fold5,Samsung Galaxy Z Fold5,"<p>Samsung Galaxy Z Fold5, unlocked. Professionally refurbished, tested on up to 100 points, wiped and reset. 1-year warranty and free 30-day returns.</p><p><strong>Premium</strong> grade includes a brand-new battery.</p>",Samsung,Smartphone,"condition:refurbished, Samsung, Samsung Galaxy, Android, Smartphones, unlocked, Foldable",TRUE,Condition,Fair,Storage,256GB,Color,Icy Blue,SAMSUNG-GALAXY-Z-FOLD5-256GB-ICYBLUE-FAIR,200,,deny,manual,606.99,1799.00,TRUE,TRUE,draft
samsung-galaxy-z-fold5,Samsung Galaxy Z Fold5,,,,,,Condition,Fair,Storage,256GB,Color,Phantom Black,SAMSUNG-GALAXY-Z-FOLD5-256GB-PHANTOMBLACK-FAIR,200,,deny,manual,606.99,1799.00,TRUE,TRUE,
samsung-galaxy-z-fold5,Samsung Galaxy Z Fold5,,,,,,Condition,Fair,Storage,256GB,Color,Cream,SAMSUNG-GALAXY-Z-FOLD5-256GB-CREAM-FAIR,200,,deny,manual,606.99,1799.00,TRUE,TRUE,
samsung-galaxy-z-fold5,Samsung Galaxy Z Fold5,,,,,,Condition,Fair,Storage,512GB,Color,Icy Blue,SAMSUNG-GALAXY-Z-FOLD5-512GB-ICYBLUE-FAIR,200,,deny,manual,660.99,1919.00,TRUE,TRUE,
samsung-galaxy-z-fold5,Samsung Galaxy Z Fold5,,,,,,Condition,Fair,Storage,512GB,Color,Phantom Black,SAMSUNG-GALAXY-Z-FOLD5-512GB-PHANTOMBLACK-FAIR,200,,deny,manual,660.99,1919.00,TRUE,TRUE,
samsung-galaxy-z-fold5,Samsung Galaxy Z Fold5,,,,,,Condition,Fair,Storage,512GB,Color,Cream,SAMSUNG-GALAXY-Z-FOLD5-512GB-CREAM-FAIR,200,,deny,manual,660.99,1919.00,TRUE,TRUE,
samsung-galaxy-z-fold5,Samsung Galaxy Z Fold5,,,,,,Condition,Fair,Storage,1TB,Color,Icy Blue,SAMSUNG-GALAXY-Z-FOLD5-1TB-ICYBLUE-FAIR,200,,deny,manual,768.99,2159.00,TRUE,TRUE,
samsung-galaxy-z-fold5,Samsung Galaxy Z Fold5,,,,,,Condition,Fair,Storage,1TB,Color,Phantom Black,SAMSUNG-GALAXY-Z-FOLD5-1TB-PHANTOMBLACK-FAIR,200,,deny,manual,768.99,2159.00,TRUE,TRUE,
samsung-galaxy-z-fold5,Samsung Galaxy Z Fold5,,,,,,Condition,Fair,Storage,1TB,Color,Cream,SAMSUNG-GALAXY-Z-FOLD5-1TB-CREAM-FAIR,200,,deny,manual,768.99,2159.00,TRUE,TRUE,
samsung-galaxy-z-fold5,Samsung Galaxy Z Fold5,,,,,,Condition,Good,Storage,256GB,Color,Icy Blue,SAMSUNG-GALAXY-Z-FOLD5-256GB-ICYBLUE-GOOD,200,,deny,manual,674.99,1799.00,TRUE,TRUE,
samsung-galaxy-z-fold5,Samsung Galaxy Z Fold5,,,,,,Condition,Good,Storage,256GB,Color,Phantom Black,SAMSUNG-GALAXY-Z-FOLD5-256GB-PHANTOMBLACK-GOOD,200,,deny,manual,674.99,1799.00,TRUE,TRUE,
samsung-galaxy-z-fold5,Samsung Galaxy Z Fold5,,,,,,Condition,Good,Storage,256GB,Color,Cream,SAMSUNG-GALAXY-Z-FOLD5-256GB-CREAM-GOOD,200,,deny,manual,674.99,1799.00,TRUE,TRUE,
samsung-galaxy-z-fold5,Samsung Galaxy Z Fold5,,,,,,Condition,Good,Storage,512GB,Color,Icy Blue,SAMSUNG-GALAXY-Z-FOLD5-512GB-ICYBLUE-GOOD,200,,deny,manual,728.99,1919.00,TRUE,TRUE,
samsung-galaxy-z-fold5,Samsung Galaxy Z Fold5,,,,,,Condition,Good,Storage,512GB,Color,Phantom Black,SAMSUNG-GALAXY-Z-FOLD5-512GB-PHANTOMBLACK-GOOD,200,,deny,manual,728.99,1919.00,TRUE,TRUE,
samsung-galaxy-z-fold5,Samsung Galaxy Z Fold5,,,,,,Condition,Good,Storage,512GB,Color,Cream,SAMSUNG-GALAXY-Z-FOLD5-512GB-CREAM-GOOD,200,,deny,manual,728.99,1919.00,TRUE,TRUE,
samsung-galaxy-z-fold5,Samsung Galaxy Z Fold5,,,,,,Condition,Good,Storage,1TB,Color,Icy Blue,SAMSUNG-GALAXY-Z-FOLD5-1TB-ICYBLUE-GOOD,200,,deny,manual,836.99,2159.00,TRUE,TRUE,
samsung-galaxy-z-fold5,Samsung Galaxy Z Fold5,,,,,,Condition,Good,Storage,1TB,Color,Phantom Black,SAMSUNG-GALAXY-Z-FOLD5-1TB-PHANTOMBLACK-GOOD,200,,deny,manual,836.99,2159.00,TRUE,TRUE,
samsung-galaxy-z-fold5,Samsung Galaxy Z Fold5,,,,,,Condition,Good,Storage,1TB,Color,Cream,SAMSUNG-GALAXY-Z-FOLD5-1TB-CREAM-GOOD,200,,deny,manual,836.99,2159.00,TRUE,TRUE,
samsung-galaxy-z-fold5,Samsung Galaxy Z Fold5,,,,,,Condition,Excellent,Storage,256GB,Color,Icy Blue,SAMSUNG-GALAXY-Z-FOLD5-256GB-ICYBLUE-EXCELLENT,200,,deny,manual,755.99,1799.00,TRUE,TRUE,
samsung-galaxy-z-fold5,Samsung Galaxy Z Fold5,,,,,,Condition,Excellent,Storage,256GB,Color,Phantom Black,SAMSUNG-GALAXY-Z-FOLD5-256GB-PHANTOMBLACK-EXCELLENT,200,,deny,manual,755.99,1799.00,TRUE,TRUE,
samsung-galaxy-z-fold5,Samsung Galaxy Z Fold5,,,,,,Condition,Excellent,Storage,256GB,Color,Cream,SAMSUNG-GALAXY-Z-FOLD5-256GB-CREAM-EXCELLENT,200,,deny,manual,755.99,1799.00,TRUE,TRUE,
samsung-galaxy-z-fold5,Samsung Galaxy Z Fold5,,,,,,Condition,Excellent,Storage,512GB,Color,Icy Blue,SAMSUNG-GALAXY-Z-FOLD5-512GB-ICYBLUE-EXCELLENT,200,,deny,manual,809.99,1919.00,TRUE,TRUE,
samsung-galaxy-z-fold5,Samsung Galaxy Z Fold5,,,,,,Condition,Excellent,Storage,512GB,Color,Phantom Black,SAMSUNG-GALAXY-Z-FOLD5-512GB-PHANTOMBLACK-EXCELLENT,200,,deny,manual,809.99,1919.00,TRUE,TRUE,
samsung-galaxy-z-fold5,Samsung Galaxy Z Fold5,,,,,,Condition,Excellent,Storage,512GB,Color,Cream,SAMSUNG-GALAXY-Z-FOLD5-512GB-CREAM-EXCELLENT,200,,deny,manual,809.99,1919.00,TRUE,TRUE,
samsung-galaxy-z-fold5,Samsung Galaxy Z Fold5,,,,,,Condition,Excellent,Storage,1TB,Color,Icy Blue,SAMSUNG-GALAXY-Z-FOLD5-1TB-ICYBLUE-EXCELLENT,200,,deny,manual,917.99,2159.00,TRUE,TRUE,
samsung-galaxy-z-fold5,Samsung Galaxy Z Fold5,,,,,,Condition,Excellent,Storage,1TB,Color,Phantom Black,SAMSUNG-GALAXY-Z-FOLD5-1TB-PHANTOMBLACK-EXCELLENT,200,,deny,manual,917.99,2159.00,TRUE,TRUE,
samsung-galaxy-z-fold5,Samsung Galaxy Z Fold5,,,,,,Condition,Excellent,Storage,1TB,Color,Cream,SAMSUNG-GALAXY-Z-FOLD5-1TB-CREAM-EXCELLENT,200,,deny,manual,917.99,2159.00,TRUE,TRUE,
samsung-galaxy-z-fold5,Samsung Galaxy Z Fold5,,,,,,Condition,Premium,Storage,256GB,Color,Icy Blue,SAMSUNG-GALAXY-Z-FOLD5-256GB-ICYBLUE-PREMIUM,200,,deny,manual,842.99,1799.00,TRUE,TRUE,
samsung-galaxy-z-fold5,Samsung Galaxy Z Fold5,,,,,,Condition,Premium,Storage,256GB,Color,Phantom Black,SAMSUNG-GALAXY-Z-FOLD5-256GB-PHANTOMBLACK-PREMIUM,200,,deny,manual,842.99,1799.00,TRUE,TRUE,
samsung-galaxy-z-fold5,Samsung Galaxy Z Fold5,,,,,,Condition,Premium,Storage,256GB,Color,Cream,SAMSUNG-GALAXY-Z-FOLD5-256GB-CREAM-PREMIUM,200,,deny,manual,842.99,1799.00,TRUE,TRUE,
samsung-galaxy-z-fold5,Samsung Galaxy Z Fold5,,,,,,Condition,Premium,Storage,512GB,Color,Icy Blue,SAMSUNG-GALAXY-Z-FOLD5-512GB-ICYBLUE-PREMIUM,200,,deny,manual,896.99,1919.00,TRUE,TRUE,
samsung-galaxy-z-fold5,Samsung Galaxy Z Fold5,,,,,,Condition,Premium,Storage,512GB,Color,Phantom Black,SAMSUNG-GALAXY-Z-FOLD5-512GB-PHANTOMBLACK-PREMIUM,200,,deny,manual,896.99,1919.00,TRUE,TRUE,
samsung-galaxy-z-fold5,Samsung Galaxy Z Fold5,,,,,,Condition,Premium,Storage,512GB,Color,Cream,SAMSUNG-GALAXY-Z-FOLD5-512GB-CREAM-PREMIUM,200,,deny,manual,896.99,1919.00,TRUE,TRUE,
samsung-galaxy-z-fold5,Samsung Galaxy Z Fold5,,,,,,Condition,Premium,Storage,1TB,Color,Icy Blue,SAMSUNG-GALAXY-Z-FOLD5-1TB-ICYBLUE-PREMIUM,200,,deny,manual,1004.99,2159.00,TRUE,TRUE,
samsung-galaxy-z-fold5,Samsung Galaxy Z Fold5,,,,,,Condition,Premium,Storage,1TB,Color,Phantom Black,SAMSUNG-GALAXY-Z-FOLD5-1TB-PHANTOMBLACK-PREMIUM,200,,deny,manual,1004.99,2159.00,TRUE,TRUE,
samsung-galaxy-z-fold5,Samsung Galaxy Z Fold5,,,,,,Condition,Premium,Storage,1TB,Color,Cream,SAMSUNG-GALAXY-Z-FOLD5-1TB-CREAM-PREMIUM,200,,deny,manual,1004.99,2159.00,TRUE,TRUE,
samsung-galaxy-z-flip6,Samsung Galaxy Z Flip6,"<p>Samsung Galaxy Z Flip6, unlocked. Professionally refurbished, tested on up to 100 points, wiped and reset. 1-year warranty and free 30-day returns.</p><p><strong>Premium</strong> grade includes a brand-new battery.</p>",Samsung,Smartphone,"condition:refurbished, Samsung, Samsung Galaxy, Android, Smartphones, unlocked, Foldable",TRUE,Condition,Fair,Storage,256GB,Color,Blue,SAMSUNG-GALAXY-Z-FLIP6-256GB-BLUE-FAIR,200,,deny,manual,444.99,1099.00,TRUE,TRUE,draft
samsung-galaxy-z-flip6,Samsung Galaxy Z Flip6,,,,,,Condition,Fair,Storage,256GB,Color,Mint,SAMSUNG-GALAXY-Z-FLIP6-256GB-MINT-FAIR,200,,deny,manual,444.99,1099.00,TRUE,TRUE,
samsung-galaxy-z-flip6,Samsung Galaxy Z Flip6,,,,,,Condition,Fair,Storage,256GB,Color,Silver Shadow,SAMSUNG-GALAXY-Z-FLIP6-256GB-SILVERSHADOW-FAIR,200,,deny,manual,444.99,1099.00,TRUE,TRUE,
samsung-galaxy-z-flip6,Samsung Galaxy Z Flip6,,,,,,Condition,Fair,Storage,256GB,Color,Yellow,SAMSUNG-GALAXY-Z-FLIP6-256GB-YELLOW-FAIR,200,,deny,manual,444.99,1099.00,TRUE,TRUE,
samsung-galaxy-z-flip6,Samsung Galaxy Z Flip6,,,,,,Condition,Fair,Storage,512GB,Color,Blue,SAMSUNG-GALAXY-Z-FLIP6-512GB-BLUE-FAIR,200,,deny,manual,498.99,1219.00,TRUE,TRUE,
samsung-galaxy-z-flip6,Samsung Galaxy Z Flip6,,,,,,Condition,Fair,Storage,512GB,Color,Mint,SAMSUNG-GALAXY-Z-FLIP6-512GB-MINT-FAIR,200,,deny,manual,498.99,1219.00,TRUE,TRUE,
samsung-galaxy-z-flip6,Samsung Galaxy Z Flip6,,,,,,Condition,Fair,Storage,512GB,Color,Silver Shadow,SAMSUNG-GALAXY-Z-FLIP6-512GB-SILVERSHADOW-FAIR,200,,deny,manual,498.99,1219.00,TRUE,TRUE,
samsung-galaxy-z-flip6,Samsung Galaxy Z Flip6,,,,,,Condition,Fair,Storage,512GB,Color,Yellow,SAMSUNG-GALAXY-Z-FLIP6-512GB-YELLOW-FAIR,200,,deny,manual,498.99,1219.00,TRUE,TRUE,
samsung-galaxy-z-flip6,Samsung Galaxy Z Flip6,,,,,,Condition,Good,Storage,256GB,Color,Blue,SAMSUNG-GALAXY-Z-FLIP6-256GB-BLUE-GOOD,200,,deny,manual,494.99,1099.00,TRUE,TRUE,
samsung-galaxy-z-flip6,Samsung Galaxy Z Flip6,,,,,,Condition,Good,Storage,256GB,Color,Mint,SAMSUNG-GALAXY-Z-FLIP6-256GB-MINT-GOOD,200,,deny,manual,494.99,1099.00,TRUE,TRUE,
samsung-galaxy-z-flip6,Samsung Galaxy Z Flip6,,,,,,Condition,Good,Storage,256GB,Color,Silver Shadow,SAMSUNG-GALAXY-Z-FLIP6-256GB-SILVERSHADOW-GOOD,200,,deny,manual,494.99,1099.00,TRUE,TRUE,
samsung-galaxy-z-flip6,Samsung Galaxy Z Flip6,,,,,,Condition,Good,Storage,256GB,Color,Yellow,SAMSUNG-GALAXY-Z-FLIP6-256GB-YELLOW-GOOD,200,,deny,manual,494.99,1099.00,TRUE,TRUE,
samsung-galaxy-z-flip6,Samsung Galaxy Z Flip6,,,,,,Condition,Good,Storage,512GB,Color,Blue,SAMSUNG-GALAXY-Z-FLIP6-512GB-BLUE-GOOD,200,,deny,manual,548.99,1219.00,TRUE,TRUE,
samsung-galaxy-z-flip6,Samsung Galaxy Z Flip6,,,,,,Condition,Good,Storage,512GB,Color,Mint,SAMSUNG-GALAXY-Z-FLIP6-512GB-MINT-GOOD,200,,deny,manual,548.99,1219.00,TRUE,TRUE,
samsung-galaxy-z-flip6,Samsung Galaxy Z Flip6,,,,,,Condition,Good,Storage,512GB,Color,Silver Shadow,SAMSUNG-GALAXY-Z-FLIP6-512GB-SILVERSHADOW-GOOD,200,,deny,manual,548.99,1219.00,TRUE,TRUE,
samsung-galaxy-z-flip6,Samsung Galaxy Z Flip6,,,,,,Condition,Good,Storage,512GB,Color,Yellow,SAMSUNG-GALAXY-Z-FLIP6-512GB-YELLOW-GOOD,200,,deny,manual,548.99,1219.00,TRUE,TRUE,
samsung-galaxy-z-flip6,Samsung Galaxy Z Flip6,,,,,,Condition,Excellent,Storage,256GB,Color,Blue,SAMSUNG-GALAXY-Z-FLIP6-256GB-BLUE-EXCELLENT,200,,deny,manual,553.99,1099.00,TRUE,TRUE,
samsung-galaxy-z-flip6,Samsung Galaxy Z Flip6,,,,,,Condition,Excellent,Storage,256GB,Color,Mint,SAMSUNG-GALAXY-Z-FLIP6-256GB-MINT-EXCELLENT,200,,deny,manual,553.99,1099.00,TRUE,TRUE,
samsung-galaxy-z-flip6,Samsung Galaxy Z Flip6,,,,,,Condition,Excellent,Storage,256GB,Color,Silver Shadow,SAMSUNG-GALAXY-Z-FLIP6-256GB-SILVERSHADOW-EXCELLENT,200,,deny,manual,553.99,1099.00,TRUE,TRUE,
samsung-galaxy-z-flip6,Samsung Galaxy Z Flip6,,,,,,Condition,Excellent,Storage,256GB,Color,Yellow,SAMSUNG-GALAXY-Z-FLIP6-256GB-YELLOW-EXCELLENT,200,,deny,manual,553.99,1099.00,TRUE,TRUE,
samsung-galaxy-z-flip6,Samsung Galaxy Z Flip6,,,,,,Condition,Excellent,Storage,512GB,Color,Blue,SAMSUNG-GALAXY-Z-FLIP6-512GB-BLUE-EXCELLENT,200,,deny,manual,607.99,1219.00,TRUE,TRUE,
samsung-galaxy-z-flip6,Samsung Galaxy Z Flip6,,,,,,Condition,Excellent,Storage,512GB,Color,Mint,SAMSUNG-GALAXY-Z-FLIP6-512GB-MINT-EXCELLENT,200,,deny,manual,607.99,1219.00,TRUE,TRUE,
samsung-galaxy-z-flip6,Samsung Galaxy Z Flip6,,,,,,Condition,Excellent,Storage,512GB,Color,Silver Shadow,SAMSUNG-GALAXY-Z-FLIP6-512GB-SILVERSHADOW-EXCELLENT,200,,deny,manual,607.99,1219.00,TRUE,TRUE,
samsung-galaxy-z-flip6,Samsung Galaxy Z Flip6,,,,,,Condition,Excellent,Storage,512GB,Color,Yellow,SAMSUNG-GALAXY-Z-FLIP6-512GB-YELLOW-EXCELLENT,200,,deny,manual,607.99,1219.00,TRUE,TRUE,
samsung-galaxy-z-flip6,Samsung Galaxy Z Flip6,,,,,,Condition,Premium,Storage,256GB,Color,Blue,SAMSUNG-GALAXY-Z-FLIP6-256GB-BLUE-PREMIUM,200,,deny,manual,617.99,1099.00,TRUE,TRUE,
samsung-galaxy-z-flip6,Samsung Galaxy Z Flip6,,,,,,Condition,Premium,Storage,256GB,Color,Mint,SAMSUNG-GALAXY-Z-FLIP6-256GB-MINT-PREMIUM,200,,deny,manual,617.99,1099.00,TRUE,TRUE,
samsung-galaxy-z-flip6,Samsung Galaxy Z Flip6,,,,,,Condition,Premium,Storage,256GB,Color,Silver Shadow,SAMSUNG-GALAXY-Z-FLIP6-256GB-SILVERSHADOW-PREMIUM,200,,deny,manual,617.99,1099.00,TRUE,TRUE,
samsung-galaxy-z-flip6,Samsung Galaxy Z Flip6,,,,,,Condition,Premium,Storage,256GB,Color,Yellow,SAMSUNG-GALAXY-Z-FLIP6-256GB-YELLOW-PREMIUM,200,,deny,manual,617.99,1099.00,TRUE,TRUE,
samsung-galaxy-z-flip6,Samsung Galaxy Z Flip6,,,,,,Condition,Premium,Storage,512GB,Color,Blue,SAMSUNG-GALAXY-Z-FLIP6-512GB-BLUE-PREMIUM,200,,deny,manual,671.99,1219.00,TRUE,TRUE,
samsung-galaxy-z-flip6,Samsung Galaxy Z Flip6,,,,,,Condition,Premium,Storage,512GB,Color,Mint,SAMSUNG-GALAXY-Z-FLIP6-512GB-MINT-PREMIUM,200,,deny,manual,671.99,1219.00,TRUE,TRUE,
samsung-galaxy-z-flip6,Samsung Galaxy Z Flip6,,,,,,Condition,Premium,Storage,512GB,Color,Silver Shadow,SAMSUNG-GALAXY-Z-FLIP6-512GB-SILVERSHADOW-PREMIUM,200,,deny,manual,671.99,1219.00,TRUE,TRUE,
samsung-galaxy-z-flip6,Samsung Galaxy Z Flip6,,,,,,Condition,Premium,Storage,512GB,Color,Yellow,SAMSUNG-GALAXY-Z-FLIP6-512GB-YELLOW-PREMIUM,200,,deny,manual,671.99,1219.00,TRUE,TRUE,
samsung-galaxy-z-fold6,Samsung Galaxy Z Fold6,"<p>Samsung Galaxy Z Fold6, unlocked. Professionally refurbished, tested on up to 100 points, wiped and reset. 1-year warranty and free 30-day returns.</p><p><strong>Premium</strong> grade includes a brand-new battery.</p>",Samsung,Smartphone,"condition:refurbished, Samsung, Samsung Galaxy, Android, Smartphones, unlocked, Foldable",TRUE,Condition,Fair,Storage,256GB,Color,Silver Shadow,SAMSUNG-GALAXY-Z-FOLD6-256GB-SILVERSHADOW-FAIR,200,,deny,manual,768.99,1899.00,TRUE,TRUE,draft
samsung-galaxy-z-fold6,Samsung Galaxy Z Fold6,,,,,,Condition,Fair,Storage,256GB,Color,Pink,SAMSUNG-GALAXY-Z-FOLD6-256GB-PINK-FAIR,200,,deny,manual,768.99,1899.00,TRUE,TRUE,
samsung-galaxy-z-fold6,Samsung Galaxy Z Fold6,,,,,,Condition,Fair,Storage,256GB,Color,Navy,SAMSUNG-GALAXY-Z-FOLD6-256GB-NAVY-FAIR,200,,deny,manual,768.99,1899.00,TRUE,TRUE,
samsung-galaxy-z-fold6,Samsung Galaxy Z Fold6,,,,,,Condition,Fair,Storage,512GB,Color,Silver Shadow,SAMSUNG-GALAXY-Z-FOLD6-512GB-SILVERSHADOW-FAIR,200,,deny,manual,822.99,2019.00,TRUE,TRUE,
samsung-galaxy-z-fold6,Samsung Galaxy Z Fold6,,,,,,Condition,Fair,Storage,512GB,Color,Pink,SAMSUNG-GALAXY-Z-FOLD6-512GB-PINK-FAIR,200,,deny,manual,822.99,2019.00,TRUE,TRUE,
samsung-galaxy-z-fold6,Samsung Galaxy Z Fold6,,,,,,Condition,Fair,Storage,512GB,Color,Navy,SAMSUNG-GALAXY-Z-FOLD6-512GB-NAVY-FAIR,200,,deny,manual,822.99,2019.00,TRUE,TRUE,
samsung-galaxy-z-fold6,Samsung Galaxy Z Fold6,,,,,,Condition,Fair,Storage,1TB,Color,Silver Shadow,SAMSUNG-GALAXY-Z-FOLD6-1TB-SILVERSHADOW-FAIR,200,,deny,manual,930.99,2259.00,TRUE,TRUE,
samsung-galaxy-z-fold6,Samsung Galaxy Z Fold6,,,,,,Condition,Fair,Storage,1TB,Color,Pink,SAMSUNG-GALAXY-Z-FOLD6-1TB-PINK-FAIR,200,,deny,manual,930.99,2259.00,TRUE,TRUE,
samsung-galaxy-z-fold6,Samsung Galaxy Z Fold6,,,,,,Condition,Fair,Storage,1TB,Color,Navy,SAMSUNG-GALAXY-Z-FOLD6-1TB-NAVY-FAIR,200,,deny,manual,930.99,2259.00,TRUE,TRUE,
samsung-galaxy-z-fold6,Samsung Galaxy Z Fold6,,,,,,Condition,Good,Storage,256GB,Color,Silver Shadow,SAMSUNG-GALAXY-Z-FOLD6-256GB-SILVERSHADOW-GOOD,200,,deny,manual,854.99,1899.00,TRUE,TRUE,
samsung-galaxy-z-fold6,Samsung Galaxy Z Fold6,,,,,,Condition,Good,Storage,256GB,Color,Pink,SAMSUNG-GALAXY-Z-FOLD6-256GB-PINK-GOOD,200,,deny,manual,854.99,1899.00,TRUE,TRUE,
samsung-galaxy-z-fold6,Samsung Galaxy Z Fold6,,,,,,Condition,Good,Storage,256GB,Color,Navy,SAMSUNG-GALAXY-Z-FOLD6-256GB-NAVY-GOOD,200,,deny,manual,854.99,1899.00,TRUE,TRUE,
samsung-galaxy-z-fold6,Samsung Galaxy Z Fold6,,,,,,Condition,Good,Storage,512GB,Color,Silver Shadow,SAMSUNG-GALAXY-Z-FOLD6-512GB-SILVERSHADOW-GOOD,200,,deny,manual,908.99,2019.00,TRUE,TRUE,
samsung-galaxy-z-fold6,Samsung Galaxy Z Fold6,,,,,,Condition,Good,Storage,512GB,Color,Pink,SAMSUNG-GALAXY-Z-FOLD6-512GB-PINK-GOOD,200,,deny,manual,908.99,2019.00,TRUE,TRUE,
samsung-galaxy-z-fold6,Samsung Galaxy Z Fold6,,,,,,Condition,Good,Storage,512GB,Color,Navy,SAMSUNG-GALAXY-Z-FOLD6-512GB-NAVY-GOOD,200,,deny,manual,908.99,2019.00,TRUE,TRUE,
samsung-galaxy-z-fold6,Samsung Galaxy Z Fold6,,,,,,Condition,Good,Storage,1TB,Color,Silver Shadow,SAMSUNG-GALAXY-Z-FOLD6-1TB-SILVERSHADOW-GOOD,200,,deny,manual,1016.99,2259.00,TRUE,TRUE,
samsung-galaxy-z-fold6,Samsung Galaxy Z Fold6,,,,,,Condition,Good,Storage,1TB,Color,Pink,SAMSUNG-GALAXY-Z-FOLD6-1TB-PINK-GOOD,200,,deny,manual,1016.99,2259.00,TRUE,TRUE,
samsung-galaxy-z-fold6,Samsung Galaxy Z Fold6,,,,,,Condition,Good,Storage,1TB,Color,Navy,SAMSUNG-GALAXY-Z-FOLD6-1TB-NAVY-GOOD,200,,deny,manual,1016.99,2259.00,TRUE,TRUE,
samsung-galaxy-z-fold6,Samsung Galaxy Z Fold6,,,,,,Condition,Excellent,Storage,256GB,Color,Silver Shadow,SAMSUNG-GALAXY-Z-FOLD6-256GB-SILVERSHADOW-EXCELLENT,200,,deny,manual,956.99,1899.00,TRUE,TRUE,
samsung-galaxy-z-fold6,Samsung Galaxy Z Fold6,,,,,,Condition,Excellent,Storage,256GB,Color,Pink,SAMSUNG-GALAXY-Z-FOLD6-256GB-PINK-EXCELLENT,200,,deny,manual,956.99,1899.00,TRUE,TRUE,
samsung-galaxy-z-fold6,Samsung Galaxy Z Fold6,,,,,,Condition,Excellent,Storage,256GB,Color,Navy,SAMSUNG-GALAXY-Z-FOLD6-256GB-NAVY-EXCELLENT,200,,deny,manual,956.99,1899.00,TRUE,TRUE,
samsung-galaxy-z-fold6,Samsung Galaxy Z Fold6,,,,,,Condition,Excellent,Storage,512GB,Color,Silver Shadow,SAMSUNG-GALAXY-Z-FOLD6-512GB-SILVERSHADOW-EXCELLENT,200,,deny,manual,1010.99,2019.00,TRUE,TRUE,
samsung-galaxy-z-fold6,Samsung Galaxy Z Fold6,,,,,,Condition,Excellent,Storage,512GB,Color,Pink,SAMSUNG-GALAXY-Z-FOLD6-512GB-PINK-EXCELLENT,200,,deny,manual,1010.99,2019.00,TRUE,TRUE,
samsung-galaxy-z-fold6,Samsung Galaxy Z Fold6,,,,,,Condition,Excellent,Storage,512GB,Color,Navy,SAMSUNG-GALAXY-Z-FOLD6-512GB-NAVY-EXCELLENT,200,,deny,manual,1010.99,2019.00,TRUE,TRUE,
samsung-galaxy-z-fold6,Samsung Galaxy Z Fold6,,,,,,Condition,Excellent,Storage,1TB,Color,Silver Shadow,SAMSUNG-GALAXY-Z-FOLD6-1TB-SILVERSHADOW-EXCELLENT,200,,deny,manual,1118.99,2259.00,TRUE,TRUE,
samsung-galaxy-z-fold6,Samsung Galaxy Z Fold6,,,,,,Condition,Excellent,Storage,1TB,Color,Pink,SAMSUNG-GALAXY-Z-FOLD6-1TB-PINK-EXCELLENT,200,,deny,manual,1118.99,2259.00,TRUE,TRUE,
samsung-galaxy-z-fold6,Samsung Galaxy Z Fold6,,,,,,Condition,Excellent,Storage,1TB,Color,Navy,SAMSUNG-GALAXY-Z-FOLD6-1TB-NAVY-EXCELLENT,200,,deny,manual,1118.99,2259.00,TRUE,TRUE,
samsung-galaxy-z-fold6,Samsung Galaxy Z Fold6,,,,,,Condition,Premium,Storage,256GB,Color,Silver Shadow,SAMSUNG-GALAXY-Z-FOLD6-256GB-SILVERSHADOW-PREMIUM,200,,deny,manual,1067.99,1899.00,TRUE,TRUE,
samsung-galaxy-z-fold6,Samsung Galaxy Z Fold6,,,,,,Condition,Premium,Storage,256GB,Color,Pink,SAMSUNG-GALAXY-Z-FOLD6-256GB-PINK-PREMIUM,200,,deny,manual,1067.99,1899.00,TRUE,TRUE,
samsung-galaxy-z-fold6,Samsung Galaxy Z Fold6,,,,,,Condition,Premium,Storage,256GB,Color,Navy,SAMSUNG-GALAXY-Z-FOLD6-256GB-NAVY-PREMIUM,200,,deny,manual,1067.99,1899.00,TRUE,TRUE,
samsung-galaxy-z-fold6,Samsung Galaxy Z Fold6,,,,,,Condition,Premium,Storage,512GB,Color,Silver Shadow,SAMSUNG-GALAXY-Z-FOLD6-512GB-SILVERSHADOW-PREMIUM,200,,deny,manual,1121.99,2019.00,TRUE,TRUE,
samsung-galaxy-z-fold6,Samsung Galaxy Z Fold6,,,,,,Condition,Premium,Storage,512GB,Color,Pink,SAMSUNG-GALAXY-Z-FOLD6-512GB-PINK-PREMIUM,200,,deny,manual,1121.99,2019.00,TRUE,TRUE,
samsung-galaxy-z-fold6,Samsung Galaxy Z Fold6,,,,,,Condition,Premium,Storage,512GB,Color,Navy,SAMSUNG-GALAXY-Z-FOLD6-512GB-NAVY-PREMIUM,200,,deny,manual,1121.99,2019.00,TRUE,TRUE,
samsung-galaxy-z-fold6,Samsung Galaxy Z Fold6,,,,,,Condition,Premium,Storage,1TB,Color,Silver Shadow,SAMSUNG-GALAXY-Z-FOLD6-1TB-SILVERSHADOW-PREMIUM,200,,deny,manual,1229.99,2259.00,TRUE,TRUE,
samsung-galaxy-z-fold6,Samsung Galaxy Z Fold6,,,,,,Condition,Premium,Storage,1TB,Color,Pink,SAMSUNG-GALAXY-Z-FOLD6-1TB-PINK-PREMIUM,200,,deny,manual,1229.99,2259.00,TRUE,TRUE,
samsung-galaxy-z-fold6,Samsung Galaxy Z Fold6,,,,,,Condition,Premium,Storage,1TB,Color,Navy,SAMSUNG-GALAXY-Z-FOLD6-1TB-NAVY-PREMIUM,200,,deny,manual,1229.99,2259.00,TRUE,TRUE,
samsung-galaxy-z-flip7,Samsung Galaxy Z Flip7,"<p>Samsung Galaxy Z Flip7, unlocked. Professionally refurbished, tested on up to 100 points, wiped and reset. 1-year warranty and free 30-day returns.</p><p><strong>Premium</strong> grade includes a brand-new battery.</p>",Samsung,Smartphone,"condition:refurbished, Samsung, Samsung Galaxy, Android, Smartphones, unlocked, Foldable",TRUE,Condition,Fair,Storage,256GB,Color,Blue Shadow,SAMSUNG-GALAXY-Z-FLIP7-256GB-BLUESHADOW-FAIR,200,,deny,manual,533.99,1099.00,TRUE,TRUE,draft
samsung-galaxy-z-flip7,Samsung Galaxy Z Flip7,,,,,,Condition,Fair,Storage,256GB,Color,Jetblack,SAMSUNG-GALAXY-Z-FLIP7-256GB-JETBLACK-FAIR,200,,deny,manual,533.99,1099.00,TRUE,TRUE,
samsung-galaxy-z-flip7,Samsung Galaxy Z Flip7,,,,,,Condition,Fair,Storage,256GB,Color,Coralred,SAMSUNG-GALAXY-Z-FLIP7-256GB-CORALRED-FAIR,200,,deny,manual,533.99,1099.00,TRUE,TRUE,
samsung-galaxy-z-flip7,Samsung Galaxy Z Flip7,,,,,,Condition,Fair,Storage,256GB,Color,Mint,SAMSUNG-GALAXY-Z-FLIP7-256GB-MINT-FAIR,200,,deny,manual,533.99,1099.00,TRUE,TRUE,
samsung-galaxy-z-flip7,Samsung Galaxy Z Flip7,,,,,,Condition,Fair,Storage,512GB,Color,Blue Shadow,SAMSUNG-GALAXY-Z-FLIP7-512GB-BLUESHADOW-FAIR,200,,deny,manual,587.99,1219.00,TRUE,TRUE,
samsung-galaxy-z-flip7,Samsung Galaxy Z Flip7,,,,,,Condition,Fair,Storage,512GB,Color,Jetblack,SAMSUNG-GALAXY-Z-FLIP7-512GB-JETBLACK-FAIR,200,,deny,manual,587.99,1219.00,TRUE,TRUE,
samsung-galaxy-z-flip7,Samsung Galaxy Z Flip7,,,,,,Condition,Fair,Storage,512GB,Color,Coralred,SAMSUNG-GALAXY-Z-FLIP7-512GB-CORALRED-FAIR,200,,deny,manual,587.99,1219.00,TRUE,TRUE,
samsung-galaxy-z-flip7,Samsung Galaxy Z Flip7,,,,,,Condition,Fair,Storage,512GB,Color,Mint,SAMSUNG-GALAXY-Z-FLIP7-512GB-MINT-FAIR,200,,deny,manual,587.99,1219.00,TRUE,TRUE,
samsung-galaxy-z-flip7,Samsung Galaxy Z Flip7,,,,,,Condition,Good,Storage,256GB,Color,Blue Shadow,SAMSUNG-GALAXY-Z-FLIP7-256GB-BLUESHADOW-GOOD,200,,deny,manual,592.99,1099.00,TRUE,TRUE,
samsung-galaxy-z-flip7,Samsung Galaxy Z Flip7,,,,,,Condition,Good,Storage,256GB,Color,Jetblack,SAMSUNG-GALAXY-Z-FLIP7-256GB-JETBLACK-GOOD,200,,deny,manual,592.99,1099.00,TRUE,TRUE,
samsung-galaxy-z-flip7,Samsung Galaxy Z Flip7,,,,,,Condition,Good,Storage,256GB,Color,Coralred,SAMSUNG-GALAXY-Z-FLIP7-256GB-CORALRED-GOOD,200,,deny,manual,592.99,1099.00,TRUE,TRUE,
samsung-galaxy-z-flip7,Samsung Galaxy Z Flip7,,,,,,Condition,Good,Storage,256GB,Color,Mint,SAMSUNG-GALAXY-Z-FLIP7-256GB-MINT-GOOD,200,,deny,manual,592.99,1099.00,TRUE,TRUE,
samsung-galaxy-z-flip7,Samsung Galaxy Z Flip7,,,,,,Condition,Good,Storage,512GB,Color,Blue Shadow,SAMSUNG-GALAXY-Z-FLIP7-512GB-BLUESHADOW-GOOD,200,,deny,manual,646.99,1219.00,TRUE,TRUE,
samsung-galaxy-z-flip7,Samsung Galaxy Z Flip7,,,,,,Condition,Good,Storage,512GB,Color,Jetblack,SAMSUNG-GALAXY-Z-FLIP7-512GB-JETBLACK-GOOD,200,,deny,manual,646.99,1219.00,TRUE,TRUE,
samsung-galaxy-z-flip7,Samsung Galaxy Z Flip7,,,,,,Condition,Good,Storage,512GB,Color,Coralred,SAMSUNG-GALAXY-Z-FLIP7-512GB-CORALRED-GOOD,200,,deny,manual,646.99,1219.00,TRUE,TRUE,
samsung-galaxy-z-flip7,Samsung Galaxy Z Flip7,,,,,,Condition,Good,Storage,512GB,Color,Mint,SAMSUNG-GALAXY-Z-FLIP7-512GB-MINT-GOOD,200,,deny,manual,646.99,1219.00,TRUE,TRUE,
samsung-galaxy-z-flip7,Samsung Galaxy Z Flip7,,,,,,Condition,Excellent,Storage,256GB,Color,Blue Shadow,SAMSUNG-GALAXY-Z-FLIP7-256GB-BLUESHADOW-EXCELLENT,200,,deny,manual,664.99,1099.00,TRUE,TRUE,
samsung-galaxy-z-flip7,Samsung Galaxy Z Flip7,,,,,,Condition,Excellent,Storage,256GB,Color,Jetblack,SAMSUNG-GALAXY-Z-FLIP7-256GB-JETBLACK-EXCELLENT,200,,deny,manual,664.99,1099.00,TRUE,TRUE,
samsung-galaxy-z-flip7,Samsung Galaxy Z Flip7,,,,,,Condition,Excellent,Storage,256GB,Color,Coralred,SAMSUNG-GALAXY-Z-FLIP7-256GB-CORALRED-EXCELLENT,200,,deny,manual,664.99,1099.00,TRUE,TRUE,
samsung-galaxy-z-flip7,Samsung Galaxy Z Flip7,,,,,,Condition,Excellent,Storage,256GB,Color,Mint,SAMSUNG-GALAXY-Z-FLIP7-256GB-MINT-EXCELLENT,200,,deny,manual,664.99,1099.00,TRUE,TRUE,
samsung-galaxy-z-flip7,Samsung Galaxy Z Flip7,,,,,,Condition,Excellent,Storage,512GB,Color,Blue Shadow,SAMSUNG-GALAXY-Z-FLIP7-512GB-BLUESHADOW-EXCELLENT,200,,deny,manual,718.99,1219.00,TRUE,TRUE,
samsung-galaxy-z-flip7,Samsung Galaxy Z Flip7,,,,,,Condition,Excellent,Storage,512GB,Color,Jetblack,SAMSUNG-GALAXY-Z-FLIP7-512GB-JETBLACK-EXCELLENT,200,,deny,manual,718.99,1219.00,TRUE,TRUE,
samsung-galaxy-z-flip7,Samsung Galaxy Z Flip7,,,,,,Condition,Excellent,Storage,512GB,Color,Coralred,SAMSUNG-GALAXY-Z-FLIP7-512GB-CORALRED-EXCELLENT,200,,deny,manual,718.99,1219.00,TRUE,TRUE,
samsung-galaxy-z-flip7,Samsung Galaxy Z Flip7,,,,,,Condition,Excellent,Storage,512GB,Color,Mint,SAMSUNG-GALAXY-Z-FLIP7-512GB-MINT-EXCELLENT,200,,deny,manual,718.99,1219.00,TRUE,TRUE,
samsung-galaxy-z-flip7,Samsung Galaxy Z Flip7,,,,,,Condition,Premium,Storage,256GB,Color,Blue Shadow,SAMSUNG-GALAXY-Z-FLIP7-256GB-BLUESHADOW-PREMIUM,200,,deny,manual,741.99,1099.00,TRUE,TRUE,
samsung-galaxy-z-flip7,Samsung Galaxy Z Flip7,,,,,,Condition,Premium,Storage,256GB,Color,Jetblack,SAMSUNG-GALAXY-Z-FLIP7-256GB-JETBLACK-PREMIUM,200,,deny,manual,741.99,1099.00,TRUE,TRUE,
samsung-galaxy-z-flip7,Samsung Galaxy Z Flip7,,,,,,Condition,Premium,Storage,256GB,Color,Coralred,SAMSUNG-GALAXY-Z-FLIP7-256GB-CORALRED-PREMIUM,200,,deny,manual,741.99,1099.00,TRUE,TRUE,
samsung-galaxy-z-flip7,Samsung Galaxy Z Flip7,,,,,,Condition,Premium,Storage,256GB,Color,Mint,SAMSUNG-GALAXY-Z-FLIP7-256GB-MINT-PREMIUM,200,,deny,manual,741.99,1099.00,TRUE,TRUE,
samsung-galaxy-z-flip7,Samsung Galaxy Z Flip7,,,,,,Condition,Premium,Storage,512GB,Color,Blue Shadow,SAMSUNG-GALAXY-Z-FLIP7-512GB-BLUESHADOW-PREMIUM,200,,deny,manual,795.99,1219.00,TRUE,TRUE,
samsung-galaxy-z-flip7,Samsung Galaxy Z Flip7,,,,,,Condition,Premium,Storage,512GB,Color,Jetblack,SAMSUNG-GALAXY-Z-FLIP7-512GB-JETBLACK-PREMIUM,200,,deny,manual,795.99,1219.00,TRUE,TRUE,
samsung-galaxy-z-flip7,Samsung Galaxy Z Flip7,,,,,,Condition,Premium,Storage,512GB,Color,Coralred,SAMSUNG-GALAXY-Z-FLIP7-512GB-CORALRED-PREMIUM,200,,deny,manual,795.99,1219.00,TRUE,TRUE,
samsung-galaxy-z-flip7,Samsung Galaxy Z Flip7,,,,,,Condition,Premium,Storage,512GB,Color,Mint,SAMSUNG-GALAXY-Z-FLIP7-512GB-MINT-PREMIUM,200,,deny,manual,795.99,1219.00,TRUE,TRUE,
samsung-galaxy-z-fold7,Samsung Galaxy Z Fold7,"<p>Samsung Galaxy Z Fold7, unlocked. Professionally refurbished, tested on up to 100 points, wiped and reset. 1-year warranty and free 30-day returns.</p><p><strong>Premium</strong> grade includes a brand-new battery.</p>",Samsung,Smartphone,"condition:refurbished, Samsung, Samsung Galaxy, Android, Smartphones, unlocked, Foldable",TRUE,Condition,Fair,Storage,256GB,Color,Blue Shadow,SAMSUNG-GALAXY-Z-FOLD7-256GB-BLUESHADOW-FAIR,200,,deny,manual,971.99,1999.00,TRUE,TRUE,draft
samsung-galaxy-z-fold7,Samsung Galaxy Z Fold7,,,,,,Condition,Fair,Storage,256GB,Color,Silver Shadow,SAMSUNG-GALAXY-Z-FOLD7-256GB-SILVERSHADOW-FAIR,200,,deny,manual,971.99,1999.00,TRUE,TRUE,
samsung-galaxy-z-fold7,Samsung Galaxy Z Fold7,,,,,,Condition,Fair,Storage,256GB,Color,Jetblack,SAMSUNG-GALAXY-Z-FOLD7-256GB-JETBLACK-FAIR,200,,deny,manual,971.99,1999.00,TRUE,TRUE,
samsung-galaxy-z-fold7,Samsung Galaxy Z Fold7,,,,,,Condition,Fair,Storage,512GB,Color,Blue Shadow,SAMSUNG-GALAXY-Z-FOLD7-512GB-BLUESHADOW-FAIR,200,,deny,manual,1025.99,2119.00,TRUE,TRUE,
samsung-galaxy-z-fold7,Samsung Galaxy Z Fold7,,,,,,Condition,Fair,Storage,512GB,Color,Silver Shadow,SAMSUNG-GALAXY-Z-FOLD7-512GB-SILVERSHADOW-FAIR,200,,deny,manual,1025.99,2119.00,TRUE,TRUE,
samsung-galaxy-z-fold7,Samsung Galaxy Z Fold7,,,,,,Condition,Fair,Storage,512GB,Color,Jetblack,SAMSUNG-GALAXY-Z-FOLD7-512GB-JETBLACK-FAIR,200,,deny,manual,1025.99,2119.00,TRUE,TRUE,
samsung-galaxy-z-fold7,Samsung Galaxy Z Fold7,,,,,,Condition,Fair,Storage,1TB,Color,Blue Shadow,SAMSUNG-GALAXY-Z-FOLD7-1TB-BLUESHADOW-FAIR,200,,deny,manual,1160.99,2419.00,TRUE,TRUE,
samsung-galaxy-z-fold7,Samsung Galaxy Z Fold7,,,,,,Condition,Fair,Storage,1TB,Color,Silver Shadow,SAMSUNG-GALAXY-Z-FOLD7-1TB-SILVERSHADOW-FAIR,200,,deny,manual,1160.99,2419.00,TRUE,TRUE,
samsung-galaxy-z-fold7,Samsung Galaxy Z Fold7,,,,,,Condition,Fair,Storage,1TB,Color,Jetblack,SAMSUNG-GALAXY-Z-FOLD7-1TB-JETBLACK-FAIR,200,,deny,manual,1160.99,2419.00,TRUE,TRUE,
samsung-galaxy-z-fold7,Samsung Galaxy Z Fold7,,,,,,Condition,Good,Storage,256GB,Color,Blue Shadow,SAMSUNG-GALAXY-Z-FOLD7-256GB-BLUESHADOW-GOOD,200,,deny,manual,1078.99,1999.00,TRUE,TRUE,
samsung-galaxy-z-fold7,Samsung Galaxy Z Fold7,,,,,,Condition,Good,Storage,256GB,Color,Silver Shadow,SAMSUNG-GALAXY-Z-FOLD7-256GB-SILVERSHADOW-GOOD,200,,deny,manual,1078.99,1999.00,TRUE,TRUE,
samsung-galaxy-z-fold7,Samsung Galaxy Z Fold7,,,,,,Condition,Good,Storage,256GB,Color,Jetblack,SAMSUNG-GALAXY-Z-FOLD7-256GB-JETBLACK-GOOD,200,,deny,manual,1078.99,1999.00,TRUE,TRUE,
samsung-galaxy-z-fold7,Samsung Galaxy Z Fold7,,,,,,Condition,Good,Storage,512GB,Color,Blue Shadow,SAMSUNG-GALAXY-Z-FOLD7-512GB-BLUESHADOW-GOOD,200,,deny,manual,1132.99,2119.00,TRUE,TRUE,
samsung-galaxy-z-fold7,Samsung Galaxy Z Fold7,,,,,,Condition,Good,Storage,512GB,Color,Silver Shadow,SAMSUNG-GALAXY-Z-FOLD7-512GB-SILVERSHADOW-GOOD,200,,deny,manual,1132.99,2119.00,TRUE,TRUE,
samsung-galaxy-z-fold7,Samsung Galaxy Z Fold7,,,,,,Condition,Good,Storage,512GB,Color,Jetblack,SAMSUNG-GALAXY-Z-FOLD7-512GB-JETBLACK-GOOD,200,,deny,manual,1132.99,2119.00,TRUE,TRUE,
samsung-galaxy-z-fold7,Samsung Galaxy Z Fold7,,,,,,Condition,Good,Storage,1TB,Color,Blue Shadow,SAMSUNG-GALAXY-Z-FOLD7-1TB-BLUESHADOW-GOOD,200,,deny,manual,1267.99,2419.00,TRUE,TRUE,
samsung-galaxy-z-fold7,Samsung Galaxy Z Fold7,,,,,,Condition,Good,Storage,1TB,Color,Silver Shadow,SAMSUNG-GALAXY-Z-FOLD7-1TB-SILVERSHADOW-GOOD,200,,deny,manual,1267.99,2419.00,TRUE,TRUE,
samsung-galaxy-z-fold7,Samsung Galaxy Z Fold7,,,,,,Condition,Good,Storage,1TB,Color,Jetblack,SAMSUNG-GALAXY-Z-FOLD7-1TB-JETBLACK-GOOD,200,,deny,manual,1267.99,2419.00,TRUE,TRUE,
samsung-galaxy-z-fold7,Samsung Galaxy Z Fold7,,,,,,Condition,Excellent,Storage,256GB,Color,Blue Shadow,SAMSUNG-GALAXY-Z-FOLD7-256GB-BLUESHADOW-EXCELLENT,200,,deny,manual,1208.99,1999.00,TRUE,TRUE,
samsung-galaxy-z-fold7,Samsung Galaxy Z Fold7,,,,,,Condition,Excellent,Storage,256GB,Color,Silver Shadow,SAMSUNG-GALAXY-Z-FOLD7-256GB-SILVERSHADOW-EXCELLENT,200,,deny,manual,1208.99,1999.00,TRUE,TRUE,
samsung-galaxy-z-fold7,Samsung Galaxy Z Fold7,,,,,,Condition,Excellent,Storage,256GB,Color,Jetblack,SAMSUNG-GALAXY-Z-FOLD7-256GB-JETBLACK-EXCELLENT,200,,deny,manual,1208.99,1999.00,TRUE,TRUE,
samsung-galaxy-z-fold7,Samsung Galaxy Z Fold7,,,,,,Condition,Excellent,Storage,512GB,Color,Blue Shadow,SAMSUNG-GALAXY-Z-FOLD7-512GB-BLUESHADOW-EXCELLENT,200,,deny,manual,1262.99,2119.00,TRUE,TRUE,
samsung-galaxy-z-fold7,Samsung Galaxy Z Fold7,,,,,,Condition,Excellent,Storage,512GB,Color,Silver Shadow,SAMSUNG-GALAXY-Z-FOLD7-512GB-SILVERSHADOW-EXCELLENT,200,,deny,manual,1262.99,2119.00,TRUE,TRUE,
samsung-galaxy-z-fold7,Samsung Galaxy Z Fold7,,,,,,Condition,Excellent,Storage,512GB,Color,Jetblack,SAMSUNG-GALAXY-Z-FOLD7-512GB-JETBLACK-EXCELLENT,200,,deny,manual,1262.99,2119.00,TRUE,TRUE,
samsung-galaxy-z-fold7,Samsung Galaxy Z Fold7,,,,,,Condition,Excellent,Storage,1TB,Color,Blue Shadow,SAMSUNG-GALAXY-Z-FOLD7-1TB-BLUESHADOW-EXCELLENT,200,,deny,manual,1397.99,2419.00,TRUE,TRUE,
samsung-galaxy-z-fold7,Samsung Galaxy Z Fold7,,,,,,Condition,Excellent,Storage,1TB,Color,Silver Shadow,SAMSUNG-GALAXY-Z-FOLD7-1TB-SILVERSHADOW-EXCELLENT,200,,deny,manual,1397.99,2419.00,TRUE,TRUE,
samsung-galaxy-z-fold7,Samsung Galaxy Z Fold7,,,,,,Condition,Excellent,Storage,1TB,Color,Jetblack,SAMSUNG-GALAXY-Z-FOLD7-1TB-JETBLACK-EXCELLENT,200,,deny,manual,1397.99,2419.00,TRUE,TRUE,
samsung-galaxy-z-fold7,Samsung Galaxy Z Fold7,,,,,,Condition,Premium,Storage,256GB,Color,Blue Shadow,SAMSUNG-GALAXY-Z-FOLD7-256GB-BLUESHADOW-PREMIUM,200,,deny,manual,1348.99,1999.00,TRUE,TRUE,
samsung-galaxy-z-fold7,Samsung Galaxy Z Fold7,,,,,,Condition,Premium,Storage,256GB,Color,Silver Shadow,SAMSUNG-GALAXY-Z-FOLD7-256GB-SILVERSHADOW-PREMIUM,200,,deny,manual,1348.99,1999.00,TRUE,TRUE,
samsung-galaxy-z-fold7,Samsung Galaxy Z Fold7,,,,,,Condition,Premium,Storage,256GB,Color,Jetblack,SAMSUNG-GALAXY-Z-FOLD7-256GB-JETBLACK-PREMIUM,200,,deny,manual,1348.99,1999.00,TRUE,TRUE,
samsung-galaxy-z-fold7,Samsung Galaxy Z Fold7,,,,,,Condition,Premium,Storage,512GB,Color,Blue Shadow,SAMSUNG-GALAXY-Z-FOLD7-512GB-BLUESHADOW-PREMIUM,200,,deny,manual,1402.99,2119.00,TRUE,TRUE,
samsung-galaxy-z-fold7,Samsung Galaxy Z Fold7,,,,,,Condition,Premium,Storage,512GB,Color,Silver Shadow,SAMSUNG-GALAXY-Z-FOLD7-512GB-SILVERSHADOW-PREMIUM,200,,deny,manual,1402.99,2119.00,TRUE,TRUE,
samsung-galaxy-z-fold7,Samsung Galaxy Z Fold7,,,,,,Condition,Premium,Storage,512GB,Color,Jetblack,SAMSUNG-GALAXY-Z-FOLD7-512GB-JETBLACK-PREMIUM,200,,deny,manual,1402.99,2119.00,TRUE,TRUE,
samsung-galaxy-z-fold7,Samsung Galaxy Z Fold7,,,,,,Condition,Premium,Storage,1TB,Color,Blue Shadow,SAMSUNG-GALAXY-Z-FOLD7-1TB-BLUESHADOW-PREMIUM,200,,deny,manual,1537.99,2419.00,TRUE,TRUE,
samsung-galaxy-z-fold7,Samsung Galaxy Z Fold7,,,,,,Condition,Premium,Storage,1TB,Color,Silver Shadow,SAMSUNG-GALAXY-Z-FOLD7-1TB-SILVERSHADOW-PREMIUM,200,,deny,manual,1537.99,2419.00,TRUE,TRUE,
samsung-galaxy-z-fold7,Samsung Galaxy Z Fold7,,,,,,Condition,Premium,Storage,1TB,Color,Jetblack,SAMSUNG-GALAXY-Z-FOLD7-1TB-JETBLACK-PREMIUM,200,,deny,manual,1537.99,2419.00,TRUE,TRUE,
samsung-galaxy-a15-5g,Samsung Galaxy A15 5G,"<p>Samsung Galaxy A15 5G, unlocked. Professionally refurbished, tested on up to 100 points, wiped and reset. 1-year warranty and free 30-day returns.</p><p><strong>Premium</strong> grade includes a brand-new battery.</p>",Samsung,Smartphone,"condition:refurbished, Samsung, Samsung Galaxy, Android, Smartphones, unlocked",TRUE,Condition,Fair,Storage,128GB,Color,Blue Black,SAMSUNG-GALAXY-A15-5G-128GB-BLUEBLACK-FAIR,200,,deny,manual,80.99,199.00,TRUE,TRUE,draft
samsung-galaxy-a15-5g,Samsung Galaxy A15 5G,,,,,,Condition,Fair,Storage,128GB,Color,Light Blue,SAMSUNG-GALAXY-A15-5G-128GB-LIGHTBLUE-FAIR,200,,deny,manual,80.99,199.00,TRUE,TRUE,
samsung-galaxy-a15-5g,Samsung Galaxy A15 5G,,,,,,Condition,Good,Storage,128GB,Color,Blue Black,SAMSUNG-GALAXY-A15-5G-128GB-BLUEBLACK-GOOD,200,,deny,manual,89.99,199.00,TRUE,TRUE,
samsung-galaxy-a15-5g,Samsung Galaxy A15 5G,,,,,,Condition,Good,Storage,128GB,Color,Light Blue,SAMSUNG-GALAXY-A15-5G-128GB-LIGHTBLUE-GOOD,200,,deny,manual,89.99,199.00,TRUE,TRUE,
samsung-galaxy-a15-5g,Samsung Galaxy A15 5G,,,,,,Condition,Excellent,Storage,128GB,Color,Blue Black,SAMSUNG-GALAXY-A15-5G-128GB-BLUEBLACK-EXCELLENT,200,,deny,manual,99.99,199.00,TRUE,TRUE,
samsung-galaxy-a15-5g,Samsung Galaxy A15 5G,,,,,,Condition,Excellent,Storage,128GB,Color,Light Blue,SAMSUNG-GALAXY-A15-5G-128GB-LIGHTBLUE-EXCELLENT,200,,deny,manual,99.99,199.00,TRUE,TRUE,
samsung-galaxy-a15-5g,Samsung Galaxy A15 5G,,,,,,Condition,Premium,Storage,128GB,Color,Blue Black,SAMSUNG-GALAXY-A15-5G-128GB-BLUEBLACK-PREMIUM,200,,deny,manual,111.99,199.00,TRUE,TRUE,
samsung-galaxy-a15-5g,Samsung Galaxy A15 5G,,,,,,Condition,Premium,Storage,128GB,Color,Light Blue,SAMSUNG-GALAXY-A15-5G-128GB-LIGHTBLUE-PREMIUM,200,,deny,manual,111.99,199.00,TRUE,TRUE,
samsung-galaxy-a16-5g,Samsung Galaxy A16 5G,"<p>Samsung Galaxy A16 5G, unlocked. Professionally refurbished, tested on up to 100 points, wiped and reset. 1-year warranty and free 30-day returns.</p><p><strong>Premium</strong> grade includes a brand-new battery.</p>",Samsung,Smartphone,"condition:refurbished, Samsung, Samsung Galaxy, Android, Smartphones, unlocked",TRUE,Condition,Fair,Storage,128GB,Color,Black,SAMSUNG-GALAXY-A16-5G-128GB-BLACK-FAIR,200,,deny,manual,80.99,199.00,TRUE,TRUE,draft
samsung-galaxy-a16-5g,Samsung Galaxy A16 5G,,,,,,Condition,Fair,Storage,128GB,Color,Light Gray,SAMSUNG-GALAXY-A16-5G-128GB-LIGHTGRAY-FAIR,200,,deny,manual,80.99,199.00,TRUE,TRUE,
samsung-galaxy-a16-5g,Samsung Galaxy A16 5G,,,,,,Condition,Fair,Storage,128GB,Color,Light Green,SAMSUNG-GALAXY-A16-5G-128GB-LIGHTGREEN-FAIR,200,,deny,manual,80.99,199.00,TRUE,TRUE,
samsung-galaxy-a16-5g,Samsung Galaxy A16 5G,,,,,,Condition,Good,Storage,128GB,Color,Black,SAMSUNG-GALAXY-A16-5G-128GB-BLACK-GOOD,200,,deny,manual,89.99,199.00,TRUE,TRUE,
samsung-galaxy-a16-5g,Samsung Galaxy A16 5G,,,,,,Condition,Good,Storage,128GB,Color,Light Gray,SAMSUNG-GALAXY-A16-5G-128GB-LIGHTGRAY-GOOD,200,,deny,manual,89.99,199.00,TRUE,TRUE,
samsung-galaxy-a16-5g,Samsung Galaxy A16 5G,,,,,,Condition,Good,Storage,128GB,Color,Light Green,SAMSUNG-GALAXY-A16-5G-128GB-LIGHTGREEN-GOOD,200,,deny,manual,89.99,199.00,TRUE,TRUE,
samsung-galaxy-a16-5g,Samsung Galaxy A16 5G,,,,,,Condition,Excellent,Storage,128GB,Color,Black,SAMSUNG-GALAXY-A16-5G-128GB-BLACK-EXCELLENT,200,,deny,manual,99.99,199.00,TRUE,TRUE,
samsung-galaxy-a16-5g,Samsung Galaxy A16 5G,,,,,,Condition,Excellent,Storage,128GB,Color,Light Gray,SAMSUNG-GALAXY-A16-5G-128GB-LIGHTGRAY-EXCELLENT,200,,deny,manual,99.99,199.00,TRUE,TRUE,
samsung-galaxy-a16-5g,Samsung Galaxy A16 5G,,,,,,Condition,Excellent,Storage,128GB,Color,Light Green,SAMSUNG-GALAXY-A16-5G-128GB-LIGHTGREEN-EXCELLENT,200,,deny,manual,99.99,199.00,TRUE,TRUE,
samsung-galaxy-a16-5g,Samsung Galaxy A16 5G,,,,,,Condition,Premium,Storage,128GB,Color,Black,SAMSUNG-GALAXY-A16-5G-128GB-BLACK-PREMIUM,200,,deny,manual,111.99,199.00,TRUE,TRUE,
samsung-galaxy-a16-5g,Samsung Galaxy A16 5G,,,,,,Condition,Premium,Storage,128GB,Color,Light Gray,SAMSUNG-GALAXY-A16-5G-128GB-LIGHTGRAY-PREMIUM,200,,deny,manual,111.99,199.00,TRUE,TRUE,
samsung-galaxy-a16-5g,Samsung Galaxy A16 5G,,,,,,Condition,Premium,Storage,128GB,Color,Light Green,SAMSUNG-GALAXY-A16-5G-128GB-LIGHTGREEN-PREMIUM,200,,deny,manual,111.99,199.00,TRUE,TRUE,
samsung-galaxy-a35-5g,Samsung Galaxy A35 5G,"<p>Samsung Galaxy A35 5G, unlocked. Professionally refurbished, tested on up to 100 points, wiped and reset. 1-year warranty and free 30-day returns.</p><p><strong>Premium</strong> grade includes a brand-new battery.</p>",Samsung,Smartphone,"condition:refurbished, Samsung, Samsung Galaxy, Android, Smartphones, unlocked",TRUE,Condition,Fair,Storage,128GB,Color,Awesome Navy,SAMSUNG-GALAXY-A35-5G-128GB-AWESOMENAVY-FAIR,200,,deny,manual,161.99,399.00,TRUE,TRUE,draft
samsung-galaxy-a35-5g,Samsung Galaxy A35 5G,,,,,,Condition,Fair,Storage,128GB,Color,Awesome Iceblue,SAMSUNG-GALAXY-A35-5G-128GB-AWESOMEICEBLUE-FAIR,200,,deny,manual,161.99,399.00,TRUE,TRUE,
samsung-galaxy-a35-5g,Samsung Galaxy A35 5G,,,,,,Condition,Fair,Storage,128GB,Color,Awesome Lilac,SAMSUNG-GALAXY-A35-5G-128GB-AWESOMELILAC-FAIR,200,,deny,manual,161.99,399.00,TRUE,TRUE,
samsung-galaxy-a35-5g,Samsung Galaxy A35 5G,,,,,,Condition,Good,Storage,128GB,Color,Awesome Navy,SAMSUNG-GALAXY-A35-5G-128GB-AWESOMENAVY-GOOD,200,,deny,manual,179.99,399.00,TRUE,TRUE,
samsung-galaxy-a35-5g,Samsung Galaxy A35 5G,,,,,,Condition,Good,Storage,128GB,Color,Awesome Iceblue,SAMSUNG-GALAXY-A35-5G-128GB-AWESOMEICEBLUE-GOOD,200,,deny,manual,179.99,399.00,TRUE,TRUE,
samsung-galaxy-a35-5g,Samsung Galaxy A35 5G,,,,,,Condition,Good,Storage,128GB,Color,Awesome Lilac,SAMSUNG-GALAXY-A35-5G-128GB-AWESOMELILAC-GOOD,200,,deny,manual,179.99,399.00,TRUE,TRUE,
samsung-galaxy-a35-5g,Samsung Galaxy A35 5G,,,,,,Condition,Excellent,Storage,128GB,Color,Awesome Navy,SAMSUNG-GALAXY-A35-5G-128GB-AWESOMENAVY-EXCELLENT,200,,deny,manual,200.99,399.00,TRUE,TRUE,
samsung-galaxy-a35-5g,Samsung Galaxy A35 5G,,,,,,Condition,Excellent,Storage,128GB,Color,Awesome Iceblue,SAMSUNG-GALAXY-A35-5G-128GB-AWESOMEICEBLUE-EXCELLENT,200,,deny,manual,200.99,399.00,TRUE,TRUE,
samsung-galaxy-a35-5g,Samsung Galaxy A35 5G,,,,,,Condition,Excellent,Storage,128GB,Color,Awesome Lilac,SAMSUNG-GALAXY-A35-5G-128GB-AWESOMELILAC-EXCELLENT,200,,deny,manual,200.99,399.00,TRUE,TRUE,
samsung-galaxy-a35-5g,Samsung Galaxy A35 5G,,,,,,Condition,Premium,Storage,128GB,Color,Awesome Navy,SAMSUNG-GALAXY-A35-5G-128GB-AWESOMENAVY-PREMIUM,200,,deny,manual,223.99,399.00,TRUE,TRUE,
samsung-galaxy-a35-5g,Samsung Galaxy A35 5G,,,,,,Condition,Premium,Storage,128GB,Color,Awesome Iceblue,SAMSUNG-GALAXY-A35-5G-128GB-AWESOMEICEBLUE-PREMIUM,200,,deny,manual,223.99,399.00,TRUE,TRUE,
samsung-galaxy-a35-5g,Samsung Galaxy A35 5G,,,,,,Condition,Premium,Storage,128GB,Color,Awesome Lilac,SAMSUNG-GALAXY-A35-5G-128GB-AWESOMELILAC-PREMIUM,200,,deny,manual,223.99,399.00,TRUE,TRUE,
samsung-galaxy-a36-5g,Samsung Galaxy A36 5G,"<p>Samsung Galaxy A36 5G, unlocked. Professionally refurbished, tested on up to 100 points, wiped and reset. 1-year warranty and free 30-day returns.</p><p><strong>Premium</strong> grade includes a brand-new battery.</p>",Samsung,Smartphone,"condition:refurbished, Samsung, Samsung Galaxy, Android, Smartphones, unlocked",TRUE,Condition,Fair,Storage,128GB,Color,Awesome Black,SAMSUNG-GALAXY-A36-5G-128GB-AWESOMEBLACK-FAIR,200,,deny,manual,193.99,399.00,TRUE,TRUE,draft
samsung-galaxy-a36-5g,Samsung Galaxy A36 5G,,,,,,Condition,Fair,Storage,128GB,Color,Awesome Lavender,SAMSUNG-GALAXY-A36-5G-128GB-AWESOMELAVENDER-FAIR,200,,deny,manual,193.99,399.00,TRUE,TRUE,
samsung-galaxy-a36-5g,Samsung Galaxy A36 5G,,,,,,Condition,Fair,Storage,128GB,Color,Awesome White,SAMSUNG-GALAXY-A36-5G-128GB-AWESOMEWHITE-FAIR,200,,deny,manual,193.99,399.00,TRUE,TRUE,
samsung-galaxy-a36-5g,Samsung Galaxy A36 5G,,,,,,Condition,Fair,Storage,256GB,Color,Awesome Black,SAMSUNG-GALAXY-A36-5G-256GB-AWESOMEBLACK-FAIR,200,,deny,manual,220.99,459.00,TRUE,TRUE,
samsung-galaxy-a36-5g,Samsung Galaxy A36 5G,,,,,,Condition,Fair,Storage,256GB,Color,Awesome Lavender,SAMSUNG-GALAXY-A36-5G-256GB-AWESOMELAVENDER-FAIR,200,,deny,manual,220.99,459.00,TRUE,TRUE,
samsung-galaxy-a36-5g,Samsung Galaxy A36 5G,,,,,,Condition,Fair,Storage,256GB,Color,Awesome White,SAMSUNG-GALAXY-A36-5G-256GB-AWESOMEWHITE-FAIR,200,,deny,manual,220.99,459.00,TRUE,TRUE,
samsung-galaxy-a36-5g,Samsung Galaxy A36 5G,,,,,,Condition,Good,Storage,128GB,Color,Awesome Black,SAMSUNG-GALAXY-A36-5G-128GB-AWESOMEBLACK-GOOD,200,,deny,manual,214.99,399.00,TRUE,TRUE,
samsung-galaxy-a36-5g,Samsung Galaxy A36 5G,,,,,,Condition,Good,Storage,128GB,Color,Awesome Lavender,SAMSUNG-GALAXY-A36-5G-128GB-AWESOMELAVENDER-GOOD,200,,deny,manual,214.99,399.00,TRUE,TRUE,
samsung-galaxy-a36-5g,Samsung Galaxy A36 5G,,,,,,Condition,Good,Storage,128GB,Color,Awesome White,SAMSUNG-GALAXY-A36-5G-128GB-AWESOMEWHITE-GOOD,200,,deny,manual,214.99,399.00,TRUE,TRUE,
samsung-galaxy-a36-5g,Samsung Galaxy A36 5G,,,,,,Condition,Good,Storage,256GB,Color,Awesome Black,SAMSUNG-GALAXY-A36-5G-256GB-AWESOMEBLACK-GOOD,200,,deny,manual,241.99,459.00,TRUE,TRUE,
samsung-galaxy-a36-5g,Samsung Galaxy A36 5G,,,,,,Condition,Good,Storage,256GB,Color,Awesome Lavender,SAMSUNG-GALAXY-A36-5G-256GB-AWESOMELAVENDER-GOOD,200,,deny,manual,241.99,459.00,TRUE,TRUE,
samsung-galaxy-a36-5g,Samsung Galaxy A36 5G,,,,,,Condition,Good,Storage,256GB,Color,Awesome White,SAMSUNG-GALAXY-A36-5G-256GB-AWESOMEWHITE-GOOD,200,,deny,manual,241.99,459.00,TRUE,TRUE,
samsung-galaxy-a36-5g,Samsung Galaxy A36 5G,,,,,,Condition,Excellent,Storage,128GB,Color,Awesome Black,SAMSUNG-GALAXY-A36-5G-128GB-AWESOMEBLACK-EXCELLENT,200,,deny,manual,240.99,399.00,TRUE,TRUE,
samsung-galaxy-a36-5g,Samsung Galaxy A36 5G,,,,,,Condition,Excellent,Storage,128GB,Color,Awesome Lavender,SAMSUNG-GALAXY-A36-5G-128GB-AWESOMELAVENDER-EXCELLENT,200,,deny,manual,240.99,399.00,TRUE,TRUE,
samsung-galaxy-a36-5g,Samsung Galaxy A36 5G,,,,,,Condition,Excellent,Storage,128GB,Color,Awesome White,SAMSUNG-GALAXY-A36-5G-128GB-AWESOMEWHITE-EXCELLENT,200,,deny,manual,240.99,399.00,TRUE,TRUE,
samsung-galaxy-a36-5g,Samsung Galaxy A36 5G,,,,,,Condition,Excellent,Storage,256GB,Color,Awesome Black,SAMSUNG-GALAXY-A36-5G-256GB-AWESOMEBLACK-EXCELLENT,200,,deny,manual,267.99,459.00,TRUE,TRUE,
samsung-galaxy-a36-5g,Samsung Galaxy A36 5G,,,,,,Condition,Excellent,Storage,256GB,Color,Awesome Lavender,SAMSUNG-GALAXY-A36-5G-256GB-AWESOMELAVENDER-EXCELLENT,200,,deny,manual,267.99,459.00,TRUE,TRUE,
samsung-galaxy-a36-5g,Samsung Galaxy A36 5G,,,,,,Condition,Excellent,Storage,256GB,Color,Awesome White,SAMSUNG-GALAXY-A36-5G-256GB-AWESOMEWHITE-EXCELLENT,200,,deny,manual,267.99,459.00,TRUE,TRUE,
samsung-galaxy-a36-5g,Samsung Galaxy A36 5G,,,,,,Condition,Premium,Storage,128GB,Color,Awesome Black,SAMSUNG-GALAXY-A36-5G-128GB-AWESOMEBLACK-PREMIUM,200,,deny,manual,268.99,399.00,TRUE,TRUE,
samsung-galaxy-a36-5g,Samsung Galaxy A36 5G,,,,,,Condition,Premium,Storage,128GB,Color,Awesome Lavender,SAMSUNG-GALAXY-A36-5G-128GB-AWESOMELAVENDER-PREMIUM,200,,deny,manual,268.99,399.00,TRUE,TRUE,
samsung-galaxy-a36-5g,Samsung Galaxy A36 5G,,,,,,Condition,Premium,Storage,128GB,Color,Awesome White,SAMSUNG-GALAXY-A36-5G-128GB-AWESOMEWHITE-PREMIUM,200,,deny,manual,268.99,399.00,TRUE,TRUE,
samsung-galaxy-a36-5g,Samsung Galaxy A36 5G,,,,,,Condition,Premium,Storage,256GB,Color,Awesome Black,SAMSUNG-GALAXY-A36-5G-256GB-AWESOMEBLACK-PREMIUM,200,,deny,manual,295.99,459.00,TRUE,TRUE,
samsung-galaxy-a36-5g,Samsung Galaxy A36 5G,,,,,,Condition,Premium,Storage,256GB,Color,Awesome Lavender,SAMSUNG-GALAXY-A36-5G-256GB-AWESOMELAVENDER-PREMIUM,200,,deny,manual,295.99,459.00,TRUE,TRUE,
samsung-galaxy-a36-5g,Samsung Galaxy A36 5G,,,,,,Condition,Premium,Storage,256GB,Color,Awesome White,SAMSUNG-GALAXY-A36-5G-256GB-AWESOMEWHITE-PREMIUM,200,,deny,manual,295.99,459.00,TRUE,TRUE,
samsung-galaxy-a54-5g,Samsung Galaxy A54 5G,"<p>Samsung Galaxy A54 5G, unlocked. Professionally refurbished, tested on up to 100 points, wiped and reset. 1-year warranty and free 30-day returns.</p><p><strong>Premium</strong> grade includes a brand-new battery.</p>",Samsung,Smartphone,"condition:refurbished, Samsung, Samsung Galaxy, Android, Smartphones, unlocked",TRUE,Condition,Fair,Storage,128GB,Color,Awesome Black,SAMSUNG-GALAXY-A54-5G-128GB-AWESOMEBLACK-FAIR,200,,deny,manual,151.99,449.00,TRUE,TRUE,draft
samsung-galaxy-a54-5g,Samsung Galaxy A54 5G,,,,,,Condition,Fair,Storage,128GB,Color,Awesome White,SAMSUNG-GALAXY-A54-5G-128GB-AWESOMEWHITE-FAIR,200,,deny,manual,151.99,449.00,TRUE,TRUE,
samsung-galaxy-a54-5g,Samsung Galaxy A54 5G,,,,,,Condition,Fair,Storage,128GB,Color,Awesome Violet,SAMSUNG-GALAXY-A54-5G-128GB-AWESOMEVIOLET-FAIR,200,,deny,manual,151.99,449.00,TRUE,TRUE,
samsung-galaxy-a54-5g,Samsung Galaxy A54 5G,,,,,,Condition,Good,Storage,128GB,Color,Awesome Black,SAMSUNG-GALAXY-A54-5G-128GB-AWESOMEBLACK-GOOD,200,,deny,manual,167.99,449.00,TRUE,TRUE,
samsung-galaxy-a54-5g,Samsung Galaxy A54 5G,,,,,,Condition,Good,Storage,128GB,Color,Awesome White,SAMSUNG-GALAXY-A54-5G-128GB-AWESOMEWHITE-GOOD,200,,deny,manual,167.99,449.00,TRUE,TRUE,
samsung-galaxy-a54-5g,Samsung Galaxy A54 5G,,,,,,Condition,Good,Storage,128GB,Color,Awesome Violet,SAMSUNG-GALAXY-A54-5G-128GB-AWESOMEVIOLET-GOOD,200,,deny,manual,167.99,449.00,TRUE,TRUE,
samsung-galaxy-a54-5g,Samsung Galaxy A54 5G,,,,,,Condition,Excellent,Storage,128GB,Color,Awesome Black,SAMSUNG-GALAXY-A54-5G-128GB-AWESOMEBLACK-EXCELLENT,200,,deny,manual,188.99,449.00,TRUE,TRUE,
samsung-galaxy-a54-5g,Samsung Galaxy A54 5G,,,,,,Condition,Excellent,Storage,128GB,Color,Awesome White,SAMSUNG-GALAXY-A54-5G-128GB-AWESOMEWHITE-EXCELLENT,200,,deny,manual,188.99,449.00,TRUE,TRUE,
samsung-galaxy-a54-5g,Samsung Galaxy A54 5G,,,,,,Condition,Excellent,Storage,128GB,Color,Awesome Violet,SAMSUNG-GALAXY-A54-5G-128GB-AWESOMEVIOLET-EXCELLENT,200,,deny,manual,188.99,449.00,TRUE,TRUE,
samsung-galaxy-a54-5g,Samsung Galaxy A54 5G,,,,,,Condition,Premium,Storage,128GB,Color,Awesome Black,SAMSUNG-GALAXY-A54-5G-128GB-AWESOMEBLACK-PREMIUM,200,,deny,manual,209.99,449.00,TRUE,TRUE,
samsung-galaxy-a54-5g,Samsung Galaxy A54 5G,,,,,,Condition,Premium,Storage,128GB,Color,Awesome White,SAMSUNG-GALAXY-A54-5G-128GB-AWESOMEWHITE-PREMIUM,200,,deny,manual,209.99,449.00,TRUE,TRUE,
samsung-galaxy-a54-5g,Samsung Galaxy A54 5G,,,,,,Condition,Premium,Storage,128GB,Color,Awesome Violet,SAMSUNG-GALAXY-A54-5G-128GB-AWESOMEVIOLET-PREMIUM,200,,deny,manual,209.99,449.00,TRUE,TRUE,
